Sample 2026_5_15_hg_massive_0.01_0.0_0.0285_6.0_short_range does not exist. Exceute a new sample.
[ITP]: 10000.496424741636
[ITP]: 3.468948764850932e-6
[ITP]: 2.0119768988635656e-6
[ITP]: 1.2363970314233086e-6
[ITP]: 7.802127368616851e-7
[ITP]: 5.004886823867238e-7
[ITP]: 3.247063635747338e-7
[ITP]: 2.1241854042397534e-7
[ITP]: 1.3984492786001113e-7
[ITP]: 9.25260389417204e-8
[ITP]: 6.146357944825098e-8
[ITP]: 4.0962812142275595e-8
[ITP]: 2.737382170936442e-8
[ITP]: 1.8334269435982264e-8
[ITP]: 1.2303307206362746e-8
[ITP]: 8.269649631742482e-9
[ITP]: 5.566198502116038e-9
[ITP]: 3.7510526906814334e-9
[ITP]: 2.530471499007092e-9
[ITP]: 1.7086173587088638e-9
[ITP]: 1.154605577813328e-9
[ITP]: 7.807770541212733e-10
[ITP]: 5.283077308959605e-10
[ITP]: 3.576713369923823e-10
[ITP]: 2.422650968725293e-10
[ITP]: 1.6416579207145787e-10
[ITP]: 1.1128536980820058e-10
[ITP]: 7.546496760824084e-11
[ITP]: 5.119060730862657e-11
[ITP]: 3.4733049769641866e-11
[ITP]: 2.3571977703085167e-11
[ITP]: 1.6002199565434694e-11
[ITP]: 1.086369882941085e-11
[ITP]: 7.378653243961253e-12
[ITP]: 5.010714065889488e-12
[ITP]: 3.4039993046519612e-12
[ITP]: 2.313038649504051e-12
[ITP]: 1.570410468332284e-12
[ITP]: 1.0681455719918631e-12
[ITP]: 7.265299473147024e-13
[ITP]: 4.919398222114069e-13
[ITP]: 3.346212196220222e-13
[ITP]: 2.2842838731662596e-13
[ITP]: 1.5498713423767185e-13
[ITP]: 1.0536016503692736e-13
[ITP]: 7.188694084447889e-14
[ITP]: 4.801714581503802e-14
[ITP]: 3.347322419244847e-14
[ITP]: 2.3148150063434514e-14
[ITP]: 1.4432899320127035e-14
[ITP]: 1.1102230246251565e-14
[ITP]: 7.16093850883226e-15
[ITP]: 4.440892098500626e-15
[ITP]: 2.6645352591003757e-15
[ITP]: 2.831068712794149e-15
[ITP]: 1.4988010832439613e-15
[ITP]: 6.661338147750939e-16
[ITP]: 7.771561172376096e-16
[ITP]: 5.551115123125783e-16
[ITP]: 2.220446049250313e-16
[ITP]: 4.440892098500626e-16
[ITP]: 6.106226635438361e-16
[ITP]: 7.216449660063518e-16
[ITP]: 4.440892098500626e-16
[ITP]: 4.440892098500626e-16
[ITP]: 3.3306690738754696e-16
[ITP]: 1.1102230246251565e-15
[ITP]: 1.1102230246251565e-16
[ITP]: 7.216449660063518e-16
[ITP]: 1.1102230246251565e-16
[ITP]: 8.326672684688674e-16
[ITP]: 7.216449660063518e-16
[ITP]: 2.7755575615628914e-16
[ITP]: 4.996003610813204e-16
[ITP]: 4.440892098500626e-16
[ITP]: 4.440892098500626e-16
[ITP]: 1.6653345369377348e-16
[ITP]: 4.996003610813204e-16
[ITP]: 1.1657341758564144e-15
[ITP]: 1.1102230246251565e-16
[ITP]: 0.0
[TDSE] Runing TDSE-SH-linear (length gauge, dipole form). step 0 energy = -0.4964336949924361, norm_value = 1.0 + 0.0im, bound_norm=1.0, free_norm=0.0 + 0.0im
     | block_size = 3 
[TDSE] Runing TDSE-SH-linear (length gauge, dipole form). step 200 energy = -0.4964336949263906, norm_value = 1.0 + 0.0im, bound_norm=1.0, free_norm=0.0 + 0.0im
     | block_size = 3 
[TDSE] Runing TDSE-SH-linear (length gauge, dipole form). step 400 energy = -0.496433694176191, norm_value = 1.0 + 0.0im, bound_norm=1.0, free_norm=0.0 + 0.0im
     | block_size = 3 
[TDSE] Runing TDSE-SH-linear (length gauge, dipole form). step 600 energy = -0.49643369241398927, norm_value = 1.0 + 0.0im, bound_norm=1.0, free_norm=0.0 + 0.0im
     | block_size = 3 
[TDSE] Runing TDSE-SH-linear (length gauge, dipole form). step 800 energy = -0.496433691759549, norm_value = 1.0 + 0.0im, bound_norm=1.0, free_norm=0.0 + 0.0im
     | block_size = 3 
[TDSE] Runing TDSE-SH-linear (length gauge, dipole form). step 1000 energy = -0.49643369373732626, norm_value = 1.0 + 0.0im, bound_norm=1.0, free_norm=0.0 + 0.0im
     | block_size = 3 
[TDSE] Runing TDSE-SH-linear (length gauge, dipole form). step 1200 energy = -0.4964336929509296, norm_value = 1.0 + 0.0im, bound_norm=1.0, free_norm=0.0 + 0.0im
     | block_size = 3 
[TDSE] Runing TDSE-SH-linear (length gauge, dipole form). step 1400 energy = -0.49643366653786486, norm_value = 1.0 + 0.0im, bound_norm=1.0, free_norm=0.0 + 0.0im
     | block_size = 4 
[TDSE] Runing TDSE-SH-linear (length gauge, dipole form). step 1600 energy = -0.4964335759016318, norm_value = 1.0 + 0.0im, bound_norm=1.0, free_norm=0.0 + 0.0im
     | block_size = 4 
[TDSE] Runing TDSE-SH-linear (length gauge, dipole form). step 1800 energy = -0.4964333787950161, norm_value = 1.0 + 0.0im, bound_norm=1.0, free_norm=0.0 + 0.0im
     | block_size = 4 
[TDSE] Runing TDSE-SH-linear (length gauge, dipole form). step 2000 energy = -0.4964330728335408, norm_value = 1.0 + 0.0im, bound_norm=1.0, free_norm=0.0 + 0.0im
     | block_size = 4 
[TDSE] Runing TDSE-SH-linear (length gauge, dipole form). step 2200 energy = -0.4964327072475931, norm_value = 1.0 + 0.0im, bound_norm=1.0, free_norm=0.0 + 0.0im
     | block_size = 4 
[TDSE] Runing TDSE-SH-linear (length gauge, dipole form). step 2400 energy = -0.49643241062788407, norm_value = 1.0 + 0.0im, bound_norm=1.0, free_norm=0.0 + 0.0im
     | block_size = 5 
[TDSE] Runing TDSE-SH-linear (length gauge, dipole form). step 2600 energy = -0.49643233900440165, norm_value = 1.0 + 0.0im, bound_norm=1.0, free_norm=0.0 + 0.0im
     | block_size = 5 
[TDSE] Runing TDSE-SH-linear (length gauge, dipole form). step 2800 energy = -0.49643258193206735, norm_value = 1.0 + 0.0im, bound_norm=1.0, free_norm=0.0 + 0.0im
     | block_size = 6 
[TDSE] Runing TDSE-SH-linear (length gauge, dipole form). step 3000 energy = -0.49643309109813083, norm_value = 1.0 + 0.0im, bound_norm=1.0, free_norm=0.0 + 0.0im
     | block_size = 6 
[TDSE] Runing TDSE-SH-linear (length gauge, dipole form). step 3200 energy = -0.4964335773480546, norm_value = 1.0 + 0.0im, bound_norm=1.0, free_norm=0.0 + 0.0im
     | block_size = 6 
[TDSE] Runing TDSE-SH-linear (length gauge, dipole form). step 3400 energy = -0.4964335805069224, norm_value = 1.0 + 0.0im, bound_norm=1.0, free_norm=0.0 + 0.0im
     | block_size = 6 
[TDSE] Runing TDSE-SH-linear (length gauge, dipole form). step 3600 energy = -0.4964325946509021, norm_value = 1.0 + 0.0im, bound_norm=1.0, free_norm=0.0 + 0.0im
     | block_size = 6 
[TDSE] Runing TDSE-SH-linear (length gauge, dipole form). step 3800 energy = -0.4964303322939475, norm_value = 1.0 + 0.0im, bound_norm=0.999999, free_norm=1.0e-6 + 0.0im
     | block_size = 5 
[TDSE] Runing TDSE-SH-linear (length gauge, dipole form). step 4000 energy = -0.49642692532983196, norm_value = 1.0 + 0.0im, bound_norm=0.999998, free_norm=2.0e-6 + 0.0im
     | block_size = 5 
[TDSE] Runing TDSE-SH-linear (length gauge, dipole form). step 4200 energy = -0.4964230818944594, norm_value = 1.0 + 0.0im, bound_norm=0.999997, free_norm=3.0e-6 + 0.0im
     | block_size = 5 
[TDSE] Runing TDSE-SH-linear (length gauge, dipole form). step 4400 energy = -0.4964199405632819, norm_value = 1.0 + 0.0im, bound_norm=0.999996, free_norm=4.0e-6 + 0.0im
     | block_size = 7 
[TDSE] Runing TDSE-SH-linear (length gauge, dipole form). step 4600 energy = -0.49641868336211153, norm_value = 1.0 + 0.0im, bound_norm=0.999995, free_norm=5.0e-6 + 0.0im
     | block_size = 9 
[TDSE] Runing TDSE-SH-linear (length gauge, dipole form). step 4800 energy = -0.49642010634219647, norm_value = 1.0 + 0.0im, bound_norm=0.999996, free_norm=4.0e-6 + 0.0im
     | block_size = 11 
[TDSE] Runing TDSE-SH-linear (length gauge, dipole form). step 5000 energy = -0.4964239850765367, norm_value = 1.0 + 0.0im, bound_norm=0.999997, free_norm=3.0e-6 + 0.0im
     | block_size = 13 
[TDSE] Runing TDSE-SH-linear (length gauge, dipole form). step 5200 energy = -0.4964289923311591, norm_value = 1.0 + 0.0im, bound_norm=0.999999, free_norm=1.0e-6 + 0.0im
     | block_size = 14 
[TDSE] Runing TDSE-SH-linear (length gauge, dipole form). step 5400 energy = -0.49643285237251406, norm_value = 1.0 + 0.0im, bound_norm=1.0, free_norm=0.0 + 0.0im
     | block_size = 15 
[TDSE] Runing TDSE-SH-linear (length gauge, dipole form). step 5600 energy = -0.4964330426923907, norm_value = 1.0 + 0.0im, bound_norm=1.0, free_norm=0.0 + 0.0im
     | block_size = 15 
[TDSE] Runing TDSE-SH-linear (length gauge, dipole form). step 5800 energy = -0.49642778106310026, norm_value = 1.0 + 0.0im, bound_norm=0.999998, free_norm=2.0e-6 + 0.0im
     | block_size = 14 
[TDSE] Runing TDSE-SH-linear (length gauge, dipole form). step 6000 energy = -0.49641693191301417, norm_value = 1.0 + 0.0im, bound_norm=0.999995, free_norm=5.0e-6 + 0.0im
     | block_size = 13 
[TDSE] Runing TDSE-SH-linear (length gauge, dipole form). step 6200 energy = -0.4964024708324986, norm_value = 1.0 + 0.0im, bound_norm=0.99999, free_norm=1.0e-5 + 0.0im
     | block_size = 9 
[TDSE] Runing TDSE-SH-linear (length gauge, dipole form). step 6400 energy = -0.4963881469734002, norm_value = 1.0 + 0.0im, bound_norm=0.999986, free_norm=1.4e-5 + 0.0im
     | block_size = 7 
[TDSE] Runing TDSE-SH-linear (length gauge, dipole form). step 6600 energy = -0.49637855427977695, norm_value = 1.0 + 0.0im, bound_norm=0.999983, free_norm=1.7e-5 + 0.0im
     | block_size = 10 
[TDSE] Runing TDSE-SH-linear (length gauge, dipole form). step 6800 energy = -0.4963772778052234, norm_value = 1.0 + 0.0im, bound_norm=0.999983, free_norm=1.7e-5 + 0.0im
     | block_size = 14 
[TDSE] Runing TDSE-SH-linear (length gauge, dipole form). step 7000 energy = -0.4963855368436558, norm_value = 1.0 + 0.0im, bound_norm=0.999985, free_norm=1.5e-5 + 0.0im
     | block_size = 19 
[TDSE] Runing TDSE-SH-linear (length gauge, dipole form). step 7200 energy = -0.49640111949159105, norm_value = 1.0 + 0.0im, bound_norm=0.99999, free_norm=1.0e-5 + 0.0im
     | block_size = 22 
[TDSE] Runing TDSE-SH-linear (length gauge, dipole form). step 7400 energy = -0.4964186156610407, norm_value = 1.0 + 0.0im, bound_norm=0.999995, free_norm=5.0e-6 + 0.0im
     | block_size = 25 
[TDSE] Runing TDSE-SH-linear (length gauge, dipole form). step 7600 energy = -0.49643103210332645, norm_value = 1.0 + 0.0im, bound_norm=0.999999, free_norm=1.0e-6 + 0.0im
     | block_size = 26 
[TDSE] Runing TDSE-SH-linear (length gauge, dipole form). step 7800 energy = -0.49643199057417764, norm_value = 1.0 + 0.0im, bound_norm=1.0, free_norm=0.0 + 0.0im
     | block_size = 26 
[TDSE] Runing TDSE-SH-linear (length gauge, dipole form). step 8000 energy = -0.4964182706985827, norm_value = 1.0 + 0.0im, bound_norm=0.999995, free_norm=5.0e-6 + 0.0im
     | block_size = 25 
[TDSE] Runing TDSE-SH-linear (length gauge, dipole form). step 8200 energy = -0.496391361453916, norm_value = 1.0 + 0.0im, bound_norm=0.999987, free_norm=1.3e-5 + 0.0im
     | block_size = 22 
[TDSE] Runing TDSE-SH-linear (length gauge, dipole form). step 8400 energy = -0.4963577276745736, norm_value = 1.0 + 0.0im, bound_norm=0.999977, free_norm=2.3e-5 + 0.0im
     | block_size = 17 
[TDSE] Runing TDSE-SH-linear (length gauge, dipole form). step 8600 energy = -0.49632700493717896, norm_value = 1.0 + 0.0im, bound_norm=0.999967, free_norm=3.3e-5 + 0.0im
     | block_size = 10 
[TDSE] Runing TDSE-SH-linear (length gauge, dipole form). step 8800 energy = -0.496309180146541, norm_value = 1.0 + 0.0im, bound_norm=0.999962, free_norm=3.8e-5 + 0.0im
     | block_size = 12 
[TDSE] Runing TDSE-SH-linear (length gauge, dipole form). step 9000 energy = -0.4963108304558159, norm_value = 1.0 + 0.0im, bound_norm=0.999962, free_norm=3.8e-5 + 0.0im
     | block_size = 18 
[TDSE] Runing TDSE-SH-linear (length gauge, dipole form). step 9200 energy = -0.4963323312545932, norm_value = 1.0 + 0.0im, bound_norm=0.999969, free_norm=3.1e-5 + 0.0im
     | block_size = 24 
[TDSE] Runing TDSE-SH-linear (length gauge, dipole form). step 9400 energy = -0.4963672445808585, norm_value = 1.0 + 0.0im, bound_norm=0.99998, free_norm=2.0e-5 + 0.0im
     | block_size = 29 
[TDSE] Runing TDSE-SH-linear (length gauge, dipole form). step 9600 energy = -0.49640369675645823, norm_value = 1.0 + 0.0im, bound_norm=0.999991, free_norm=9.0e-6 + 0.0im
     | block_size = 33 
[TDSE] Runing TDSE-SH-linear (length gauge, dipole form). step 9800 energy = -0.4964283748549418, norm_value = 1.0 + 0.0im, bound_norm=0.999998, free_norm=2.0e-6 + 0.0im
     | block_size = 35 
[TDSE] Runing TDSE-SH-linear (length gauge, dipole form). step 10000 energy = -0.4964308453419434, norm_value = 1.0 + 0.0im, bound_norm=0.999999, free_norm=1.0e-6 + 0.0im
     | block_size = 35 
[TDSE] Runing TDSE-SH-linear (length gauge, dipole form). step 10200 energy = -0.4964074099797354, norm_value = 1.0 + 0.0im, bound_norm=0.999992, free_norm=8.0e-6 + 0.0im
     | block_size = 33 
[TDSE] Runing TDSE-SH-linear (length gauge, dipole form). step 10400 energy = -0.49636282191251946, norm_value = 1.0 + 0.0im, bound_norm=0.999978, free_norm=2.2e-5 + 0.0im
     | block_size = 29 
[TDSE] Runing TDSE-SH-linear (length gauge, dipole form). step 10600 energy = -0.4963094578255424, norm_value = 1.0 + 0.0im, bound_norm=0.999962, free_norm=3.8e-5 + 0.0im
     | block_size = 24 
[TDSE] Runing TDSE-SH-linear (length gauge, dipole form). step 10800 energy = -0.4962636185253926, norm_value = 1.0 + 0.0im, bound_norm=0.999948, free_norm=5.2e-5 + 0.0im
     | block_size = 16 
[TDSE] Runing TDSE-SH-linear (length gauge, dipole form). step 11000 energy = -0.496240219524926, norm_value = 1.0 + 0.0im, bound_norm=0.999941, free_norm=5.9e-5 + 0.0im
     | block_size = 16 
[TDSE] Runing TDSE-SH-linear (length gauge, dipole form). step 11200 energy = -0.4962476257542264, norm_value = 1.0 + 0.0im, bound_norm=0.999943, free_norm=5.7e-5 + 0.0im
     | block_size = 21 
[TDSE] Runing TDSE-SH-linear (length gauge, dipole form). step 11400 energy = -0.4962839574726318, norm_value = 1.0 + 0.0im, bound_norm=0.999954, free_norm=4.6e-5 + 0.0im
     | block_size = 28 
[TDSE] Runing TDSE-SH-linear (length gauge, dipole form). step 11600 energy = -0.49633771162787876, norm_value = 1.0 + 0.0im, bound_norm=0.999971, free_norm=2.9e-5 + 0.0im
     | block_size = 34 
[TDSE] Runing TDSE-SH-linear (length gauge, dipole form). step 11800 energy = -0.4963910947032433, norm_value = 1.0 + 0.0im, bound_norm=0.999987, free_norm=1.3e-5 + 0.0im
     | block_size = 39 
[TDSE] Runing TDSE-SH-linear (length gauge, dipole form). step 12000 energy = -0.4964260629887841, norm_value = 1.0 + 0.0im, bound_norm=0.999998, free_norm=2.0e-6 + 0.0im
     | block_size = 42 
[TDSE] Runing TDSE-SH-linear (length gauge, dipole form). step 12200 energy = -0.4964302563683223, norm_value = 1.0 + 0.0im, bound_norm=0.999999, free_norm=1.0e-6 + 0.0im
     | block_size = 42 
[TDSE] Runing TDSE-SH-linear (length gauge, dipole form). step 12400 energy = -0.4964010870971519, norm_value = 1.0 + 0.0im, bound_norm=0.99999, free_norm=1.0e-5 + 0.0im
     | block_size = 40 
[TDSE] Runing TDSE-SH-linear (length gauge, dipole form). step 12600 energy = -0.4963468259257862, norm_value = 1.0 + 0.0im, bound_norm=0.999973, free_norm=2.7e-5 + 0.0im
     | block_size = 35 
[TDSE] Runing TDSE-SH-linear (length gauge, dipole form). step 12800 energy = -0.4962842251936963, norm_value = 1.0 + 0.0im, bound_norm=0.999954, free_norm=4.6e-5 + 0.0im
     | block_size = 28 
[TDSE] Runing TDSE-SH-linear (length gauge, dipole form). step 13000 energy = -0.4962333434889477, norm_value = 1.0 + 0.0im, bound_norm=0.999939, free_norm=6.1e-5 + 0.0im
     | block_size = 22 
[TDSE] Runing TDSE-SH-linear (length gauge, dipole form). step 13200 energy = -0.4962106874800869, norm_value = 1.0 + 0.0im, bound_norm=0.999932, free_norm=6.8e-5 + 0.0im
     | block_size = 18 
[TDSE] Runing TDSE-SH-linear (length gauge, dipole form). step 13400 energy = -0.49622384418507015, norm_value = 1.0 + 0.0im, bound_norm=0.999936, free_norm=6.4e-5 + 0.0im
     | block_size = 23 
[TDSE] Runing TDSE-SH-linear (length gauge, dipole form). step 13600 energy = -0.4962683893614183, norm_value = 1.0 + 0.0im, bound_norm=0.999949, free_norm=5.1e-5 + 0.0im
     | block_size = 32 
[TDSE] Runing TDSE-SH-linear (length gauge, dipole form). step 13800 energy = -0.4963297462153254, norm_value = 1.0 + 0.0im, bound_norm=0.999968, free_norm=3.2e-5 + 0.0im
     | block_size = 38 
[TDSE] Runing TDSE-SH-linear (length gauge, dipole form). step 14000 energy = -0.4963882017036026, norm_value = 1.0 + 0.0im, bound_norm=0.999986, free_norm=1.4e-5 + 0.0im
     | block_size = 43 
[TDSE] Runing TDSE-SH-linear (length gauge, dipole form). step 14200 energy = -0.4964254538850719, norm_value = 1.0 + 0.0im, bound_norm=0.999998, free_norm=2.0e-6 + 0.0im
     | block_size = 47 
[TDSE] Runing TDSE-SH-linear (length gauge, dipole form). step 14400 energy = -0.49643056745537734, norm_value = 1.0 + 0.0im, bound_norm=0.999999, free_norm=1.0e-6 + 0.0im
     | block_size = 47 
[TDSE] Runing TDSE-SH-linear (length gauge, dipole form). step 14600 energy = -0.4964031149908131, norm_value = 1.0 + 0.0im, bound_norm=0.999991, free_norm=9.0e-6 + 0.0im
     | block_size = 44 
[TDSE] Runing TDSE-SH-linear (length gauge, dipole form). step 14800 energy = -0.49635311137643867, norm_value = 1.0 + 0.0im, bound_norm=0.999975, free_norm=2.5e-5 + 0.0im
     | block_size = 40 
[TDSE] Runing TDSE-SH-linear (length gauge, dipole form). step 15000 energy = -0.496297558717381, norm_value = 1.0 + 0.0im, bound_norm=0.999958, free_norm=4.2e-5 + 0.0im
     | block_size = 34 
[TDSE] Runing TDSE-SH-linear (length gauge, dipole form). step 15200 energy = -0.49625498316249056, norm_value = 1.0 + 0.0im, bound_norm=0.999945, free_norm=5.5e-5 + 0.0im
     | block_size = 26 
[TDSE] Runing TDSE-SH-linear (length gauge, dipole form). step 15400 energy = -0.4962390757106139, norm_value = 1.0 + 0.0im, bound_norm=0.99994, free_norm=6.0e-5 + 0.0im
     | block_size = 18 
[TDSE] Runing TDSE-SH-linear (length gauge, dipole form). step 15600 energy = -0.49625449458378473, norm_value = 1.0 + 0.0im, bound_norm=0.999945, free_norm=5.5e-5 + 0.0im
     | block_size = 24 
[TDSE] Runing TDSE-SH-linear (length gauge, dipole form). step 15800 energy = -0.49629552480990435, norm_value = 1.0 + 0.0im, bound_norm=0.999958, free_norm=4.2e-5 + 0.0im
     | block_size = 34 
[TDSE] Runing TDSE-SH-linear (length gauge, dipole form). step 16000 energy = -0.4963484892124358, norm_value = 1.0 + 0.0im, bound_norm=0.999974, free_norm=2.6e-5 + 0.0im
     | block_size = 43 
[TDSE] Runing TDSE-SH-linear (length gauge, dipole form). step 16200 energy = -0.4963969507623971, norm_value = 1.0 + 0.0im, bound_norm=0.999989, free_norm=1.1e-5 + 0.0im
     | block_size = 48 
[TDSE] Runing TDSE-SH-linear (length gauge, dipole form). step 16400 energy = -0.49642698168349136, norm_value = 1.0 + 0.0im, bound_norm=0.999998, free_norm=2.0e-6 + 0.0im
     | block_size = 51 
[TDSE] Runing TDSE-SH-linear (length gauge, dipole form). step 16600 energy = -0.49643155287899676, norm_value = 1.0 + 0.0im, bound_norm=0.999999, free_norm=1.0e-6 + 0.0im
     | block_size = 52 
[TDSE] Runing TDSE-SH-linear (length gauge, dipole form). step 16800 energy = -0.4964121177990093, norm_value = 1.0 + 0.0im, bound_norm=0.999993, free_norm=7.0e-6 + 0.0im
     | block_size = 50 
[TDSE] Runing TDSE-SH-linear (length gauge, dipole form). step 17000 energy = -0.496377597200994, norm_value = 1.0 + 0.0im, bound_norm=0.999983, free_norm=1.7e-5 + 0.0im
     | block_size = 45 
[TDSE] Runing TDSE-SH-linear (length gauge, dipole form). step 17200 energy = -0.4963409504228094, norm_value = 1.0 + 0.0im, bound_norm=0.999972, free_norm=2.8e-5 + 0.0im
     | block_size = 37 
[TDSE] Runing TDSE-SH-linear (length gauge, dipole form). step 17400 energy = -0.4963148643538397, norm_value = 1.0 + 0.0im, bound_norm=0.999964, free_norm=3.6e-5 + 0.0im
     | block_size = 31 
[TDSE] Runing TDSE-SH-linear (length gauge, dipole form). step 17600 energy = -0.4963075644632371, norm_value = 1.0 + 0.0im, bound_norm=0.999961, free_norm=3.9e-5 + 0.0im
     | block_size = 27 
[TDSE] Runing TDSE-SH-linear (length gauge, dipole form). step 17800 energy = -0.49632049535569717, norm_value = 1.0 + 0.0im, bound_norm=0.999965, free_norm=3.5e-5 + 0.0im
     | block_size = 24 
[TDSE] Runing TDSE-SH-linear (length gauge, dipole form). step 18000 energy = -0.4963486207078981, norm_value = 1.0 + 0.0im, bound_norm=0.999974, free_norm=2.6e-5 + 0.0im
     | block_size = 33 
[TDSE] Runing TDSE-SH-linear (length gauge, dipole form). step 18200 energy = -0.4963824947165184, norm_value = 1.0 + 0.0im, bound_norm=0.999984, free_norm=1.6e-5 + 0.0im
     | block_size = 40 
[TDSE] Runing TDSE-SH-linear (length gauge, dipole form). step 18400 energy = -0.496412052939249, norm_value = 1.0 + 0.0im, bound_norm=0.999993, free_norm=7.0e-6 + 0.0im
     | block_size = 46 
[TDSE] Runing TDSE-SH-linear (length gauge, dipole form). step 18600 energy = -0.49642973765505793, norm_value = 1.0 + 0.0im, bound_norm=0.999999, free_norm=1.0e-6 + 0.0im
     | block_size = 49 
[TDSE] Runing TDSE-SH-linear (length gauge, dipole form). step 18800 energy = -0.4964326387579092, norm_value = 1.0 + 0.0im, bound_norm=1.0, free_norm=0.0 + 0.0im
     | block_size = 49 
[TDSE] Runing TDSE-SH-linear (length gauge, dipole form). step 19000 energy = -0.49642280750589857, norm_value = 1.0 + 0.0im, bound_norm=0.999997, free_norm=3.0e-6 + 0.0im
     | block_size = 47 
[TDSE] Runing TDSE-SH-linear (length gauge, dipole form). step 19200 energy = -0.49640597650721696, norm_value = 1.0 + 0.0im, bound_norm=0.999991, free_norm=9.0e-6 + 0.0im
     | block_size = 43 
[TDSE] Runing TDSE-SH-linear (length gauge, dipole form). step 19400 energy = -0.4963892416219475, norm_value = 1.0 + 0.0im, bound_norm=0.999986, free_norm=1.4e-5 + 0.0im
     | block_size = 37 
[TDSE] Runing TDSE-SH-linear (length gauge, dipole form). step 19600 energy = -0.49637860753484614, norm_value = 1.0 + 0.0im, bound_norm=0.999983, free_norm=1.7e-5 + 0.0im
     | block_size = 30 
[TDSE] Runing TDSE-SH-linear (length gauge, dipole form). step 19800 energy = -0.49637727559832845, norm_value = 1.0 + 0.0im, bound_norm=0.999983, free_norm=1.7e-5 + 0.0im
     | block_size = 23 
[TDSE] Runing TDSE-SH-linear (length gauge, dipole form). step 20000 energy = -0.4963848833872274, norm_value = 1.0 + 0.0im, bound_norm=0.999985, free_norm=1.5e-5 + 0.0im
     | block_size = 24 
[TDSE] Runing TDSE-SH-linear (length gauge, dipole form). step 20200 energy = -0.4963983587155838, norm_value = 1.0 + 0.0im, bound_norm=0.999989, free_norm=1.1e-5 + 0.0im
     | block_size = 27 
[TDSE] Runing TDSE-SH-linear (length gauge, dipole form). step 20400 energy = -0.49641321979764513, norm_value = 1.0 + 0.0im, bound_norm=0.999994, free_norm=6.0e-6 + 0.0im
     | block_size = 34 
[TDSE] Runing TDSE-SH-linear (length gauge, dipole form). step 20600 energy = -0.49642533205699196, norm_value = 1.0 + 0.0im, bound_norm=0.999997, free_norm=3.0e-6 + 0.0im
     | block_size = 38 
[TDSE] Runing TDSE-SH-linear (length gauge, dipole form). step 20800 energy = -0.49643219182393605, norm_value = 1.0 + 0.0im, bound_norm=1.0, free_norm=0.0 + 0.0im
     | block_size = 40 
[TDSE] Runing TDSE-SH-linear (length gauge, dipole form). step 21000 energy = -0.49643336333677074, norm_value = 1.0 + 0.0im, bound_norm=1.0, free_norm=0.0 + 0.0im
     | block_size = 41 
[TDSE] Runing TDSE-SH-linear (length gauge, dipole form). step 21200 energy = -0.49643026942766233, norm_value = 1.0 + 0.0im, bound_norm=0.999999, free_norm=1.0e-6 + 0.0im
     | block_size = 39 
[TDSE] Runing TDSE-SH-linear (length gauge, dipole form). step 21400 energy = -0.4964253190433292, norm_value = 1.0 + 0.0im, bound_norm=0.999997, free_norm=3.0e-6 + 0.0im
     | block_size = 36 
[TDSE] Runing TDSE-SH-linear (length gauge, dipole form). step 21600 energy = -0.4964209556767797, norm_value = 1.0 + 0.0im, bound_norm=0.999996, free_norm=4.0e-6 + 0.0im
     | block_size = 34 
[TDSE] Runing TDSE-SH-linear (length gauge, dipole form). step 21800 energy = -0.4964187956328653, norm_value = 1.0 + 0.0im, bound_norm=0.999995, free_norm=5.0e-6 + 0.0im
     | block_size = 29 
[TDSE] Runing TDSE-SH-linear (length gauge, dipole form). step 22000 energy = -0.496419363029862, norm_value = 1.0 + 0.0im, bound_norm=0.999996, free_norm=4.0e-6 + 0.0im
     | block_size = 30 
[TDSE] Runing TDSE-SH-linear (length gauge, dipole form). step 22200 energy = -0.4964221054738607, norm_value = 1.0 + 0.0im, bound_norm=0.999996, free_norm=4.0e-6 + 0.0im
     | block_size = 25 
[TDSE] Runing TDSE-SH-linear (length gauge, dipole form). step 22400 energy = -0.4964258772567393, norm_value = 1.0 + 0.0im, bound_norm=0.999998, free_norm=2.0e-6 + 0.0im
     | block_size = 22 
[TDSE] Runing TDSE-SH-linear (length gauge, dipole form). step 22600 energy = -0.49642949824327803, norm_value = 1.0 + 0.0im, bound_norm=0.999999, free_norm=1.0e-6 + 0.0im
     | block_size = 24 
[TDSE] Runing TDSE-SH-linear (length gauge, dipole form). step 22800 energy = -0.49643210836462215, norm_value = 1.0 + 0.0im, bound_norm=1.0, free_norm=0.0 + 0.0im
     | block_size = 27 
[TDSE] Runing TDSE-SH-linear (length gauge, dipole form). step 23000 energy = -0.49643342799783535, norm_value = 1.0 + 0.0im, bound_norm=1.0, free_norm=0.0 + 0.0im
     | block_size = 28 
[TDSE] Runing TDSE-SH-linear (length gauge, dipole form). step 23200 energy = -0.49643364821965563, norm_value = 1.0 + 0.0im, bound_norm=1.0, free_norm=0.0 + 0.0im
     | block_size = 28 
[TDSE] Runing TDSE-SH-linear (length gauge, dipole form). step 23400 energy = -0.49643324271071276, norm_value = 1.0 + 0.0im, bound_norm=1.0, free_norm=0.0 + 0.0im
     | block_size = 28 
[TDSE] Runing TDSE-SH-linear (length gauge, dipole form). step 23600 energy = -0.4964327026196459, norm_value = 1.0 + 0.0im, bound_norm=1.0, free_norm=0.0 + 0.0im
     | block_size = 27 
[TDSE] Runing TDSE-SH-linear (length gauge, dipole form). step 23800 energy = -0.496432371897672, norm_value = 1.0 + 0.0im, bound_norm=1.0, free_norm=0.0 + 0.0im
     | block_size = 25 
[TDSE] Runing TDSE-SH-linear (length gauge, dipole form). step 24000 energy = -0.49643236393944484, norm_value = 1.0 + 0.0im, bound_norm=1.0, free_norm=0.0 + 0.0im
     | block_size = 24 
[TDSE] Runing TDSE-SH-linear (length gauge, dipole form). step 24200 energy = -0.4964326122744066, norm_value = 1.0 + 0.0im, bound_norm=1.0, free_norm=0.0 + 0.0im
     | block_size = 22 
[TDSE] Runing TDSE-SH-linear (length gauge, dipole form). step 24400 energy = -0.4964329750564563, norm_value = 1.0 + 0.0im, bound_norm=1.0, free_norm=0.0 + 0.0im
     | block_size = 24 
[TDSE] Runing TDSE-SH-linear (length gauge, dipole form). step 24600 energy = -0.4964333054969373, norm_value = 1.0 + 0.0im, bound_norm=1.0, free_norm=0.0 + 0.0im
     | block_size = 23 
[TDSE] Runing TDSE-SH-linear (length gauge, dipole form). step 24800 energy = -0.4964335336350013, norm_value = 1.0 + 0.0im, bound_norm=1.0, free_norm=0.0 + 0.0im
     | block_size = 25 
[TDSE] Runing TDSE-SH-linear (length gauge, dipole form). step 25000 energy = -0.49643365024035135, norm_value = 1.0 + 0.0im, bound_norm=1.0, free_norm=0.0 + 0.0im
     | block_size = 24 
[TDSE] Runing TDSE-SH-linear (length gauge, dipole form). step 25200 energy = -0.49643368963444773, norm_value = 1.0 + 0.0im, bound_norm=1.0, free_norm=0.0 + 0.0im
     | block_size = 25 
[TDSE] Runing TDSE-SH-linear (length gauge, dipole form). step 25400 energy = -0.496433694440926, norm_value = 1.0 + 0.0im, bound_norm=1.0, free_norm=0.0 + 0.0im
     | block_size = 25 
[TDSE] Runing TDSE-SH-linear (length gauge, dipole form). step 25600 energy = -0.4964336919958202, norm_value = 1.0 + 0.0im, bound_norm=1.0, free_norm=0.0 + 0.0im
     | block_size = 25 
[TDSE] Runing TDSE-SH-linear (length gauge, dipole form). step 25800 energy = -0.4964336920522338, norm_value = 1.0 + 0.0im, bound_norm=1.0, free_norm=0.0 + 0.0im
     | block_size = 24 
[TDSE] Runing TDSE-SH-linear (length gauge, dipole form). step 26000 energy = -0.4964336937268279, norm_value = 1.0 + 0.0im, bound_norm=1.0, free_norm=0.0 + 0.0im
     | block_size = 24 
[TDSE] Runing TDSE-SH-linear (length gauge, dipole form). step 26200 energy = -0.4964336948389114, norm_value = 1.0 + 0.0im, bound_norm=1.0, free_norm=0.0 + 0.0im
     | block_size = 24 
[TDSE] Runing TDSE-SH-linear (length gauge, dipole form). step 26400 energy = -0.4964336949877141, norm_value = 1.0 + 0.0im, bound_norm=1.0, free_norm=0.0 + 0.0im
     | block_size = 24 
Sample 2026_5_15_hg_massive_0.0125_0.0_0.0285_6.0_short_range does not exist. Exceute a new sample.
[ITP]: 10000.496424741636
[ITP]: 3.468948764850932e-6
[ITP]: 2.0119768988635656e-6
[ITP]: 1.2363970314233086e-6
[ITP]: 7.802127368616851e-7
[ITP]: 5.004886823867238e-7
[ITP]: 3.247063635747338e-7
[ITP]: 2.1241854042397534e-7
[ITP]: 1.3984492786001113e-7
[ITP]: 9.25260389417204e-8
[ITP]: 6.146357944825098e-8
[ITP]: 4.0962812142275595e-8
[ITP]: 2.737382170936442e-8
[ITP]: 1.8334269435982264e-8
[ITP]: 1.2303307206362746e-8
[ITP]: 8.269649631742482e-9
[ITP]: 5.566198502116038e-9
[ITP]: 3.7510526906814334e-9
[ITP]: 2.530471499007092e-9
[ITP]: 1.7086173587088638e-9
[ITP]: 1.154605577813328e-9
[ITP]: 7.807770541212733e-10
[ITP]: 5.283077308959605e-10
[ITP]: 3.576713369923823e-10
[ITP]: 2.422650968725293e-10
[ITP]: 1.6416579207145787e-10
[ITP]: 1.1128536980820058e-10
[ITP]: 7.546496760824084e-11
[ITP]: 5.119060730862657e-11
[ITP]: 3.4733049769641866e-11
[ITP]: 2.3571977703085167e-11
[ITP]: 1.6002199565434694e-11
[ITP]: 1.086369882941085e-11
[ITP]: 7.378653243961253e-12
[ITP]: 5.010714065889488e-12
[ITP]: 3.4039993046519612e-12
[ITP]: 2.313038649504051e-12
[ITP]: 1.570410468332284e-12
[ITP]: 1.0681455719918631e-12
[ITP]: 7.265299473147024e-13
[ITP]: 4.919398222114069e-13
[ITP]: 3.346212196220222e-13
[ITP]: 2.2842838731662596e-13
[ITP]: 1.5498713423767185e-13
[ITP]: 1.0536016503692736e-13
[ITP]: 7.188694084447889e-14
[ITP]: 4.801714581503802e-14
[ITP]: 3.347322419244847e-14
[ITP]: 2.3148150063434514e-14
[ITP]: 1.4432899320127035e-14
[ITP]: 1.1102230246251565e-14
[ITP]: 7.16093850883226e-15
[ITP]: 4.440892098500626e-15
[ITP]: 2.6645352591003757e-15
[ITP]: 2.831068712794149e-15
[ITP]: 1.4988010832439613e-15
[ITP]: 6.661338147750939e-16
[ITP]: 7.771561172376096e-16
[ITP]: 5.551115123125783e-16
[ITP]: 2.220446049250313e-16
[ITP]: 4.440892098500626e-16
[ITP]: 6.106226635438361e-16
[ITP]: 7.216449660063518e-16
[ITP]: 4.440892098500626e-16
[ITP]: 4.440892098500626e-16
[ITP]: 3.3306690738754696e-16
[ITP]: 1.1102230246251565e-15
[ITP]: 1.1102230246251565e-16
[ITP]: 7.216449660063518e-16
[ITP]: 1.1102230246251565e-16
[ITP]: 8.326672684688674e-16
[ITP]: 7.216449660063518e-16
[ITP]: 2.7755575615628914e-16
[ITP]: 4.996003610813204e-16
[ITP]: 4.440892098500626e-16
[ITP]: 4.440892098500626e-16
[ITP]: 1.6653345369377348e-16
[ITP]: 4.996003610813204e-16
[ITP]: 1.1657341758564144e-15
[ITP]: 1.1102230246251565e-16
[ITP]: 0.0
[TDSE] Runing TDSE-SH-linear (length gauge, dipole form). step 0 energy = -0.4964336949924361, norm_value = 1.0 + 0.0im, bound_norm=1.0, free_norm=0.0 + 0.0im
     | block_size = 3 
[TDSE] Runing TDSE-SH-linear (length gauge, dipole form). step 200 energy = -0.4964336948892427, norm_value = 1.0 + 0.0im, bound_norm=1.0, free_norm=0.0 + 0.0im
     | block_size = 3 
[TDSE] Runing TDSE-SH-linear (length gauge, dipole form). step 400 energy = -0.4964336937170621, norm_value = 1.0 + 0.0im, bound_norm=1.0, free_norm=0.0 + 0.0im
     | block_size = 3 
[TDSE] Runing TDSE-SH-linear (length gauge, dipole form). step 600 energy = -0.49643369096362877, norm_value = 1.0 + 0.0im, bound_norm=1.0, free_norm=0.0 + 0.0im
     | block_size = 3 
[TDSE] Runing TDSE-SH-linear (length gauge, dipole form). step 800 energy = -0.49643368994107284, norm_value = 1.0 + 0.0im, bound_norm=1.0, free_norm=0.0 + 0.0im
     | block_size = 3 
[TDSE] Runing TDSE-SH-linear (length gauge, dipole form). step 1000 energy = -0.4964336930313535, norm_value = 1.0 + 0.0im, bound_norm=1.0, free_norm=0.0 + 0.0im
     | block_size = 3 
[TDSE] Runing TDSE-SH-linear (length gauge, dipole form). step 1200 energy = -0.4964336918026125, norm_value = 1.0 + 0.0im, bound_norm=1.0, free_norm=0.0 + 0.0im
     | block_size = 3 
[TDSE] Runing TDSE-SH-linear (length gauge, dipole form). step 1400 energy = -0.4964336505321946, norm_value = 1.0 + 0.0im, bound_norm=1.0, free_norm=0.0 + 0.0im
     | block_size = 4 
[TDSE] Runing TDSE-SH-linear (length gauge, dipole form). step 1600 energy = -0.496433508912784, norm_value = 1.0 + 0.0im, bound_norm=1.0, free_norm=0.0 + 0.0im
     | block_size = 4 
[TDSE] Runing TDSE-SH-linear (length gauge, dipole form). step 1800 energy = -0.49643320093160087, norm_value = 1.0 + 0.0im, bound_norm=1.0, free_norm=0.0 + 0.0im
     | block_size = 4 
[TDSE] Runing TDSE-SH-linear (length gauge, dipole form). step 2000 energy = -0.49643272285853557, norm_value = 1.0 + 0.0im, bound_norm=1.0, free_norm=0.0 + 0.0im
     | block_size = 4 
[TDSE] Runing TDSE-SH-linear (length gauge, dipole form). step 2200 energy = -0.4964321516136629, norm_value = 1.0 + 0.0im, bound_norm=1.0, free_norm=0.0 + 0.0im
     | block_size = 5 
[TDSE] Runing TDSE-SH-linear (length gauge, dipole form). step 2400 energy = -0.4964316881263719, norm_value = 1.0 + 0.0im, bound_norm=0.999999, free_norm=1.0e-6 + 0.0im
     | block_size = 5 
[TDSE] Runing TDSE-SH-linear (length gauge, dipole form). step 2600 energy = -0.4964315762024677, norm_value = 1.0 + 0.0im, bound_norm=0.999999, free_norm=1.0e-6 + 0.0im
     | block_size = 6 
[TDSE] Runing TDSE-SH-linear (length gauge, dipole form). step 2800 energy = -0.4964319558100471, norm_value = 1.0 + 0.0im, bound_norm=0.999999, free_norm=1.0e-6 + 0.0im
     | block_size = 6 
[TDSE] Runing TDSE-SH-linear (length gauge, dipole form). step 3000 energy = -0.4964327513850459, norm_value = 1.0 + 0.0im, bound_norm=1.0, free_norm=0.0 + 0.0im
     | block_size = 7 
[TDSE] Runing TDSE-SH-linear (length gauge, dipole form). step 3200 energy = -0.49643351117484097, norm_value = 1.0 + 0.0im, bound_norm=1.0, free_norm=0.0 + 0.0im
     | block_size = 7 
[TDSE] Runing TDSE-SH-linear (length gauge, dipole form). step 3400 energy = -0.4964335160990324, norm_value = 1.0 + 0.0im, bound_norm=1.0, free_norm=0.0 + 0.0im
     | block_size = 7 
[TDSE] Runing TDSE-SH-linear (length gauge, dipole form). step 3600 energy = -0.49643197569620284, norm_value = 1.0 + 0.0im, bound_norm=0.999999, free_norm=1.0e-6 + 0.0im
     | block_size = 7 
[TDSE] Runing TDSE-SH-linear (length gauge, dipole form). step 3800 energy = -0.4964284405194435, norm_value = 1.0 + 0.0im, bound_norm=0.999998, free_norm=2.0e-6 + 0.0im
     | block_size = 6 
[TDSE] Runing TDSE-SH-linear (length gauge, dipole form). step 4000 energy = -0.49642311613353596, norm_value = 1.0 + 0.0im, bound_norm=0.999997, free_norm=3.0e-6 + 0.0im
     | block_size = 5 
[TDSE] Runing TDSE-SH-linear (length gauge, dipole form). step 4200 energy = -0.49641710884552886, norm_value = 1.0 + 0.0im, bound_norm=0.999995, free_norm=5.0e-6 + 0.0im
     | block_size = 6 
[TDSE] Runing TDSE-SH-linear (length gauge, dipole form). step 4400 energy = -0.49641219819519417, norm_value = 1.0 + 0.0im, bound_norm=0.999993, free_norm=7.0e-6 + 0.0im
     | block_size = 9 
[TDSE] Runing TDSE-SH-linear (length gauge, dipole form). step 4600 energy = -0.4964102328799394, norm_value = 1.0 + 0.0im, bound_norm=0.999993, free_norm=7.0e-6 + 0.0im
     | block_size = 11 
[TDSE] Runing TDSE-SH-linear (length gauge, dipole form). step 4800 energy = -0.496412457231618, norm_value = 1.0 + 0.0im, bound_norm=0.999993, free_norm=7.0e-6 + 0.0im
     | block_size = 14 
[TDSE] Runing TDSE-SH-linear (length gauge, dipole form). step 5000 energy = -0.4964185203892406, norm_value = 1.0 + 0.0im, bound_norm=0.999995, free_norm=5.0e-6 + 0.0im
     | block_size = 16 
[TDSE] Runing TDSE-SH-linear (length gauge, dipole form). step 5200 energy = -0.49642634669545593, norm_value = 1.0 + 0.0im, bound_norm=0.999998, free_norm=2.0e-6 + 0.0im
     | block_size = 18 
[TDSE] Runing TDSE-SH-linear (length gauge, dipole form). step 5400 energy = -0.4964323783439971, norm_value = 1.0 + 0.0im, bound_norm=1.0, free_norm=0.0 + 0.0im
     | block_size = 19 
[TDSE] Runing TDSE-SH-linear (length gauge, dipole form). step 5600 energy = -0.496432675761743, norm_value = 1.0 + 0.0im, bound_norm=1.0, free_norm=0.0 + 0.0im
     | block_size = 19 
[TDSE] Runing TDSE-SH-linear (length gauge, dipole form). step 5800 energy = -0.49642445378498057, norm_value = 1.0 + 0.0im, bound_norm=0.999997, free_norm=3.0e-6 + 0.0im
     | block_size = 18 
[TDSE] Runing TDSE-SH-linear (length gauge, dipole form). step 6000 energy = -0.49640749561515674, norm_value = 1.0 + 0.0im, bound_norm=0.999992, free_norm=8.0e-6 + 0.0im
     | block_size = 15 
[TDSE] Runing TDSE-SH-linear (length gauge, dipole form). step 6200 energy = -0.4963848797091686, norm_value = 1.0 + 0.0im, bound_norm=0.999985, free_norm=1.5e-5 + 0.0im
     | block_size = 11 
[TDSE] Runing TDSE-SH-linear (length gauge, dipole form). step 6400 energy = -0.49636246702281195, norm_value = 1.0 + 0.0im, bound_norm=0.999978, free_norm=2.2e-5 + 0.0im
     | block_size = 8 
[TDSE] Runing TDSE-SH-linear (length gauge, dipole form). step 6600 energy = -0.49634744950372484, norm_value = 1.0 + 0.0im, bound_norm=0.999973, free_norm=2.7e-5 + 0.0im
     | block_size = 12 
[TDSE] Runing TDSE-SH-linear (length gauge, dipole form). step 6800 energy = -0.49634544948698006, norm_value = 1.0 + 0.0im, bound_norm=0.999973, free_norm=2.7e-5 + 0.0im
     | block_size = 17 
[TDSE] Runing TDSE-SH-linear (length gauge, dipole form). step 7000 energy = -0.4963583810576144, norm_value = 1.0 + 0.0im, bound_norm=0.999977, free_norm=2.3e-5 + 0.0im
     | block_size = 22 
[TDSE] Runing TDSE-SH-linear (length gauge, dipole form). step 7200 energy = -0.4963827646495876, norm_value = 1.0 + 0.0im, bound_norm=0.999984, free_norm=1.6e-5 + 0.0im
     | block_size = 26 
[TDSE] Runing TDSE-SH-linear (length gauge, dipole form). step 7400 energy = -0.49641012892605785, norm_value = 1.0 + 0.0im, bound_norm=0.999993, free_norm=7.0e-6 + 0.0im
     | block_size = 30 
[TDSE] Runing TDSE-SH-linear (length gauge, dipole form). step 7600 energy = -0.49642953392981554, norm_value = 1.0 + 0.0im, bound_norm=0.999999, free_norm=1.0e-6 + 0.0im
     | block_size = 32 
[TDSE] Runing TDSE-SH-linear (length gauge, dipole form). step 7800 energy = -0.49643103229803354, norm_value = 1.0 + 0.0im, bound_norm=0.999999, free_norm=1.0e-6 + 0.0im
     | block_size = 32 
[TDSE] Runing TDSE-SH-linear (length gauge, dipole form). step 8000 energy = -0.4964095882188277, norm_value = 1.0 + 0.0im, bound_norm=0.999993, free_norm=7.0e-6 + 0.0im
     | block_size = 30 
[TDSE] Runing TDSE-SH-linear (length gauge, dipole form). step 8200 energy = -0.4963675031386715, norm_value = 1.0 + 0.0im, bound_norm=0.99998, free_norm=2.0e-5 + 0.0im
     | block_size = 26 
[TDSE] Runing TDSE-SH-linear (length gauge, dipole form). step 8400 energy = -0.49631483348157274, norm_value = 1.0 + 0.0im, bound_norm=0.999963, free_norm=3.7e-5 + 0.0im
     | block_size = 20 
[TDSE] Runing TDSE-SH-linear (length gauge, dipole form). step 8600 energy = -0.4962666599246368, norm_value = 1.0 + 0.0im, bound_norm=0.999949, free_norm=5.1e-5 + 0.0im
     | block_size = 13 
[TDSE] Runing TDSE-SH-linear (length gauge, dipole form). step 8800 energy = -0.4962386886310098, norm_value = 1.0 + 0.0im, bound_norm=0.99994, free_norm=6.0e-5 + 0.0im
     | block_size = 15 
[TDSE] Runing TDSE-SH-linear (length gauge, dipole form). step 9000 energy = -0.49624127312522087, norm_value = 1.0 + 0.0im, bound_norm=0.999941, free_norm=5.9e-5 + 0.0im
     | block_size = 22 
[TDSE] Runing TDSE-SH-linear (length gauge, dipole form). step 9200 energy = -0.4962750180543904, norm_value = 1.0 + 0.0im, bound_norm=0.999951, free_norm=4.9e-5 + 0.0im
     | block_size = 31 
[TDSE] Runing TDSE-SH-linear (length gauge, dipole form). step 9400 energy = -0.49632974048784556, norm_value = 1.0 + 0.0im, bound_norm=0.999968, free_norm=3.2e-5 + 0.0im
     | block_size = 37 
[TDSE] Runing TDSE-SH-linear (length gauge, dipole form). step 9600 energy = -0.4963868008571075, norm_value = 1.0 + 0.0im, bound_norm=0.999986, free_norm=1.4e-5 + 0.0im
     | block_size = 42 
[TDSE] Runing TDSE-SH-linear (length gauge, dipole form). step 9800 energy = -0.4964253827141224, norm_value = 1.0 + 0.0im, bound_norm=0.999998, free_norm=2.0e-6 + 0.0im
     | block_size = 45 
[TDSE] Runing TDSE-SH-linear (length gauge, dipole form). step 10000 energy = -0.49642924374325115, norm_value = 1.0 + 0.0im, bound_norm=0.999999, free_norm=1.0e-6 + 0.0im
     | block_size = 45 
[TDSE] Runing TDSE-SH-linear (length gauge, dipole form). step 10200 energy = -0.49639260688465725, norm_value = 1.0 + 0.0im, bound_norm=0.999987, free_norm=1.3e-5 + 0.0im
     | block_size = 43 
[TDSE] Runing TDSE-SH-linear (length gauge, dipole form). step 10400 energy = -0.4963228208966006, norm_value = 1.0 + 0.0im, bound_norm=0.999966, free_norm=3.4e-5 + 0.0im
     | block_size = 38 
[TDSE] Runing TDSE-SH-linear (length gauge, dipole form). step 10600 energy = -0.4962391402633025, norm_value = 1.0 + 0.0im, bound_norm=0.99994, free_norm=6.0e-5 + 0.0im
     | block_size = 30 
[TDSE] Runing TDSE-SH-linear (length gauge, dipole form). step 10800 energy = -0.4961670985988273, norm_value = 1.0 + 0.0im, bound_norm=0.999919, free_norm=8.1e-5 + 0.0im
     | block_size = 20 
[TDSE] Runing TDSE-SH-linear (length gauge, dipole form). step 11000 energy = -0.4961302870888478, norm_value = 1.0 + 0.0im, bound_norm=0.999908, free_norm=9.2e-5 + 0.0im
     | block_size = 21 
[TDSE] Runing TDSE-SH-linear (length gauge, dipole form). step 11200 energy = -0.49614193708272286, norm_value = 1.0 + 0.0im, bound_norm=0.999911, free_norm=8.9e-5 + 0.0im
     | block_size = 27 
[TDSE] Runing TDSE-SH-linear (length gauge, dipole form). step 11400 energy = -0.4961990786426707, norm_value = 1.0 + 0.0im, bound_norm=0.999928, free_norm=7.2e-5 + 0.0im
     | block_size = 36 
[TDSE] Runing TDSE-SH-linear (length gauge, dipole form). step 11600 energy = -0.49628346583725974, norm_value = 1.0 + 0.0im, bound_norm=0.999954, free_norm=4.6e-5 + 0.0im
     | block_size = 44 
[TDSE] Runing TDSE-SH-linear (length gauge, dipole form). step 11800 energy = -0.4963670855519012, norm_value = 1.0 + 0.0im, bound_norm=0.99998, free_norm=2.0e-5 + 0.0im
     | block_size = 50 
[TDSE] Runing TDSE-SH-linear (length gauge, dipole form). step 12000 energy = -0.496421771374595, norm_value = 1.0 + 0.0im, bound_norm=0.999997, free_norm=3.0e-6 + 0.0im
     | block_size = 53 
[TDSE] Runing TDSE-SH-linear (length gauge, dipole form). step 12200 energy = -0.4964283235068072, norm_value = 1.0 + 0.0im, bound_norm=0.999999, free_norm=1.0e-6 + 0.0im
     | block_size = 54 
[TDSE] Runing TDSE-SH-linear (length gauge, dipole form). step 12400 energy = -0.4963827214335599, norm_value = 1.0 + 0.0im, bound_norm=0.999984, free_norm=1.6e-5 + 0.0im
     | block_size = 51 
[TDSE] Runing TDSE-SH-linear (length gauge, dipole form). step 12600 energy = -0.4962977531057003, norm_value = 1.0 + 0.0im, bound_norm=0.999958, free_norm=4.2e-5 + 0.0im
     | block_size = 45 
[TDSE] Runing TDSE-SH-linear (length gauge, dipole form). step 12800 energy = -0.4961995160606173, norm_value = 1.0 + 0.0im, bound_norm=0.999929, free_norm=7.1e-5 + 0.0im
     | block_size = 38 
[TDSE] Runing TDSE-SH-linear (length gauge, dipole form). step 13000 energy = -0.4961194565659833, norm_value = 1.0 + 0.0im, bound_norm=0.999904, free_norm=9.6e-5 + 0.0im
     | block_size = 32 
[TDSE] Runing TDSE-SH-linear (length gauge, dipole form). step 13200 energy = -0.4960837714165619, norm_value = 1.0 + 0.0im, bound_norm=0.999894, free_norm=0.000106 + 0.0im
     | block_size = 27 
[TDSE] Runing TDSE-SH-linear (length gauge, dipole form). step 13400 energy = -0.49610450752489765, norm_value = 1.0 + 0.0im, bound_norm=0.9999, free_norm=0.0001 + 0.0im
     | block_size = 34 
[TDSE] Runing TDSE-SH-linear (length gauge, dipole form). step 13600 energy = -0.49617460548452286, norm_value = 1.0 + 0.0im, bound_norm=0.999921, free_norm=7.9e-5 + 0.0im
     | block_size = 44 
[TDSE] Runing TDSE-SH-linear (length gauge, dipole form). step 13800 energy = -0.4962709829808668, norm_value = 1.0 + 0.0im, bound_norm=0.99995, free_norm=5.0e-5 + 0.0im
     | block_size = 54 
[TDSE] Runing TDSE-SH-linear (length gauge, dipole form). step 14000 energy = -0.4963625574413309, norm_value = 1.0 + 0.0im, bound_norm=0.999978, free_norm=2.2e-5 + 0.0im
     | block_size = 60 
[TDSE] Runing TDSE-SH-linear (length gauge, dipole form). step 14200 energy = -0.4964208200270549, norm_value = 1.0 + 0.0im, bound_norm=0.999996, free_norm=4.0e-6 + 0.0im
     | block_size = 64 
[TDSE] Runing TDSE-SH-linear (length gauge, dipole form). step 14400 energy = -0.49642880839907194, norm_value = 1.0 + 0.0im, bound_norm=0.999999, free_norm=1.0e-6 + 0.0im
     | block_size = 64 
[TDSE] Runing TDSE-SH-linear (length gauge, dipole form). step 14600 energy = -0.49638589559968416, norm_value = 1.0 + 0.0im, bound_norm=0.999985, free_norm=1.5e-5 + 0.0im
     | block_size = 61 
[TDSE] Runing TDSE-SH-linear (length gauge, dipole form). step 14800 energy = -0.49630759691645776, norm_value = 1.0 + 0.0im, bound_norm=0.999961, free_norm=3.9e-5 + 0.0im
     | block_size = 55 
[TDSE] Runing TDSE-SH-linear (length gauge, dipole form). step 15000 energy = -0.4962204566280297, norm_value = 1.0 + 0.0im, bound_norm=0.999935, free_norm=6.5e-5 + 0.0im
     | block_size = 46 
[TDSE] Runing TDSE-SH-linear (length gauge, dipole form). step 15200 energy = -0.4961535179694105, norm_value = 1.0 + 0.0im, bound_norm=0.999915, free_norm=8.5e-5 + 0.0im
     | block_size = 34 
[TDSE] Runing TDSE-SH-linear (length gauge, dipole form). step 15400 energy = -0.49612847266143806, norm_value = 1.0 + 0.0im, bound_norm=0.999907, free_norm=9.3e-5 + 0.0im
     | block_size = 25 
[TDSE] Runing TDSE-SH-linear (length gauge, dipole form). step 15600 energy = -0.49615276388114177, norm_value = 1.0 + 0.0im, bound_norm=0.999914, free_norm=8.6e-5 + 0.0im
     | block_size = 32 
[TDSE] Runing TDSE-SH-linear (length gauge, dipole form). step 15800 energy = -0.49621724401525685, norm_value = 1.0 + 0.0im, bound_norm=0.999934, free_norm=6.6e-5 + 0.0im
     | block_size = 42 
[TDSE] Runing TDSE-SH-linear (length gauge, dipole form). step 16000 energy = -0.4963003670756568, norm_value = 1.0 + 0.0im, bound_norm=0.999959, free_norm=4.1e-5 + 0.0im
     | block_size = 52 
[TDSE] Runing TDSE-SH-linear (length gauge, dipole form). step 16200 energy = -0.4963762488514818, norm_value = 1.0 + 0.0im, bound_norm=0.999982, free_norm=1.8e-5 + 0.0im
     | block_size = 60 
[TDSE] Runing TDSE-SH-linear (length gauge, dipole form). step 16400 energy = -0.49642320534512757, norm_value = 1.0 + 0.0im, bound_norm=0.999997, free_norm=3.0e-6 + 0.0im
     | block_size = 65 
[TDSE] Runing TDSE-SH-linear (length gauge, dipole form). step 16600 energy = -0.49643034737176867, norm_value = 1.0 + 0.0im, bound_norm=0.999999, free_norm=1.0e-6 + 0.0im
     | block_size = 66 
[TDSE] Runing TDSE-SH-linear (length gauge, dipole form). step 16800 energy = -0.49639997383211076, norm_value = 1.0 + 0.0im, bound_norm=0.99999, free_norm=1.0e-5 + 0.0im
     | block_size = 62 
[TDSE] Runing TDSE-SH-linear (length gauge, dipole form). step 17000 energy = -0.4963459508148714, norm_value = 1.0 + 0.0im, bound_norm=0.999973, free_norm=2.7e-5 + 0.0im
     | block_size = 56 
[TDSE] Runing TDSE-SH-linear (length gauge, dipole form). step 17200 energy = -0.49628853153557756, norm_value = 1.0 + 0.0im, bound_norm=0.999956, free_norm=4.4e-5 + 0.0im
     | block_size = 51 
[TDSE] Runing TDSE-SH-linear (length gauge, dipole form). step 17400 energy = -0.4962476185276847, norm_value = 1.0 + 0.0im, bound_norm=0.999943, free_norm=5.7e-5 + 0.0im
     | block_size = 50 
[TDSE] Runing TDSE-SH-linear (length gauge, dipole form). step 17600 energy = -0.4962361349329473, norm_value = 1.0 + 0.0im, bound_norm=0.99994, free_norm=6.0e-5 + 0.0im
     | block_size = 52 
[TDSE] Runing TDSE-SH-linear (length gauge, dipole form). step 17800 energy = -0.49625646048663463, norm_value = 1.0 + 0.0im, bound_norm=0.999946, free_norm=5.4e-5 + 0.0im
     | block_size = 52 
[TDSE] Runing TDSE-SH-linear (length gauge, dipole form). step 18000 energy = -0.49630055632465864, norm_value = 1.0 + 0.0im, bound_norm=0.999959, free_norm=4.1e-5 + 0.0im
     | block_size = 50 
[TDSE] Runing TDSE-SH-linear (length gauge, dipole form). step 18200 energy = -0.4963536216451003, norm_value = 1.0 + 0.0im, bound_norm=0.999975, free_norm=2.5e-5 + 0.0im
     | block_size = 59 
[TDSE] Runing TDSE-SH-linear (length gauge, dipole form). step 18400 energy = -0.49639987151562287, norm_value = 1.0 + 0.0im, bound_norm=0.99999, free_norm=1.0e-5 + 0.0im
     | block_size = 67 
[TDSE] Runing TDSE-SH-linear (length gauge, dipole form). step 18600 energy = -0.4964275097705006, norm_value = 1.0 + 0.0im, bound_norm=0.999998, free_norm=2.0e-6 + 0.0im
     | block_size = 71 
[TDSE] Runing TDSE-SH-linear (length gauge, dipole form). step 18800 energy = -0.49643204431812665, norm_value = 1.0 + 0.0im, bound_norm=1.0, free_norm=0.0 + 0.0im
     | block_size = 72 
[TDSE] Runing TDSE-SH-linear (length gauge, dipole form). step 19000 energy = -0.49641668129355826, norm_value = 1.0 + 0.0im, bound_norm=0.999995, free_norm=5.0e-6 + 0.0im
     | block_size = 69 
[TDSE] Runing TDSE-SH-linear (length gauge, dipole form). step 19200 energy = -0.4963903666937872, norm_value = 1.0 + 0.0im, bound_norm=0.999987, free_norm=1.3e-5 + 0.0im
     | block_size = 63 
[TDSE] Runing TDSE-SH-linear (length gauge, dipole form). step 19400 energy = -0.49636417059476157, norm_value = 1.0 + 0.0im, bound_norm=0.999979, free_norm=2.1e-5 + 0.0im
     | block_size = 55 
[TDSE] Runing TDSE-SH-linear (length gauge, dipole form). step 19600 energy = -0.4963475414543709, norm_value = 1.0 + 0.0im, bound_norm=0.999974, free_norm=2.6e-5 + 0.0im
     | block_size = 53 
[TDSE] Runing TDSE-SH-linear (length gauge, dipole form). step 19800 energy = -0.4963454420969603, norm_value = 1.0 + 0.0im, bound_norm=0.999973, free_norm=2.7e-5 + 0.0im
     | block_size = 52 
[TDSE] Runing TDSE-SH-linear (length gauge, dipole form). step 20000 energy = -0.4963573589380646, norm_value = 1.0 + 0.0im, bound_norm=0.999977, free_norm=2.3e-5 + 0.0im
     | block_size = 52 
[TDSE] Runing TDSE-SH-linear (length gauge, dipole form). step 20200 energy = -0.49637845129706365, norm_value = 1.0 + 0.0im, bound_norm=0.999983, free_norm=1.7e-5 + 0.0im
     | block_size = 53 
[TDSE] Runing TDSE-SH-linear (length gauge, dipole form). step 20400 energy = -0.4964016849814029, norm_value = 1.0 + 0.0im, bound_norm=0.99999, free_norm=1.0e-5 + 0.0im
     | block_size = 53 
[TDSE] Runing TDSE-SH-linear (length gauge, dipole form). step 20600 energy = -0.4964206299838148, norm_value = 1.0 + 0.0im, bound_norm=0.999996, free_norm=4.0e-6 + 0.0im
     | block_size = 54 
[TDSE] Runing TDSE-SH-linear (length gauge, dipole form). step 20800 energy = -0.4964313451784943, norm_value = 1.0 + 0.0im, bound_norm=0.999999, free_norm=1.0e-6 + 0.0im
     | block_size = 57 
[TDSE] Runing TDSE-SH-linear (length gauge, dipole form). step 21000 energy = -0.49643317748524884, norm_value = 1.0 + 0.0im, bound_norm=1.0, free_norm=0.0 + 0.0im
     | block_size = 58 
[TDSE] Runing TDSE-SH-linear (length gauge, dipole form). step 21200 energy = -0.4964283399679507, norm_value = 1.0 + 0.0im, bound_norm=0.999998, free_norm=2.0e-6 + 0.0im
     | block_size = 56 
[TDSE] Runing TDSE-SH-linear (length gauge, dipole form). step 21400 energy = -0.49642060917212266, norm_value = 1.0 + 0.0im, bound_norm=0.999996, free_norm=4.0e-6 + 0.0im
     | block_size = 53 
[TDSE] Runing TDSE-SH-linear (length gauge, dipole form). step 21600 energy = -0.4964137818355508, norm_value = 1.0 + 0.0im, bound_norm=0.999994, free_norm=6.0e-6 + 0.0im
     | block_size = 52 
[TDSE] Runing TDSE-SH-linear (length gauge, dipole form). step 21800 energy = -0.4964104092214885, norm_value = 1.0 + 0.0im, bound_norm=0.999993, free_norm=7.0e-6 + 0.0im
     | block_size = 53 
[TDSE] Runing TDSE-SH-linear (length gauge, dipole form). step 22000 energy = -0.49641129814100393, norm_value = 1.0 + 0.0im, bound_norm=0.999993, free_norm=7.0e-6 + 0.0im
     | block_size = 52 
[TDSE] Runing TDSE-SH-linear (length gauge, dipole form). step 22200 energy = -0.496415577216353, norm_value = 1.0 + 0.0im, bound_norm=0.999994, free_norm=6.0e-6 + 0.0im
     | block_size = 52 
[TDSE] Runing TDSE-SH-linear (length gauge, dipole form). step 22400 energy = -0.4964214823460292, norm_value = 1.0 + 0.0im, bound_norm=0.999996, free_norm=4.0e-6 + 0.0im
     | block_size = 51 
[TDSE] Runing TDSE-SH-linear (length gauge, dipole form). step 22600 energy = -0.49642713571041147, norm_value = 1.0 + 0.0im, bound_norm=0.999998, free_norm=2.0e-6 + 0.0im
     | block_size = 52 
[TDSE] Runing TDSE-SH-linear (length gauge, dipole form). step 22800 energy = -0.4964312156174022, norm_value = 1.0 + 0.0im, bound_norm=0.999999, free_norm=1.0e-6 + 0.0im
     | block_size = 52 
[TDSE] Runing TDSE-SH-linear (length gauge, dipole form). step 23000 energy = -0.4964332781822403, norm_value = 1.0 + 0.0im, bound_norm=1.0, free_norm=0.0 + 0.0im
     | block_size = 53 
[TDSE] Runing TDSE-SH-linear (length gauge, dipole form). step 23200 energy = -0.4964336221543299, norm_value = 1.0 + 0.0im, bound_norm=1.0, free_norm=0.0 + 0.0im
     | block_size = 52 
[TDSE] Runing TDSE-SH-linear (length gauge, dipole form). step 23400 energy = -0.49643298760720017, norm_value = 1.0 + 0.0im, bound_norm=1.0, free_norm=0.0 + 0.0im
     | block_size = 52 
[TDSE] Runing TDSE-SH-linear (length gauge, dipole form). step 23600 energy = -0.49643214460898855, norm_value = 1.0 + 0.0im, bound_norm=1.0, free_norm=0.0 + 0.0im
     | block_size = 51 
[TDSE] Runing TDSE-SH-linear (length gauge, dipole form). step 23800 energy = -0.4964316285038505, norm_value = 1.0 + 0.0im, bound_norm=0.999999, free_norm=1.0e-6 + 0.0im
     | block_size = 51 
[TDSE] Runing TDSE-SH-linear (length gauge, dipole form). step 24000 energy = -0.49643161343084563, norm_value = 1.0 + 0.0im, bound_norm=0.999999, free_norm=1.0e-6 + 0.0im
     | block_size = 51 
[TDSE] Runing TDSE-SH-linear (length gauge, dipole form). step 24200 energy = -0.4964320047537941, norm_value = 1.0 + 0.0im, bound_norm=0.999999, free_norm=1.0e-6 + 0.0im
     | block_size = 49 
[TDSE] Runing TDSE-SH-linear (length gauge, dipole form). step 24400 energy = -0.4964325694408944, norm_value = 1.0 + 0.0im, bound_norm=1.0, free_norm=0.0 + 0.0im
     | block_size = 50 
[TDSE] Runing TDSE-SH-linear (length gauge, dipole form). step 24600 energy = -0.4964330863235198, norm_value = 1.0 + 0.0im, bound_norm=1.0, free_norm=0.0 + 0.0im
     | block_size = 51 
[TDSE] Runing TDSE-SH-linear (length gauge, dipole form). step 24800 energy = -0.49643344319979943, norm_value = 1.0 + 0.0im, bound_norm=1.0, free_norm=0.0 + 0.0im
     | block_size = 50 
[TDSE] Runing TDSE-SH-linear (length gauge, dipole form). step 25000 energy = -0.4964336247805229, norm_value = 1.0 + 0.0im, bound_norm=1.0, free_norm=0.0 + 0.0im
     | block_size = 50 
[TDSE] Runing TDSE-SH-linear (length gauge, dipole form). step 25200 energy = -0.4964336867368304, norm_value = 1.0 + 0.0im, bound_norm=1.0, free_norm=0.0 + 0.0im
     | block_size = 51 
[TDSE] Runing TDSE-SH-linear (length gauge, dipole form). step 25400 energy = -0.49643369411520133, norm_value = 1.0 + 0.0im, bound_norm=1.0, free_norm=0.0 + 0.0im
     | block_size = 51 
[TDSE] Runing TDSE-SH-linear (length gauge, dipole form). step 25600 energy = -0.4964336903597194, norm_value = 1.0 + 0.0im, bound_norm=1.0, free_norm=0.0 + 0.0im
     | block_size = 51 
[TDSE] Runing TDSE-SH-linear (length gauge, dipole form). step 25800 energy = -0.4964336903223159, norm_value = 1.0 + 0.0im, bound_norm=1.0, free_norm=0.0 + 0.0im
     | block_size = 51 
[TDSE] Runing TDSE-SH-linear (length gauge, dipole form). step 26000 energy = -0.496433693063414, norm_value = 1.0 + 0.0im, bound_norm=1.0, free_norm=0.0 + 0.0im
     | block_size = 50 
[TDSE] Runing TDSE-SH-linear (length gauge, dipole form). step 26200 energy = -0.4964336947377579, norm_value = 1.0 + 0.0im, bound_norm=1.0, free_norm=0.0 + 0.0im
     | block_size = 50 
[TDSE] Runing TDSE-SH-linear (length gauge, dipole form). step 26400 energy = -0.49643369498733, norm_value = 1.0 + 0.0im, bound_norm=1.0, free_norm=0.0 + 0.0im
     | block_size = 50 
Sample 2026_5_15_hg_massive_0.015_0.0_0.0285_6.0_short_range does not exist. Exceute a new sample.
[ITP]: 10000.496424741636
[ITP]: 3.468948764850932e-6
[ITP]: 2.0119768988635656e-6
[ITP]: 1.2363970314233086e-6
[ITP]: 7.802127368616851e-7
[ITP]: 5.004886823867238e-7
[ITP]: 3.247063635747338e-7
[ITP]: 2.1241854042397534e-7
[ITP]: 1.3984492786001113e-7
[ITP]: 9.25260389417204e-8
[ITP]: 6.146357944825098e-8
[ITP]: 4.0962812142275595e-8
[ITP]: 2.737382170936442e-8
[ITP]: 1.8334269435982264e-8
[ITP]: 1.2303307206362746e-8
[ITP]: 8.269649631742482e-9
[ITP]: 5.566198502116038e-9
[ITP]: 3.7510526906814334e-9
[ITP]: 2.530471499007092e-9
[ITP]: 1.7086173587088638e-9
[ITP]: 1.154605577813328e-9
[ITP]: 7.807770541212733e-10
[ITP]: 5.283077308959605e-10
[ITP]: 3.576713369923823e-10
[ITP]: 2.422650968725293e-10
[ITP]: 1.6416579207145787e-10
[ITP]: 1.1128536980820058e-10
[ITP]: 7.546496760824084e-11
[ITP]: 5.119060730862657e-11
[ITP]: 3.4733049769641866e-11
[ITP]: 2.3571977703085167e-11
[ITP]: 1.6002199565434694e-11
[ITP]: 1.086369882941085e-11
[ITP]: 7.378653243961253e-12
[ITP]: 5.010714065889488e-12
[ITP]: 3.4039993046519612e-12
[ITP]: 2.313038649504051e-12
[ITP]: 1.570410468332284e-12
[ITP]: 1.0681455719918631e-12
[ITP]: 7.265299473147024e-13
[ITP]: 4.919398222114069e-13
[ITP]: 3.346212196220222e-13
[ITP]: 2.2842838731662596e-13
[ITP]: 1.5498713423767185e-13
[ITP]: 1.0536016503692736e-13
[ITP]: 7.188694084447889e-14
[ITP]: 4.801714581503802e-14
[ITP]: 3.347322419244847e-14
[ITP]: 2.3148150063434514e-14
[ITP]: 1.4432899320127035e-14
[ITP]: 1.1102230246251565e-14
[ITP]: 7.16093850883226e-15
[ITP]: 4.440892098500626e-15
[ITP]: 2.6645352591003757e-15
[ITP]: 2.831068712794149e-15
[ITP]: 1.4988010832439613e-15
[ITP]: 6.661338147750939e-16
[ITP]: 7.771561172376096e-16
[ITP]: 5.551115123125783e-16
[ITP]: 2.220446049250313e-16
[ITP]: 4.440892098500626e-16
[ITP]: 6.106226635438361e-16
[ITP]: 7.216449660063518e-16
[ITP]: 4.440892098500626e-16
[ITP]: 4.440892098500626e-16
[ITP]: 3.3306690738754696e-16
[ITP]: 1.1102230246251565e-15
[ITP]: 1.1102230246251565e-16
[ITP]: 7.216449660063518e-16
[ITP]: 1.1102230246251565e-16
[ITP]: 8.326672684688674e-16
[ITP]: 7.216449660063518e-16
[ITP]: 2.7755575615628914e-16
[ITP]: 4.996003610813204e-16
[ITP]: 4.440892098500626e-16
[ITP]: 4.440892098500626e-16
[ITP]: 1.6653345369377348e-16
[ITP]: 4.996003610813204e-16
[ITP]: 1.1657341758564144e-15
[ITP]: 1.1102230246251565e-16
[ITP]: 0.0
[TDSE] Runing TDSE-SH-linear (length gauge, dipole form). step 0 energy = -0.4964336949924361, norm_value = 1.0 + 0.0im, bound_norm=1.0, free_norm=0.0 + 0.0im
     | block_size = 3 
[TDSE] Runing TDSE-SH-linear (length gauge, dipole form). step 200 energy = -0.49643369484383754, norm_value = 1.0 + 0.0im, bound_norm=1.0, free_norm=0.0 + 0.0im
     | block_size = 3 
[TDSE] Runing TDSE-SH-linear (length gauge, dipole form). step 400 energy = -0.49643369315590063, norm_value = 1.0 + 0.0im, bound_norm=1.0, free_norm=0.0 + 0.0im
     | block_size = 3 
[TDSE] Runing TDSE-SH-linear (length gauge, dipole form). step 600 energy = -0.4964336891909607, norm_value = 1.0 + 0.0im, bound_norm=1.0, free_norm=0.0 + 0.0im
     | block_size = 3 
[TDSE] Runing TDSE-SH-linear (length gauge, dipole form). step 800 energy = -0.49643368771848306, norm_value = 1.0 + 0.0im, bound_norm=1.0, free_norm=0.0 + 0.0im
     | block_size = 3 
[TDSE] Runing TDSE-SH-linear (length gauge, dipole form). step 1000 energy = -0.49643369216849403, norm_value = 1.0 + 0.0im, bound_norm=1.0, free_norm=0.0 + 0.0im
     | block_size = 3 
[TDSE] Runing TDSE-SH-linear (length gauge, dipole form). step 1200 energy = -0.49643369039911345, norm_value = 1.0 + 0.0im, bound_norm=1.0, free_norm=0.0 + 0.0im
     | block_size = 3 
[TDSE] Runing TDSE-SH-linear (length gauge, dipole form). step 1400 energy = -0.4964336309696971, norm_value = 1.0 + 0.0im, bound_norm=1.0, free_norm=0.0 + 0.0im
     | block_size = 4 
[TDSE] Runing TDSE-SH-linear (length gauge, dipole form). step 1600 energy = -0.49643342703721416, norm_value = 1.0 + 0.0im, bound_norm=1.0, free_norm=0.0 + 0.0im
     | block_size = 4 
[TDSE] Runing TDSE-SH-linear (length gauge, dipole form). step 1800 energy = -0.49643298354061605, norm_value = 1.0 + 0.0im, bound_norm=1.0, free_norm=0.0 + 0.0im
     | block_size = 4 
[TDSE] Runing TDSE-SH-linear (length gauge, dipole form). step 2000 energy = -0.4964322951008616, norm_value = 1.0 + 0.0im, bound_norm=1.0, free_norm=0.0 + 0.0im
     | block_size = 4 
[TDSE] Runing TDSE-SH-linear (length gauge, dipole form). step 2200 energy = -0.49643147247861313, norm_value = 1.0 + 0.0im, bound_norm=0.999999, free_norm=1.0e-6 + 0.0im
     | block_size = 5 
[TDSE] Runing TDSE-SH-linear (length gauge, dipole form). step 2400 energy = -0.4964308050234604, norm_value = 1.0 + 0.0im, bound_norm=0.999999, free_norm=1.0e-6 + 0.0im
     | block_size = 6 
[TDSE] Runing TDSE-SH-linear (length gauge, dipole form). step 2600 energy = -0.4964306438315401, norm_value = 1.0 + 0.0im, bound_norm=0.999999, free_norm=1.0e-6 + 0.0im
     | block_size = 6 
[TDSE] Runing TDSE-SH-linear (length gauge, dipole form). step 2800 energy = -0.4964311905246691, norm_value = 1.0 + 0.0im, bound_norm=0.999999, free_norm=1.0e-6 + 0.0im
     | block_size = 7 
[TDSE] Runing TDSE-SH-linear (length gauge, dipole form). step 3000 energy = -0.49643233615821736, norm_value = 1.0 + 0.0im, bound_norm=1.0, free_norm=0.0 + 0.0im
     | block_size = 8 
[TDSE] Runing TDSE-SH-linear (length gauge, dipole form). step 3200 energy = -0.4964334302980434, norm_value = 1.0 + 0.0im, bound_norm=1.0, free_norm=0.0 + 0.0im
     | block_size = 8 
[TDSE] Runing TDSE-SH-linear (length gauge, dipole form). step 3400 energy = -0.49643343736891754, norm_value = 1.0 + 0.0im, bound_norm=1.0, free_norm=0.0 + 0.0im
     | block_size = 8 
[TDSE] Runing TDSE-SH-linear (length gauge, dipole form). step 3600 energy = -0.49643121918355254, norm_value = 1.0 + 0.0im, bound_norm=0.999999, free_norm=1.0e-6 + 0.0im
     | block_size = 8 
[TDSE] Runing TDSE-SH-linear (length gauge, dipole form). step 3800 energy = -0.4964261280968786, norm_value = 1.0 + 0.0im, bound_norm=0.999998, free_norm=2.0e-6 + 0.0im
     | block_size = 6 
[TDSE] Runing TDSE-SH-linear (length gauge, dipole form). step 4000 energy = -0.4964184592166082, norm_value = 1.0 + 0.0im, bound_norm=0.999995, free_norm=5.0e-6 + 0.0im
     | block_size = 5 
[TDSE] Runing TDSE-SH-linear (length gauge, dipole form). step 4200 energy = -0.4964098053386701, norm_value = 1.0 + 0.0im, bound_norm=0.999993, free_norm=7.0e-6 + 0.0im
     | block_size = 7 
[TDSE] Runing TDSE-SH-linear (length gauge, dipole form). step 4400 energy = -0.4964027299090749, norm_value = 1.0 + 0.0im, bound_norm=0.99999, free_norm=1.0e-5 + 0.0im
     | block_size = 10 
[TDSE] Runing TDSE-SH-linear (length gauge, dipole form). step 4600 energy = -0.4963998981971149, norm_value = 1.0 + 0.0im, bound_norm=0.99999, free_norm=1.0e-5 + 0.0im
     | block_size = 13 
[TDSE] Runing TDSE-SH-linear (length gauge, dipole form). step 4800 energy = -0.49640310293699075, norm_value = 1.0 + 0.0im, bound_norm=0.999991, free_norm=9.0e-6 + 0.0im
     | block_size = 17 
[TDSE] Runing TDSE-SH-linear (length gauge, dipole form). step 5000 energy = -0.496411838565294, norm_value = 1.0 + 0.0im, bound_norm=0.999993, free_norm=7.0e-6 + 0.0im
     | block_size = 19 
[TDSE] Runing TDSE-SH-linear (length gauge, dipole form). step 5200 energy = -0.49642311271627737, norm_value = 1.0 + 0.0im, bound_norm=0.999997, free_norm=3.0e-6 + 0.0im
     | block_size = 22 
[TDSE] Runing TDSE-SH-linear (length gauge, dipole form). step 5400 energy = -0.49643179890836725, norm_value = 1.0 + 0.0im, bound_norm=0.999999, free_norm=1.0e-6 + 0.0im
     | block_size = 23 
[TDSE] Runing TDSE-SH-linear (length gauge, dipole form). step 5600 energy = -0.4964322272727094, norm_value = 1.0 + 0.0im, bound_norm=1.0, free_norm=0.0 + 0.0im
     | block_size = 23 
[TDSE] Runing TDSE-SH-linear (length gauge, dipole form). step 5800 energy = -0.49642038636702807, norm_value = 1.0 + 0.0im, bound_norm=0.999996, free_norm=4.0e-6 + 0.0im
     | block_size = 22 
[TDSE] Runing TDSE-SH-linear (length gauge, dipole form). step 6000 energy = -0.4963959554643117, norm_value = 1.0 + 0.0im, bound_norm=0.999988, free_norm=1.2e-5 + 0.0im
     | block_size = 18 
[TDSE] Runing TDSE-SH-linear (length gauge, dipole form). step 6200 energy = -0.4963633525261212, norm_value = 1.0 + 0.0im, bound_norm=0.999978, free_norm=2.2e-5 + 0.0im
     | block_size = 13 
[TDSE] Runing TDSE-SH-linear (length gauge, dipole form). step 6400 energy = -0.4963310221925901, norm_value = 1.0 + 0.0im, bound_norm=0.999968, free_norm=3.2e-5 + 0.0im
     | block_size = 10 
[TDSE] Runing TDSE-SH-linear (length gauge, dipole form). step 6600 energy = -0.4963093455096839, norm_value = 1.0 + 0.0im, bound_norm=0.999962, free_norm=3.8e-5 + 0.0im
     | block_size = 14 
[TDSE] Runing TDSE-SH-linear (length gauge, dipole form). step 6800 energy = -0.49630645601061335, norm_value = 1.0 + 0.0im, bound_norm=0.999961, free_norm=3.9e-5 + 0.0im
     | block_size = 20 
[TDSE] Runing TDSE-SH-linear (length gauge, dipole form). step 7000 energy = -0.49632512474561163, norm_value = 1.0 + 0.0im, bound_norm=0.999967, free_norm=3.3e-5 + 0.0im
     | block_size = 27 
[TDSE] Runing TDSE-SH-linear (length gauge, dipole form). step 7200 energy = -0.4963603003341107, norm_value = 1.0 + 0.0im, bound_norm=0.999977, free_norm=2.3e-5 + 0.0im
     | block_size = 32 
[TDSE] Runing TDSE-SH-linear (length gauge, dipole form). step 7400 energy = -0.49639975143094917, norm_value = 1.0 + 0.0im, bound_norm=0.99999, free_norm=1.0e-5 + 0.0im
     | block_size = 36 
[TDSE] Runing TDSE-SH-linear (length gauge, dipole form). step 7600 energy = -0.49642770250349044, norm_value = 1.0 + 0.0im, bound_norm=0.999998, free_norm=2.0e-6 + 0.0im
     | block_size = 39 
[TDSE] Runing TDSE-SH-linear (length gauge, dipole form). step 7800 energy = -0.4964298613988402, norm_value = 1.0 + 0.0im, bound_norm=0.999999, free_norm=1.0e-6 + 0.0im
     | block_size = 39 
[TDSE] Runing TDSE-SH-linear (length gauge, dipole form). step 8000 energy = -0.4963989702491103, norm_value = 1.0 + 0.0im, bound_norm=0.999989, free_norm=1.1e-5 + 0.0im
     | block_size = 36 
[TDSE] Runing TDSE-SH-linear (length gauge, dipole form). step 8200 energy = -0.4963382976969343, norm_value = 1.0 + 0.0im, bound_norm=0.999971, free_norm=2.9e-5 + 0.0im
     | block_size = 31 
[TDSE] Runing TDSE-SH-linear (length gauge, dipole form). step 8400 energy = -0.4962622463880127, norm_value = 1.0 + 0.0im, bound_norm=0.999947, free_norm=5.3e-5 + 0.0im
     | block_size = 27 
[TDSE] Runing TDSE-SH-linear (length gauge, dipole form). step 8600 energy = -0.4961925770305375, norm_value = 1.0 + 0.0im, bound_norm=0.999926, free_norm=7.4e-5 + 0.0im
     | block_size = 18 
[TDSE] Runing TDSE-SH-linear (length gauge, dipole form). step 8800 energy = -0.49615208022934687, norm_value = 1.0 + 0.0im, bound_norm=0.999914, free_norm=8.6e-5 + 0.0im
     | block_size = 18 
[TDSE] Runing TDSE-SH-linear (length gauge, dipole form). step 9000 energy = -0.49615581369145206, norm_value = 1.0 + 0.0im, bound_norm=0.999915, free_norm=8.5e-5 + 0.0im
     | block_size = 26 
[TDSE] Runing TDSE-SH-linear (length gauge, dipole form). step 9200 energy = -0.49620467503482013, norm_value = 1.0 + 0.0im, bound_norm=0.99993, free_norm=7.0e-5 + 0.0im
     | block_size = 36 
[TDSE] Runing TDSE-SH-linear (length gauge, dipole form). step 9400 energy = -0.49628377837031684, norm_value = 1.0 + 0.0im, bound_norm=0.999954, free_norm=4.6e-5 + 0.0im
     | block_size = 44 
[TDSE] Runing TDSE-SH-linear (length gauge, dipole form). step 9600 energy = -0.4963661300422845, norm_value = 1.0 + 0.0im, bound_norm=0.999979, free_norm=2.1e-5 + 0.0im
     | block_size = 49 
[TDSE] Runing TDSE-SH-linear (length gauge, dipole form). step 9800 energy = -0.4964217252076325, norm_value = 1.0 + 0.0im, bound_norm=0.999997, free_norm=3.0e-6 + 0.0im
     | block_size = 53 
[TDSE] Runing TDSE-SH-linear (length gauge, dipole form). step 10000 energy = -0.49642728722220164, norm_value = 1.0 + 0.0im, bound_norm=0.999998, free_norm=2.0e-6 + 0.0im
     | block_size = 53 
[TDSE] Runing TDSE-SH-linear (length gauge, dipole form). step 10200 energy = -0.49637449849831644, norm_value = 1.0 + 0.0im, bound_norm=0.999982, free_norm=1.8e-5 + 0.0im
     | block_size = 50 
[TDSE] Runing TDSE-SH-linear (length gauge, dipole form). step 10400 energy = -0.49627380184533915, norm_value = 1.0 + 0.0im, bound_norm=0.999951, free_norm=4.9e-5 + 0.0im
     | block_size = 44 
[TDSE] Runing TDSE-SH-linear (length gauge, dipole form). step 10600 energy = -0.49615275745569914, norm_value = 1.0 + 0.0im, bound_norm=0.999914, free_norm=8.6e-5 + 0.0im
     | block_size = 35 
[TDSE] Runing TDSE-SH-linear (length gauge, dipole form). step 10800 energy = -0.4960482738449046, norm_value = 1.0 + 0.0im, bound_norm=0.999883, free_norm=0.000117 + 0.0im
     | block_size = 24 
[TDSE] Runing TDSE-SH-linear (length gauge, dipole form). step 11000 energy = -0.49599481846165927, norm_value = 1.0 + 0.0im, bound_norm=0.999867, free_norm=0.000133 + 0.0im
     | block_size = 25 
[TDSE] Runing TDSE-SH-linear (length gauge, dipole form). step 11200 energy = -0.4960117253300921, norm_value = 1.0 + 0.0im, bound_norm=0.999872, free_norm=0.000128 + 0.0im
     | block_size = 34 
[TDSE] Runing TDSE-SH-linear (length gauge, dipole form). step 11400 energy = -0.4960946890612809, norm_value = 1.0 + 0.0im, bound_norm=0.999897, free_norm=0.000103 + 0.0im
     | block_size = 44 
[TDSE] Runing TDSE-SH-linear (length gauge, dipole form). step 11600 energy = -0.496216910450135, norm_value = 1.0 + 0.0im, bound_norm=0.999934, free_norm=6.6e-5 + 0.0im
     | block_size = 54 
[TDSE] Runing TDSE-SH-linear (length gauge, dipole form). step 11800 energy = -0.4963376966830273, norm_value = 1.0 + 0.0im, bound_norm=0.999971, free_norm=2.9e-5 + 0.0im
     | block_size = 62 
[TDSE] Runing TDSE-SH-linear (length gauge, dipole form). step 12000 energy = -0.4964165267155684, norm_value = 1.0 + 0.0im, bound_norm=0.999995, free_norm=5.0e-6 + 0.0im
     | block_size = 66 
[TDSE] Runing TDSE-SH-linear (length gauge, dipole form). step 12200 energy = -0.4964259622827986, norm_value = 1.0 + 0.0im, bound_norm=0.999998, free_norm=2.0e-6 + 0.0im
     | block_size = 67 
[TDSE] Runing TDSE-SH-linear (length gauge, dipole form). step 12400 energy = -0.4963602493352708, norm_value = 1.0 + 0.0im, bound_norm=0.999978, free_norm=2.2e-5 + 0.0im
     | block_size = 63 
[TDSE] Runing TDSE-SH-linear (length gauge, dipole form). step 12600 energy = -0.4962375755135941, norm_value = 1.0 + 0.0im, bound_norm=0.99994, free_norm=6.0e-5 + 0.0im
     | block_size = 55 
[TDSE] Runing TDSE-SH-linear (length gauge, dipole form). step 12800 energy = -0.49609534702998814, norm_value = 1.0 + 0.0im, bound_norm=0.999897, free_norm=0.000103 + 0.0im
     | block_size = 50 
[TDSE] Runing TDSE-SH-linear (length gauge, dipole form). step 13000 energy = -0.49597905950598814, norm_value = 1.0 + 0.0im, bound_norm=0.999863, free_norm=0.000137 + 0.0im
     | block_size = 46 
[TDSE] Runing TDSE-SH-linear (length gauge, dipole form). step 13200 energy = -0.49592716184103575, norm_value = 1.0 + 0.0im, bound_norm=0.999847, free_norm=0.000153 + 0.0im
     | block_size = 40 
[TDSE] Runing TDSE-SH-linear (length gauge, dipole form). step 13400 energy = -0.4959573288479318, norm_value = 1.0 + 0.0im, bound_norm=0.999856, free_norm=0.000144 + 0.0im
     | block_size = 43 
[TDSE] Runing TDSE-SH-linear (length gauge, dipole form). step 13600 energy = -0.4960591890957286, norm_value = 1.0 + 0.0im, bound_norm=0.999886, free_norm=0.000114 + 0.0im
     | block_size = 56 
[TDSE] Runing TDSE-SH-linear (length gauge, dipole form). step 13800 energy = -0.4961988626713008, norm_value = 1.0 + 0.0im, bound_norm=0.999928, free_norm=7.2e-5 + 0.0im
     | block_size = 66 
[TDSE] Runing TDSE-SH-linear (length gauge, dipole form). step 14000 energy = -0.496331166874277, norm_value = 1.0 + 0.0im, bound_norm=0.999969, free_norm=3.1e-5 + 0.0im
     | block_size = 75 
[TDSE] Runing TDSE-SH-linear (length gauge, dipole form). step 14200 energy = -0.49641515610670045, norm_value = 1.0 + 0.0im, bound_norm=0.999995, free_norm=5.0e-6 + 0.0im
     | block_size = 80 
[TDSE] Runing TDSE-SH-linear (length gauge, dipole form). step 14400 energy = -0.4964266600176889, norm_value = 1.0 + 0.0im, bound_norm=0.999998, free_norm=2.0e-6 + 0.0im
     | block_size = 81 
[TDSE] Runing TDSE-SH-linear (length gauge, dipole form). step 14600 energy = -0.49636482653628033, norm_value = 1.0 + 0.0im, bound_norm=0.999979, free_norm=2.1e-5 + 0.0im
     | block_size = 77 
[TDSE] Runing TDSE-SH-linear (length gauge, dipole form). step 14800 energy = -0.49625179793475216, norm_value = 1.0 + 0.0im, bound_norm=0.999944, free_norm=5.6e-5 + 0.0im
     | block_size = 69 
[TDSE] Runing TDSE-SH-linear (length gauge, dipole form). step 15000 energy = -0.49612569185917116, norm_value = 1.0 + 0.0im, bound_norm=0.999906, free_norm=9.4e-5 + 0.0im
     | block_size = 64 
[TDSE] Runing TDSE-SH-linear (length gauge, dipole form). step 15200 energy = -0.49602854823286385, norm_value = 1.0 + 0.0im, bound_norm=0.999877, free_norm=0.000123 + 0.0im
     | block_size = 55 
[TDSE] Runing TDSE-SH-linear (length gauge, dipole form). step 15400 energy = -0.49599216574484684, norm_value = 1.0 + 0.0im, bound_norm=0.999867, free_norm=0.000133 + 0.0im
     | block_size = 42 
[TDSE] Runing TDSE-SH-linear (length gauge, dipole form). step 15600 energy = -0.4960274754066453, norm_value = 1.0 + 0.0im, bound_norm=0.999877, free_norm=0.000123 + 0.0im
     | block_size = 42 
[TDSE] Runing TDSE-SH-linear (length gauge, dipole form). step 15800 energy = -0.49612101604453696, norm_value = 1.0 + 0.0im, bound_norm=0.999905, free_norm=9.5e-5 + 0.0im
     | block_size = 52 
[TDSE] Runing TDSE-SH-linear (length gauge, dipole form). step 16000 energy = -0.49624135898045074, norm_value = 1.0 + 0.0im, bound_norm=0.999941, free_norm=5.9e-5 + 0.0im
     | block_size = 62 
[TDSE] Runing TDSE-SH-linear (length gauge, dipole form). step 16200 energy = -0.49635091228794154, norm_value = 1.0 + 0.0im, bound_norm=0.999975, free_norm=2.5e-5 + 0.0im
     | block_size = 72 
[TDSE] Runing TDSE-SH-linear (length gauge, dipole form). step 16400 energy = -0.4964185909562894, norm_value = 1.0 + 0.0im, bound_norm=0.999996, free_norm=4.0e-6 + 0.0im
     | block_size = 78 
[TDSE] Runing TDSE-SH-linear (length gauge, dipole form). step 16600 energy = -0.49642887418447706, norm_value = 1.0 + 0.0im, bound_norm=0.999999, free_norm=1.0e-6 + 0.0im
     | block_size = 79 
[TDSE] Runing TDSE-SH-linear (length gauge, dipole form). step 16800 energy = -0.49638512123842016, norm_value = 1.0 + 0.0im, bound_norm=0.999985, free_norm=1.5e-5 + 0.0im
     | block_size = 74 
[TDSE] Runing TDSE-SH-linear (length gauge, dipole form). step 17000 energy = -0.4963071832416037, norm_value = 1.0 + 0.0im, bound_norm=0.999961, free_norm=3.9e-5 + 0.0im
     | block_size = 68 
[TDSE] Runing TDSE-SH-linear (length gauge, dipole form). step 17200 energy = -0.49622422578196573, norm_value = 1.0 + 0.0im, bound_norm=0.999936, free_norm=6.4e-5 + 0.0im
     | block_size = 68 
[TDSE] Runing TDSE-SH-linear (length gauge, dipole form). step 17400 energy = -0.49616500820682535, norm_value = 1.0 + 0.0im, bound_norm=0.999918, free_norm=8.2e-5 + 0.0im
     | block_size = 71 
[TDSE] Runing TDSE-SH-linear (length gauge, dipole form). step 17600 energy = -0.49614836923043476, norm_value = 1.0 + 0.0im, bound_norm=0.999913, free_norm=8.7e-5 + 0.0im
     | block_size = 80 
[TDSE] Runing TDSE-SH-linear (length gauge, dipole form). step 17800 energy = -0.4961778271395498, norm_value = 1.0 + 0.0im, bound_norm=0.999922, free_norm=7.8e-5 + 0.0im
     | block_size = 90 
[TDSE] Runing TDSE-SH-linear (length gauge, dipole form). step 18000 energy = -0.4962415981687224, norm_value = 1.0 + 0.0im, bound_norm=0.999941, free_norm=5.9e-5 + 0.0im
     | block_size = 96 
[TDSE] Runing TDSE-SH-linear (length gauge, dipole form). step 18200 energy = -0.4963182688219926, norm_value = 1.0 + 0.0im, bound_norm=0.999965, free_norm=3.5e-5 + 0.0im
     | block_size = 100 
[TDSE] Runing TDSE-SH-linear (length gauge, dipole form). step 18400 energy = -0.49638496895684536, norm_value = 1.0 + 0.0im, bound_norm=0.999985, free_norm=1.5e-5 + 0.0im
     | block_size = 101 
[TDSE] Runing TDSE-SH-linear (length gauge, dipole form). step 18600 energy = -0.4964247884344992, norm_value = 1.0 + 0.0im, bound_norm=0.999997, free_norm=3.0e-6 + 0.0im
     | block_size = 106 
[TDSE] Runing TDSE-SH-linear (length gauge, dipole form). step 18800 energy = -0.49643131727801826, norm_value = 1.0 + 0.0im, bound_norm=0.999999, free_norm=1.0e-6 + 0.0im
     | block_size = 107 
[TDSE] Runing TDSE-SH-linear (length gauge, dipole form). step 19000 energy = -0.49640919334287176, norm_value = 1.0 + 0.0im, bound_norm=0.999993, free_norm=7.0e-6 + 0.0im
     | block_size = 103 
[TDSE] Runing TDSE-SH-linear (length gauge, dipole form). step 19200 energy = -0.4963712614674867, norm_value = 1.0 + 0.0im, bound_norm=0.999981, free_norm=1.9e-5 + 0.0im
     | block_size = 100 
[TDSE] Runing TDSE-SH-linear (length gauge, dipole form). step 19400 energy = -0.4963334776787107, norm_value = 1.0 + 0.0im, bound_norm=0.999969, free_norm=3.1e-5 + 0.0im
     | block_size = 99 
[TDSE] Runing TDSE-SH-linear (length gauge, dipole form). step 19600 energy = -0.4963094847033344, norm_value = 1.0 + 0.0im, bound_norm=0.999962, free_norm=3.8e-5 + 0.0im
     | block_size = 96 
[TDSE] Runing TDSE-SH-linear (length gauge, dipole form). step 19800 energy = -0.49630643646022365, norm_value = 1.0 + 0.0im, bound_norm=0.999961, free_norm=3.9e-5 + 0.0im
     | block_size = 86 
[TDSE] Runing TDSE-SH-linear (length gauge, dipole form). step 20000 energy = -0.4963236563973085, norm_value = 1.0 + 0.0im, bound_norm=0.999966, free_norm=3.4e-5 + 0.0im
     | block_size = 80 
[TDSE] Runing TDSE-SH-linear (length gauge, dipole form). step 20200 energy = -0.49635408044127327, norm_value = 1.0 + 0.0im, bound_norm=0.999975, free_norm=2.5e-5 + 0.0im
     | block_size = 77 
[TDSE] Runing TDSE-SH-linear (length gauge, dipole form). step 20400 energy = -0.49638757790606675, norm_value = 1.0 + 0.0im, bound_norm=0.999986, free_norm=1.4e-5 + 0.0im
     | block_size = 74 
[TDSE] Runing TDSE-SH-linear (length gauge, dipole form). step 20600 energy = -0.49641488237685527, norm_value = 1.0 + 0.0im, bound_norm=0.999994, free_norm=6.0e-6 + 0.0im
     | block_size = 75 
[TDSE] Runing TDSE-SH-linear (length gauge, dipole form). step 20800 energy = -0.49643030978926717, norm_value = 1.0 + 0.0im, bound_norm=0.999999, free_norm=1.0e-6 + 0.0im
     | block_size = 78 
[TDSE] Runing TDSE-SH-linear (length gauge, dipole form). step 21000 energy = -0.49643294997195114, norm_value = 1.0 + 0.0im, bound_norm=1.0, free_norm=0.0 + 0.0im
     | block_size = 79 
[TDSE] Runing TDSE-SH-linear (length gauge, dipole form). step 21200 energy = -0.4964259825520984, norm_value = 1.0 + 0.0im, bound_norm=0.999998, free_norm=2.0e-6 + 0.0im
     | block_size = 76 
[TDSE] Runing TDSE-SH-linear (length gauge, dipole form). step 21400 energy = -0.4964148508876499, norm_value = 1.0 + 0.0im, bound_norm=0.999994, free_norm=6.0e-6 + 0.0im
     | block_size = 74 
[TDSE] Runing TDSE-SH-linear (length gauge, dipole form). step 21600 energy = -0.49640500661883263, norm_value = 1.0 + 0.0im, bound_norm=0.999991, free_norm=9.0e-6 + 0.0im
     | block_size = 74 
[TDSE] Runing TDSE-SH-linear (length gauge, dipole form). step 21800 energy = -0.4964001565662271, norm_value = 1.0 + 0.0im, bound_norm=0.99999, free_norm=1.0e-5 + 0.0im
     | block_size = 77 
[TDSE] Runing TDSE-SH-linear (length gauge, dipole form). step 22000 energy = -0.4964014318838301, norm_value = 1.0 + 0.0im, bound_norm=0.99999, free_norm=1.0e-5 + 0.0im
     | block_size = 80 
[TDSE] Runing TDSE-SH-linear (length gauge, dipole form). step 22200 energy = -0.49640759681860513, norm_value = 1.0 + 0.0im, bound_norm=0.999992, free_norm=8.0e-6 + 0.0im
     | block_size = 81 
[TDSE] Runing TDSE-SH-linear (length gauge, dipole form). step 22400 energy = -0.4964161087717453, norm_value = 1.0 + 0.0im, bound_norm=0.999995, free_norm=5.0e-6 + 0.0im
     | block_size = 84 
[TDSE] Runing TDSE-SH-linear (length gauge, dipole form). step 22600 energy = -0.4964242460012709, norm_value = 1.0 + 0.0im, bound_norm=0.999997, free_norm=3.0e-6 + 0.0im
     | block_size = 86 
[TDSE] Runing TDSE-SH-linear (length gauge, dipole form). step 22800 energy = -0.4964301261368322, norm_value = 1.0 + 0.0im, bound_norm=0.999999, free_norm=1.0e-6 + 0.0im
     | block_size = 88 
[TDSE] Runing TDSE-SH-linear (length gauge, dipole form). step 23000 energy = -0.4964330944792532, norm_value = 1.0 + 0.0im, bound_norm=1.0, free_norm=0.0 + 0.0im
     | block_size = 89 
[TDSE] Runing TDSE-SH-linear (length gauge, dipole form). step 23200 energy = -0.49643359042954505, norm_value = 1.0 + 0.0im, bound_norm=1.0, free_norm=0.0 + 0.0im
     | block_size = 89 
[TDSE] Runing TDSE-SH-linear (length gauge, dipole form). step 23400 energy = -0.4964326754037852, norm_value = 1.0 + 0.0im, bound_norm=1.0, free_norm=0.0 + 0.0im
     | block_size = 89 
[TDSE] Runing TDSE-SH-linear (length gauge, dipole form). step 23600 energy = -0.4964314635437758, norm_value = 1.0 + 0.0im, bound_norm=0.999999, free_norm=1.0e-6 + 0.0im
     | block_size = 86 
[TDSE] Runing TDSE-SH-linear (length gauge, dipole form). step 23800 energy = -0.496430718567836, norm_value = 1.0 + 0.0im, bound_norm=0.999999, free_norm=1.0e-6 + 0.0im
     | block_size = 88 
[TDSE] Runing TDSE-SH-linear (length gauge, dipole form). step 24000 energy = -0.4964306971312572, norm_value = 1.0 + 0.0im, bound_norm=0.999999, free_norm=1.0e-6 + 0.0im
     | block_size = 85 
[TDSE] Runing TDSE-SH-linear (length gauge, dipole form). step 24200 energy = -0.49643126206386057, norm_value = 1.0 + 0.0im, bound_norm=0.999999, free_norm=1.0e-6 + 0.0im
     | block_size = 82 
[TDSE] Runing TDSE-SH-linear (length gauge, dipole form). step 24400 energy = -0.4964320728936885, norm_value = 1.0 + 0.0im, bound_norm=0.999999, free_norm=1.0e-6 + 0.0im
     | block_size = 84 
[TDSE] Runing TDSE-SH-linear (length gauge, dipole form). step 24600 energy = -0.4964328192794101, norm_value = 1.0 + 0.0im, bound_norm=1.0, free_norm=0.0 + 0.0im
     | block_size = 83 
[TDSE] Runing TDSE-SH-linear (length gauge, dipole form). step 24800 energy = -0.49643333229942976, norm_value = 1.0 + 0.0im, bound_norm=1.0, free_norm=0.0 + 0.0im
     | block_size = 81 
[TDSE] Runing TDSE-SH-linear (length gauge, dipole form). step 25000 energy = -0.4964335937424782, norm_value = 1.0 + 0.0im, bound_norm=1.0, free_norm=0.0 + 0.0im
     | block_size = 80 
[TDSE] Runing TDSE-SH-linear (length gauge, dipole form). step 25200 energy = -0.49643368318319847, norm_value = 1.0 + 0.0im, bound_norm=1.0, free_norm=0.0 + 0.0im
     | block_size = 80 
[TDSE] Runing TDSE-SH-linear (length gauge, dipole form). step 25400 energy = -0.49643369374386415, norm_value = 1.0 + 0.0im, bound_norm=1.0, free_norm=0.0 + 0.0im
     | block_size = 80 
[TDSE] Runing TDSE-SH-linear (length gauge, dipole form). step 25600 energy = -0.4964336882873589, norm_value = 1.0 + 0.0im, bound_norm=1.0, free_norm=0.0 + 0.0im
     | block_size = 80 
[TDSE] Runing TDSE-SH-linear (length gauge, dipole form). step 25800 energy = -0.49643368826452605, norm_value = 1.0 + 0.0im, bound_norm=1.0, free_norm=0.0 + 0.0im
     | block_size = 80 
[TDSE] Runing TDSE-SH-linear (length gauge, dipole form). step 26000 energy = -0.4964336922475325, norm_value = 1.0 + 0.0im, bound_norm=1.0, free_norm=0.0 + 0.0im
     | block_size = 80 
[TDSE] Runing TDSE-SH-linear (length gauge, dipole form). step 26200 energy = -0.4964336946069447, norm_value = 1.0 + 0.0im, bound_norm=1.0, free_norm=0.0 + 0.0im
     | block_size = 80 
[TDSE] Runing TDSE-SH-linear (length gauge, dipole form). step 26400 energy = -0.49643369498594986, norm_value = 1.0 + 0.0im, bound_norm=1.0, free_norm=0.0 + 0.0im
     | block_size = 80 
Sample 2026_5_15_hg_massive_0.0175_0.0_0.0285_6.0_short_range does not exist. Exceute a new sample.
[ITP]: 10000.496424741636
[ITP]: 3.468948764850932e-6
[ITP]: 2.0119768988635656e-6
[ITP]: 1.2363970314233086e-6
[ITP]: 7.802127368616851e-7
[ITP]: 5.004886823867238e-7
[ITP]: 3.247063635747338e-7
[ITP]: 2.1241854042397534e-7
[ITP]: 1.3984492786001113e-7
[ITP]: 9.25260389417204e-8
[ITP]: 6.146357944825098e-8
[ITP]: 4.0962812142275595e-8
[ITP]: 2.737382170936442e-8
[ITP]: 1.8334269435982264e-8
[ITP]: 1.2303307206362746e-8
[ITP]: 8.269649631742482e-9
[ITP]: 5.566198502116038e-9
[ITP]: 3.7510526906814334e-9
[ITP]: 2.530471499007092e-9
[ITP]: 1.7086173587088638e-9
[ITP]: 1.154605577813328e-9
[ITP]: 7.807770541212733e-10
[ITP]: 5.283077308959605e-10
[ITP]: 3.576713369923823e-10
[ITP]: 2.422650968725293e-10
[ITP]: 1.6416579207145787e-10
[ITP]: 1.1128536980820058e-10
[ITP]: 7.546496760824084e-11
[ITP]: 5.119060730862657e-11
[ITP]: 3.4733049769641866e-11
[ITP]: 2.3571977703085167e-11
[ITP]: 1.6002199565434694e-11
[ITP]: 1.086369882941085e-11
[ITP]: 7.378653243961253e-12
[ITP]: 5.010714065889488e-12
[ITP]: 3.4039993046519612e-12
[ITP]: 2.313038649504051e-12
[ITP]: 1.570410468332284e-12
[ITP]: 1.0681455719918631e-12
[ITP]: 7.265299473147024e-13
[ITP]: 4.919398222114069e-13
[ITP]: 3.346212196220222e-13
[ITP]: 2.2842838731662596e-13
[ITP]: 1.5498713423767185e-13
[ITP]: 1.0536016503692736e-13
[ITP]: 7.188694084447889e-14
[ITP]: 4.801714581503802e-14
[ITP]: 3.347322419244847e-14
[ITP]: 2.3148150063434514e-14
[ITP]: 1.4432899320127035e-14
[ITP]: 1.1102230246251565e-14
[ITP]: 7.16093850883226e-15
[ITP]: 4.440892098500626e-15
[ITP]: 2.6645352591003757e-15
[ITP]: 2.831068712794149e-15
[ITP]: 1.4988010832439613e-15
[ITP]: 6.661338147750939e-16
[ITP]: 7.771561172376096e-16
[ITP]: 5.551115123125783e-16
[ITP]: 2.220446049250313e-16
[ITP]: 4.440892098500626e-16
[ITP]: 6.106226635438361e-16
[ITP]: 7.216449660063518e-16
[ITP]: 4.440892098500626e-16
[ITP]: 4.440892098500626e-16
[ITP]: 3.3306690738754696e-16
[ITP]: 1.1102230246251565e-15
[ITP]: 1.1102230246251565e-16
[ITP]: 7.216449660063518e-16
[ITP]: 1.1102230246251565e-16
[ITP]: 8.326672684688674e-16
[ITP]: 7.216449660063518e-16
[ITP]: 2.7755575615628914e-16
[ITP]: 4.996003610813204e-16
[ITP]: 4.440892098500626e-16
[ITP]: 4.440892098500626e-16
[ITP]: 1.6653345369377348e-16
[ITP]: 4.996003610813204e-16
[ITP]: 1.1657341758564144e-15
[ITP]: 1.1102230246251565e-16
[ITP]: 0.0
[TDSE] Runing TDSE-SH-linear (length gauge, dipole form). step 0 energy = -0.4964336949924361, norm_value = 1.0 + 0.0im, bound_norm=1.0, free_norm=0.0 + 0.0im
     | block_size = 3 
[TDSE] Runing TDSE-SH-linear (length gauge, dipole form). step 200 energy = -0.4964336947901786, norm_value = 1.0 + 0.0im, bound_norm=1.0, free_norm=0.0 + 0.0im
     | block_size = 3 
[TDSE] Runing TDSE-SH-linear (length gauge, dipole form). step 400 energy = -0.496433692492714, norm_value = 1.0 + 0.0im, bound_norm=1.0, free_norm=0.0 + 0.0im
     | block_size = 3 
[TDSE] Runing TDSE-SH-linear (length gauge, dipole form). step 600 energy = -0.49643368709599306, norm_value = 1.0 + 0.0im, bound_norm=1.0, free_norm=0.0 + 0.0im
     | block_size = 3 
[TDSE] Runing TDSE-SH-linear (length gauge, dipole form). step 800 energy = -0.4964336850917885, norm_value = 1.0 + 0.0im, bound_norm=1.0, free_norm=0.0 + 0.0im
     | block_size = 4 
[TDSE] Runing TDSE-SH-linear (length gauge, dipole form). step 1000 energy = -0.4964336911487551, norm_value = 1.0 + 0.0im, bound_norm=1.0, free_norm=0.0 + 0.0im
     | block_size = 3 
[TDSE] Runing TDSE-SH-linear (length gauge, dipole form). step 1200 energy = -0.496433688740434, norm_value = 1.0 + 0.0im, bound_norm=1.0, free_norm=0.0 + 0.0im
     | block_size = 4 
[TDSE] Runing TDSE-SH-linear (length gauge, dipole form). step 1400 energy = -0.4964336078503747, norm_value = 1.0 + 0.0im, bound_norm=1.0, free_norm=0.0 + 0.0im
     | block_size = 4 
[TDSE] Runing TDSE-SH-linear (length gauge, dipole form). step 1600 energy = -0.49643333027474795, norm_value = 1.0 + 0.0im, bound_norm=1.0, free_norm=0.0 + 0.0im
     | block_size = 4 
[TDSE] Runing TDSE-SH-linear (length gauge, dipole form). step 1800 energy = -0.49643272662065074, norm_value = 1.0 + 0.0im, bound_norm=1.0, free_norm=0.0 + 0.0im
     | block_size = 4 
[TDSE] Runing TDSE-SH-linear (length gauge, dipole form). step 2000 energy = -0.496431789554253, norm_value = 1.0 + 0.0im, bound_norm=0.999999, free_norm=1.0e-6 + 0.0im
     | block_size = 5 
[TDSE] Runing TDSE-SH-linear (length gauge, dipole form). step 2200 energy = -0.4964306698262982, norm_value = 1.0 + 0.0im, bound_norm=0.999999, free_norm=1.0e-6 + 0.0im
     | block_size = 5 
[TDSE] Runing TDSE-SH-linear (length gauge, dipole form). step 2400 energy = -0.4964297612918373, norm_value = 1.0 + 0.0im, bound_norm=0.999999, free_norm=1.0e-6 + 0.0im
     | block_size = 6 
[TDSE] Runing TDSE-SH-linear (length gauge, dipole form). step 2600 energy = -0.4964295418571457, norm_value = 1.0 + 0.0im, bound_norm=0.999999, free_norm=1.0e-6 + 0.0im
     | block_size = 7 
[TDSE] Runing TDSE-SH-linear (length gauge, dipole form). step 2800 energy = -0.4964302860608092, norm_value = 1.0 + 0.0im, bound_norm=0.999999, free_norm=1.0e-6 + 0.0im
     | block_size = 8 
[TDSE] Runing TDSE-SH-linear (length gauge, dipole form). step 3000 energy = -0.4964318454047255, norm_value = 1.0 + 0.0im, bound_norm=0.999999, free_norm=1.0e-6 + 0.0im
     | block_size = 9 
[TDSE] Runing TDSE-SH-linear (length gauge, dipole form). step 3200 energy = -0.49643333471857115, norm_value = 1.0 + 0.0im, bound_norm=1.0, free_norm=0.0 + 0.0im
     | block_size = 9 
[TDSE] Runing TDSE-SH-linear (length gauge, dipole form). step 3400 energy = -0.49643334431137076, norm_value = 1.0 + 0.0im, bound_norm=1.0, free_norm=0.0 + 0.0im
     | block_size = 9 
[TDSE] Runing TDSE-SH-linear (length gauge, dipole form). step 3600 energy = -0.49643032510548046, norm_value = 1.0 + 0.0im, bound_norm=0.999999, free_norm=1.0e-6 + 0.0im
     | block_size = 9 
[TDSE] Runing TDSE-SH-linear (length gauge, dipole form). step 3800 energy = -0.49642339487067055, norm_value = 1.0 + 0.0im, bound_norm=0.999997, free_norm=3.0e-6 + 0.0im
     | block_size = 7 
[TDSE] Runing TDSE-SH-linear (length gauge, dipole form). step 4000 energy = -0.49641295384015205, norm_value = 1.0 + 0.0im, bound_norm=0.999994, free_norm=6.0e-6 + 0.0im
     | block_size = 6 
[TDSE] Runing TDSE-SH-linear (length gauge, dipole form). step 4200 energy = -0.4964011695017944, norm_value = 1.0 + 0.0im, bound_norm=0.99999, free_norm=1.0e-5 + 0.0im
     | block_size = 7 
[TDSE] Runing TDSE-SH-linear (length gauge, dipole form). step 4400 energy = -0.49639153245413764, norm_value = 1.0 + 0.0im, bound_norm=0.999987, free_norm=1.3e-5 + 0.0im
     | block_size = 11 
[TDSE] Runing TDSE-SH-linear (length gauge, dipole form). step 4600 energy = -0.49638767549984025, norm_value = 1.0 + 0.0im, bound_norm=0.999986, free_norm=1.4e-5 + 0.0im
     | block_size = 15 
[TDSE] Runing TDSE-SH-linear (length gauge, dipole form). step 4800 energy = -0.49639204021747607, norm_value = 1.0 + 0.0im, bound_norm=0.999987, free_norm=1.3e-5 + 0.0im
     | block_size = 19 
[TDSE] Runing TDSE-SH-linear (length gauge, dipole form). step 5000 energy = -0.4964039379871823, norm_value = 1.0 + 0.0im, bound_norm=0.999991, free_norm=9.0e-6 + 0.0im
     | block_size = 22 
[TDSE] Runing TDSE-SH-linear (length gauge, dipole form). step 5200 energy = -0.49641929009548696, norm_value = 1.0 + 0.0im, bound_norm=0.999996, free_norm=4.0e-6 + 0.0im
     | block_size = 25 
[TDSE] Runing TDSE-SH-linear (length gauge, dipole form). step 5400 energy = -0.4964311140153296, norm_value = 1.0 + 0.0im, bound_norm=0.999999, free_norm=1.0e-6 + 0.0im
     | block_size = 26 
[TDSE] Runing TDSE-SH-linear (length gauge, dipole form). step 5600 energy = -0.4964316972120836, norm_value = 1.0 + 0.0im, bound_norm=0.999999, free_norm=1.0e-6 + 0.0im
     | block_size = 26 
[TDSE] Runing TDSE-SH-linear (length gauge, dipole form). step 5800 energy = -0.4964155783564216, norm_value = 1.0 + 0.0im, bound_norm=0.999994, free_norm=6.0e-6 + 0.0im
     | block_size = 25 
[TDSE] Runing TDSE-SH-linear (length gauge, dipole form). step 6000 energy = -0.4963823072666527, norm_value = 1.0 + 0.0im, bound_norm=0.999984, free_norm=1.6e-5 + 0.0im
     | block_size = 21 
[TDSE] Runing TDSE-SH-linear (length gauge, dipole form). step 6200 energy = -0.4963378729844794, norm_value = 1.0 + 0.0im, bound_norm=0.999971, free_norm=2.9e-5 + 0.0im
     | block_size = 15 
[TDSE] Runing TDSE-SH-linear (length gauge, dipole form). step 6400 energy = -0.49629377715926837, norm_value = 1.0 + 0.0im, bound_norm=0.999957, free_norm=4.3e-5 + 0.0im
     | block_size = 11 
[TDSE] Runing TDSE-SH-linear (length gauge, dipole form). step 6600 energy = -0.4962641889880899, norm_value = 1.0 + 0.0im, bound_norm=0.999948, free_norm=5.2e-5 + 0.0im
     | block_size = 16 
[TDSE] Runing TDSE-SH-linear (length gauge, dipole form). step 6800 energy = -0.49626024109569356, norm_value = 1.0 + 0.0im, bound_norm=0.999947, free_norm=5.3e-5 + 0.0im
     | block_size = 25 
[TDSE] Runing TDSE-SH-linear (length gauge, dipole form). step 7000 energy = -0.49628572767579254, norm_value = 1.0 + 0.0im, bound_norm=0.999955, free_norm=4.5e-5 + 0.0im
     | block_size = 34 
[TDSE] Runing TDSE-SH-linear (length gauge, dipole form). step 7200 energy = -0.4963337083582872, norm_value = 1.0 + 0.0im, bound_norm=0.999969, free_norm=3.1e-5 + 0.0im
     | block_size = 40 
[TDSE] Runing TDSE-SH-linear (length gauge, dipole form). step 7400 energy = -0.4963874800688024, norm_value = 1.0 + 0.0im, bound_norm=0.999986, free_norm=1.4e-5 + 0.0im
     | block_size = 45 
[TDSE] Runing TDSE-SH-linear (length gauge, dipole form). step 7600 energy = -0.4964255375903849, norm_value = 1.0 + 0.0im, bound_norm=0.999998, free_norm=2.0e-6 + 0.0im
     | block_size = 48 
[TDSE] Runing TDSE-SH-linear (length gauge, dipole form). step 7800 energy = -0.49642847797250395, norm_value = 1.0 + 0.0im, bound_norm=0.999999, free_norm=1.0e-6 + 0.0im
     | block_size = 49 
[TDSE] Runing TDSE-SH-linear (length gauge, dipole form). step 8000 energy = -0.4963864141365475, norm_value = 1.0 + 0.0im, bound_norm=0.999986, free_norm=1.4e-5 + 0.0im
     | block_size = 45 
[TDSE] Runing TDSE-SH-linear (length gauge, dipole form). step 8200 energy = -0.4963037178311271, norm_value = 1.0 + 0.0im, bound_norm=0.99996, free_norm=4.0e-5 + 0.0im
     | block_size = 39 
[TDSE] Runing TDSE-SH-linear (length gauge, dipole form). step 8400 energy = -0.4961998657504782, norm_value = 1.0 + 0.0im, bound_norm=0.999929, free_norm=7.1e-5 + 0.0im
     | block_size = 31 
[TDSE] Runing TDSE-SH-linear (length gauge, dipole form). step 8600 energy = -0.4961045530841631, norm_value = 1.0 + 0.0im, bound_norm=0.9999, free_norm=0.0001 + 0.0im
     | block_size = 18 
[TDSE] Runing TDSE-SH-linear (length gauge, dipole form). step 8800 energy = -0.49604907328543446, norm_value = 1.0 + 0.0im, bound_norm=0.999883, free_norm=0.000117 + 0.0im
     | block_size = 20 
[TDSE] Runing TDSE-SH-linear (length gauge, dipole form). step 9000 energy = -0.4960541728883277, norm_value = 1.0 + 0.0im, bound_norm=0.999885, free_norm=0.000115 + 0.0im
     | block_size = 30 
[TDSE] Runing TDSE-SH-linear (length gauge, dipole form). step 9200 energy = -0.4961211189683498, norm_value = 1.0 + 0.0im, bound_norm=0.999905, free_norm=9.5e-5 + 0.0im
     | block_size = 40 
[TDSE] Runing TDSE-SH-linear (length gauge, dipole form). step 9400 energy = -0.4962292819950126, norm_value = 1.0 + 0.0im, bound_norm=0.999938, free_norm=6.2e-5 + 0.0im
     | block_size = 50 
[TDSE] Runing TDSE-SH-linear (length gauge, dipole form). step 9600 energy = -0.49634167113966143, norm_value = 1.0 + 0.0im, bound_norm=0.999972, free_norm=2.8e-5 + 0.0im
     | block_size = 56 
[TDSE] Runing TDSE-SH-linear (length gauge, dipole form). step 9800 energy = -0.49641740242013754, norm_value = 1.0 + 0.0im, bound_norm=0.999995, free_norm=5.0e-6 + 0.0im
     | block_size = 60 
[TDSE] Runing TDSE-SH-linear (length gauge, dipole form). step 10000 energy = -0.4964249754790297, norm_value = 1.0 + 0.0im, bound_norm=0.999998, free_norm=2.0e-6 + 0.0im
     | block_size = 61 
[TDSE] Runing TDSE-SH-linear (length gauge, dipole form). step 10200 energy = -0.49635307512743143, norm_value = 1.0 + 0.0im, bound_norm=0.999975, free_norm=2.5e-5 + 0.0im
     | block_size = 57 
[TDSE] Runing TDSE-SH-linear (length gauge, dipole form). step 10400 energy = -0.49621568446735886, norm_value = 1.0 + 0.0im, bound_norm=0.999933, free_norm=6.7e-5 + 0.0im
     | block_size = 51 
[TDSE] Runing TDSE-SH-linear (length gauge, dipole form). step 10600 energy = -0.49605003856064084, norm_value = 1.0 + 0.0im, bound_norm=0.999884, free_norm=0.000116 + 0.0im
     | block_size = 43 
[TDSE] Runing TDSE-SH-linear (length gauge, dipole form). step 10800 energy = -0.4959066106345227, norm_value = 1.0 + 0.0im, bound_norm=0.999841, free_norm=0.000159 + 0.0im
     | block_size = 38 
[TDSE] Runing TDSE-SH-linear (length gauge, dipole form). step 11000 energy = -0.495833085985494, norm_value = 1.0 + 0.0im, bound_norm=0.99982, free_norm=0.00018 + 0.0im
     | block_size = 32 
[TDSE] Runing TDSE-SH-linear (length gauge, dipole form). step 11200 energy = -0.4958563297258493, norm_value = 1.0 + 0.0im, bound_norm=0.999827, free_norm=0.000173 + 0.0im
     | block_size = 42 
[TDSE] Runing TDSE-SH-linear (length gauge, dipole form). step 11400 energy = -0.4959703806333805, norm_value = 1.0 + 0.0im, bound_norm=0.99986, free_norm=0.00014 + 0.0im
     | block_size = 52 
[TDSE] Runing TDSE-SH-linear (length gauge, dipole form). step 11600 energy = -0.49613788853405094, norm_value = 1.0 + 0.0im, bound_norm=0.99991, free_norm=9.0e-5 + 0.0im
     | block_size = 62 
[TDSE] Runing TDSE-SH-linear (length gauge, dipole form). step 11800 energy = -0.49630290678671185, norm_value = 1.0 + 0.0im, bound_norm=0.99996, free_norm=4.0e-5 + 0.0im
     | block_size = 71 
[TDSE] Runing TDSE-SH-linear (length gauge, dipole form). step 12000 energy = -0.4964103272678278, norm_value = 1.0 + 0.0im, bound_norm=0.999993, free_norm=7.0e-6 + 0.0im
     | block_size = 76 
[TDSE] Runing TDSE-SH-linear (length gauge, dipole form). step 12200 energy = -0.49642317195626917, norm_value = 1.0 + 0.0im, bound_norm=0.999997, free_norm=3.0e-6 + 0.0im
     | block_size = 77 
[TDSE] Runing TDSE-SH-linear (length gauge, dipole form). step 12400 energy = -0.49633366031026865, norm_value = 1.0 + 0.0im, bound_norm=0.99997, free_norm=3.0e-5 + 0.0im
     | block_size = 73 
[TDSE] Runing TDSE-SH-linear (length gauge, dipole form). step 12600 energy = -0.49616617368482485, norm_value = 1.0 + 0.0im, bound_norm=0.999919, free_norm=8.1e-5 + 0.0im
     | block_size = 65 
[TDSE] Runing TDSE-SH-linear (length gauge, dipole form). step 12800 energy = -0.4959713056460854, norm_value = 1.0 + 0.0im, bound_norm=0.99986, free_norm=0.00014 + 0.0im
     | block_size = 61 
[TDSE] Runing TDSE-SH-linear (length gauge, dipole form). step 13000 energy = -0.4958113927055671, norm_value = 1.0 + 0.0im, bound_norm=0.999814, free_norm=0.000186 + 0.0im
     | block_size = 58 
[TDSE] Runing TDSE-SH-linear (length gauge, dipole form). step 13200 energy = -0.49573988428787, norm_value = 1.0 + 0.0im, bound_norm=0.999793, free_norm=0.000207 + 0.0im
     | block_size = 50 
[TDSE] Runing TDSE-SH-linear (length gauge, dipole form). step 13400 energy = -0.4957814492620606, norm_value = 1.0 + 0.0im, bound_norm=0.999805, free_norm=0.000195 + 0.0im
     | block_size = 50 
[TDSE] Runing TDSE-SH-linear (length gauge, dipole form). step 13600 energy = -0.4959216474107688, norm_value = 1.0 + 0.0im, bound_norm=0.999846, free_norm=0.000154 + 0.0im
     | block_size = 60 
[TDSE] Runing TDSE-SH-linear (length gauge, dipole form). step 13800 energy = -0.4961132027959044, norm_value = 1.0 + 0.0im, bound_norm=0.999903, free_norm=9.7e-5 + 0.0im
     | block_size = 70 
[TDSE] Runing TDSE-SH-linear (length gauge, dipole form). step 14000 energy = -0.4962940009080789, norm_value = 1.0 + 0.0im, bound_norm=0.999957, free_norm=4.3e-5 + 0.0im
     | block_size = 80 
[TDSE] Runing TDSE-SH-linear (length gauge, dipole form). step 14200 energy = -0.49640846209400424, norm_value = 1.0 + 0.0im, bound_norm=0.999993, free_norm=7.0e-6 + 0.0im
     | block_size = 87 
[TDSE] Runing TDSE-SH-linear (length gauge, dipole form). step 14400 energy = -0.4964241217391929, norm_value = 1.0 + 0.0im, bound_norm=0.999998, free_norm=2.0e-6 + 0.0im
     | block_size = 88 
[TDSE] Runing TDSE-SH-linear (length gauge, dipole form). step 14600 energy = -0.4963398977759529, norm_value = 1.0 + 0.0im, bound_norm=0.999972, free_norm=2.8e-5 + 0.0im
     | block_size = 82 
[TDSE] Runing TDSE-SH-linear (length gauge, dipole form). step 14800 energy = -0.49618560850989873, norm_value = 1.0 + 0.0im, bound_norm=0.999924, free_norm=7.6e-5 + 0.0im
     | block_size = 76 
[TDSE] Runing TDSE-SH-linear (length gauge, dipole form). step 15000 energy = -0.49601292532813807, norm_value = 1.0 + 0.0im, bound_norm=0.999873, free_norm=0.000127 + 0.0im
     | block_size = 75 
[TDSE] Runing TDSE-SH-linear (length gauge, dipole form). step 15200 energy = -0.4958794695063337, norm_value = 1.0 + 0.0im, bound_norm=0.999833, free_norm=0.000167 + 0.0im
     | block_size = 82 
[TDSE] Runing TDSE-SH-linear (length gauge, dipole form). step 15400 energy = -0.49582943236535004, norm_value = 1.0 + 0.0im, bound_norm=0.999819, free_norm=0.000181 + 0.0im
     | block_size = 88 
[TDSE] Runing TDSE-SH-linear (length gauge, dipole form). step 15600 energy = -0.49587801355701505, norm_value = 1.0 + 0.0im, bound_norm=0.999833, free_norm=0.000167 + 0.0im
     | block_size = 89 
[TDSE] Runing TDSE-SH-linear (length gauge, dipole form). step 15800 energy = -0.4960065094876803, norm_value = 1.0 + 0.0im, bound_norm=0.999871, free_norm=0.000129 + 0.0im
     | block_size = 89 
[TDSE] Runing TDSE-SH-linear (length gauge, dipole form). step 16000 energy = -0.49617133949778186, norm_value = 1.0 + 0.0im, bound_norm=0.99992, free_norm=8.0e-5 + 0.0im
     | block_size = 99 
[TDSE] Runing TDSE-SH-linear (length gauge, dipole form). step 16200 energy = -0.49632092290675944, norm_value = 1.0 + 0.0im, bound_norm=0.999966, free_norm=3.4e-5 + 0.0im
     | block_size = 109 
[TDSE] Runing TDSE-SH-linear (length gauge, dipole form). step 16400 energy = -0.4964131379419585, norm_value = 1.0 + 0.0im, bound_norm=0.999994, free_norm=6.0e-6 + 0.0im
     | block_size = 117 
[TDSE] Runing TDSE-SH-linear (length gauge, dipole form). step 16600 energy = -0.49642713419017154, norm_value = 1.0 + 0.0im, bound_norm=0.999998, free_norm=2.0e-6 + 0.0im
     | block_size = 118 
[TDSE] Runing TDSE-SH-linear (length gauge, dipole form). step 16800 energy = -0.4963675528613278, norm_value = 1.0 + 0.0im, bound_norm=0.99998, free_norm=2.0e-5 + 0.0im
     | block_size = 112 
[TDSE] Runing TDSE-SH-linear (length gauge, dipole form). step 17000 energy = -0.496261247663786, norm_value = 1.0 + 0.0im, bound_norm=0.999947, free_norm=5.3e-5 + 0.0im
     | block_size = 106 
[TDSE] Runing TDSE-SH-linear (length gauge, dipole form). step 17200 energy = -0.4961478778022399, norm_value = 1.0 + 0.0im, bound_norm=0.999913, free_norm=8.7e-5 + 0.0im
     | block_size = 106 
[TDSE] Runing TDSE-SH-linear (length gauge, dipole form). step 17400 energy = -0.4960667733193627, norm_value = 1.0 + 0.0im, bound_norm=0.999889, free_norm=0.000111 + 0.0im
     | block_size = 103 
[TDSE] Runing TDSE-SH-linear (length gauge, dipole form). step 17600 energy = -0.4960439861463194, norm_value = 1.0 + 0.0im, bound_norm=0.999882, free_norm=0.000118 + 0.0im
     | block_size = 103 
[TDSE] Runing TDSE-SH-linear (length gauge, dipole form). step 17800 energy = -0.4960843462836214, norm_value = 1.0 + 0.0im, bound_norm=0.999894, free_norm=0.000106 + 0.0im
     | block_size = 99 
[TDSE] Runing TDSE-SH-linear (length gauge, dipole form). step 18000 energy = -0.4961716356439925, norm_value = 1.0 + 0.0im, bound_norm=0.99992, free_norm=8.0e-5 + 0.0im
     | block_size = 93 
[TDSE] Runing TDSE-SH-linear (length gauge, dipole form). step 18200 energy = -0.4962763907011814, norm_value = 1.0 + 0.0im, bound_norm=0.999952, free_norm=4.8e-5 + 0.0im
     | block_size = 103 
[TDSE] Runing TDSE-SH-linear (length gauge, dipole form). step 18400 energy = -0.4963673403002144, norm_value = 1.0 + 0.0im, bound_norm=0.99998, free_norm=2.0e-5 + 0.0im
     | block_size = 113 
[TDSE] Runing TDSE-SH-linear (length gauge, dipole form). step 18600 energy = -0.4964215739001457, norm_value = 1.0 + 0.0im, bound_norm=0.999996, free_norm=4.0e-6 + 0.0im
     | block_size = 120 
[TDSE] Runing TDSE-SH-linear (length gauge, dipole form). step 18800 energy = -0.4964304590949139, norm_value = 1.0 + 0.0im, bound_norm=0.999999, free_norm=1.0e-6 + 0.0im
     | block_size = 121 
[TDSE] Runing TDSE-SH-linear (length gauge, dipole form). step 19000 energy = -0.49640033972532455, norm_value = 1.0 + 0.0im, bound_norm=0.99999, free_norm=1.0e-5 + 0.0im
     | block_size = 116 
[TDSE] Runing TDSE-SH-linear (length gauge, dipole form). step 19200 energy = -0.49634865140754564, norm_value = 1.0 + 0.0im, bound_norm=0.999974, free_norm=2.6e-5 + 0.0im
     | block_size = 107 
[TDSE] Runing TDSE-SH-linear (length gauge, dipole form). step 19400 energy = -0.49629712948721677, norm_value = 1.0 + 0.0im, bound_norm=0.999958, free_norm=4.2e-5 + 0.0im
     | block_size = 101 
[TDSE] Runing TDSE-SH-linear (length gauge, dipole form). step 19600 energy = -0.49626437255605066, norm_value = 1.0 + 0.0im, bound_norm=0.999948, free_norm=5.2e-5 + 0.0im
     | block_size = 99 
[TDSE] Runing TDSE-SH-linear (length gauge, dipole form). step 19800 energy = -0.4962602146959317, norm_value = 1.0 + 0.0im, bound_norm=0.999947, free_norm=5.3e-5 + 0.0im
     | block_size = 103 
[TDSE] Runing TDSE-SH-linear (length gauge, dipole form). step 20000 energy = -0.4962837311051291, norm_value = 1.0 + 0.0im, bound_norm=0.999954, free_norm=4.6e-5 + 0.0im
     | block_size = 104 
[TDSE] Runing TDSE-SH-linear (length gauge, dipole form). step 20200 energy = -0.4963252256519772, norm_value = 1.0 + 0.0im, bound_norm=0.999967, free_norm=3.3e-5 + 0.0im
     | block_size = 106 
[TDSE] Runing TDSE-SH-linear (length gauge, dipole form). step 20400 energy = -0.49637089808164425, norm_value = 1.0 + 0.0im, bound_norm=0.999981, free_norm=1.9e-5 + 0.0im
     | block_size = 105 
[TDSE] Runing TDSE-SH-linear (length gauge, dipole form). step 20600 energy = -0.4964080843427845, norm_value = 1.0 + 0.0im, bound_norm=0.999992, free_norm=8.0e-6 + 0.0im
     | block_size = 105 
[TDSE] Runing TDSE-SH-linear (length gauge, dipole form). step 20800 energy = -0.4964290867365946, norm_value = 1.0 + 0.0im, bound_norm=0.999999, free_norm=1.0e-6 + 0.0im
     | block_size = 105 
[TDSE] Runing TDSE-SH-linear (length gauge, dipole form). step 21000 energy = -0.4964326803023898, norm_value = 1.0 + 0.0im, bound_norm=1.0, free_norm=0.0 + 0.0im
     | block_size = 105 
[TDSE] Runing TDSE-SH-linear (length gauge, dipole form). step 21200 energy = -0.49642319815676567, norm_value = 1.0 + 0.0im, bound_norm=0.999997, free_norm=3.0e-6 + 0.0im
     | block_size = 105 
[TDSE] Runing TDSE-SH-linear (length gauge, dipole form). step 21400 energy = -0.49640804015802503, norm_value = 1.0 + 0.0im, bound_norm=0.999992, free_norm=8.0e-6 + 0.0im
     | block_size = 105 
[TDSE] Runing TDSE-SH-linear (length gauge, dipole form). step 21600 energy = -0.49639463214704965, norm_value = 1.0 + 0.0im, bound_norm=0.999988, free_norm=1.2e-5 + 0.0im
     | block_size = 105 
[TDSE] Runing TDSE-SH-linear (length gauge, dipole form). step 21800 energy = -0.496388030161887, norm_value = 1.0 + 0.0im, bound_norm=0.999986, free_norm=1.4e-5 + 0.0im
     | block_size = 106 
[TDSE] Runing TDSE-SH-linear (length gauge, dipole form). step 22000 energy = -0.49638975905502203, norm_value = 1.0 + 0.0im, bound_norm=0.999986, free_norm=1.4e-5 + 0.0im
     | block_size = 105 
[TDSE] Runing TDSE-SH-linear (length gauge, dipole form). step 22200 energy = -0.49639816724245645, norm_value = 1.0 + 0.0im, bound_norm=0.999989, free_norm=1.1e-5 + 0.0im
     | block_size = 104 
[TDSE] Runing TDSE-SH-linear (length gauge, dipole form). step 22400 energy = -0.49640975210050503, norm_value = 1.0 + 0.0im, bound_norm=0.999993, free_norm=7.0e-6 + 0.0im
     | block_size = 103 
[TDSE] Runing TDSE-SH-linear (length gauge, dipole form). step 22600 energy = -0.49642083162001827, norm_value = 1.0 + 0.0im, bound_norm=0.999996, free_norm=4.0e-6 + 0.0im
     | block_size = 103 
[TDSE] Runing TDSE-SH-linear (length gauge, dipole form). step 22800 energy = -0.49642883823726874, norm_value = 1.0 + 0.0im, bound_norm=0.999999, free_norm=1.0e-6 + 0.0im
     | block_size = 105 
[TDSE] Runing TDSE-SH-linear (length gauge, dipole form). step 23000 energy = -0.4964328768074099, norm_value = 1.0 + 0.0im, bound_norm=1.0, free_norm=0.0 + 0.0im
     | block_size = 106 
[TDSE] Runing TDSE-SH-linear (length gauge, dipole form). step 23200 energy = -0.4964335526425016, norm_value = 1.0 + 0.0im, bound_norm=1.0, free_norm=0.0 + 0.0im
     | block_size = 105 
[TDSE] Runing TDSE-SH-linear (length gauge, dipole form). step 23400 energy = -0.4964323069807434, norm_value = 1.0 + 0.0im, bound_norm=1.0, free_norm=0.0 + 0.0im
     | block_size = 106 
[TDSE] Runing TDSE-SH-linear (length gauge, dipole form). step 23600 energy = -0.49643065855551105, norm_value = 1.0 + 0.0im, bound_norm=0.999999, free_norm=1.0e-6 + 0.0im
     | block_size = 105 
[TDSE] Runing TDSE-SH-linear (length gauge, dipole form). step 23800 energy = -0.49642964207464263, norm_value = 1.0 + 0.0im, bound_norm=0.999999, free_norm=1.0e-6 + 0.0im
     | block_size = 103 
[TDSE] Runing TDSE-SH-linear (length gauge, dipole form). step 24000 energy = -0.49642961628414584, norm_value = 1.0 + 0.0im, bound_norm=0.999999, free_norm=1.0e-6 + 0.0im
     | block_size = 103 
[TDSE] Runing TDSE-SH-linear (length gauge, dipole form). step 24200 energy = -0.496430382540771, norm_value = 1.0 + 0.0im, bound_norm=0.999999, free_norm=1.0e-6 + 0.0im
     | block_size = 104 
[TDSE] Runing TDSE-SH-linear (length gauge, dipole form). step 24400 energy = -0.4964314865522789, norm_value = 1.0 + 0.0im, bound_norm=0.999999, free_norm=1.0e-6 + 0.0im
     | block_size = 104 
[TDSE] Runing TDSE-SH-linear (length gauge, dipole form). step 24600 energy = -0.49643250381247767, norm_value = 1.0 + 0.0im, bound_norm=1.0, free_norm=0.0 + 0.0im
     | block_size = 105 
[TDSE] Runing TDSE-SH-linear (length gauge, dipole form). step 24800 energy = -0.49643320088176807, norm_value = 1.0 + 0.0im, bound_norm=1.0, free_norm=0.0 + 0.0im
     | block_size = 105 
[TDSE] Runing TDSE-SH-linear (length gauge, dipole form). step 25000 energy = -0.4964335574317617, norm_value = 1.0 + 0.0im, bound_norm=1.0, free_norm=0.0 + 0.0im
     | block_size = 106 
[TDSE] Runing TDSE-SH-linear (length gauge, dipole form). step 25200 energy = -0.4964336788289851, norm_value = 1.0 + 0.0im, bound_norm=1.0, free_norm=0.0 + 0.0im
     | block_size = 106 
[TDSE] Runing TDSE-SH-linear (length gauge, dipole form). step 25400 energy = -0.49643369333021525, norm_value = 1.0 + 0.0im, bound_norm=1.0, free_norm=0.0 + 0.0im
     | block_size = 106 
[TDSE] Runing TDSE-SH-linear (length gauge, dipole form). step 25600 energy = -0.49643368576052066, norm_value = 1.0 + 0.0im, bound_norm=1.0, free_norm=0.0 + 0.0im
     | block_size = 106 
[TDSE] Runing TDSE-SH-linear (length gauge, dipole form). step 25800 energy = -0.49643368590507014, norm_value = 1.0 + 0.0im, bound_norm=1.0, free_norm=0.0 + 0.0im
     | block_size = 106 
[TDSE] Runing TDSE-SH-linear (length gauge, dipole form). step 26000 energy = -0.4964336912285785, norm_value = 1.0 + 0.0im, bound_norm=1.0, free_norm=0.0 + 0.0im
     | block_size = 106 
[TDSE] Runing TDSE-SH-linear (length gauge, dipole form). step 26200 energy = -0.4964336944674775, norm_value = 1.0 + 0.0im, bound_norm=1.0, free_norm=0.0 + 0.0im
     | block_size = 106 
[TDSE] Runing TDSE-SH-linear (length gauge, dipole form). step 26400 energy = -0.4964336949774777, norm_value = 1.0 + 0.0im, bound_norm=1.0, free_norm=0.0 + 0.0im
     | block_size = 106 
Sample 2026_5_15_hg_massive_0.02_0.0_0.0285_6.0_short_range does not exist. Exceute a new sample.
[ITP]: 10000.496424741636
[ITP]: 3.468948764850932e-6
[ITP]: 2.0119768988635656e-6
[ITP]: 1.2363970314233086e-6
[ITP]: 7.802127368616851e-7
[ITP]: 5.004886823867238e-7
[ITP]: 3.247063635747338e-7
[ITP]: 2.1241854042397534e-7
[ITP]: 1.3984492786001113e-7
[ITP]: 9.25260389417204e-8
[ITP]: 6.146357944825098e-8
[ITP]: 4.0962812142275595e-8
[ITP]: 2.737382170936442e-8
[ITP]: 1.8334269435982264e-8
[ITP]: 1.2303307206362746e-8
[ITP]: 8.269649631742482e-9
[ITP]: 5.566198502116038e-9
[ITP]: 3.7510526906814334e-9
[ITP]: 2.530471499007092e-9
[ITP]: 1.7086173587088638e-9
[ITP]: 1.154605577813328e-9
[ITP]: 7.807770541212733e-10
[ITP]: 5.283077308959605e-10
[ITP]: 3.576713369923823e-10
[ITP]: 2.422650968725293e-10
[ITP]: 1.6416579207145787e-10
[ITP]: 1.1128536980820058e-10
[ITP]: 7.546496760824084e-11
[ITP]: 5.119060730862657e-11
[ITP]: 3.4733049769641866e-11
[ITP]: 2.3571977703085167e-11
[ITP]: 1.6002199565434694e-11
[ITP]: 1.086369882941085e-11
[ITP]: 7.378653243961253e-12
[ITP]: 5.010714065889488e-12
[ITP]: 3.4039993046519612e-12
[ITP]: 2.313038649504051e-12
[ITP]: 1.570410468332284e-12
[ITP]: 1.0681455719918631e-12
[ITP]: 7.265299473147024e-13
[ITP]: 4.919398222114069e-13
[ITP]: 3.346212196220222e-13
[ITP]: 2.2842838731662596e-13
[ITP]: 1.5498713423767185e-13
[ITP]: 1.0536016503692736e-13
[ITP]: 7.188694084447889e-14
[ITP]: 4.801714581503802e-14
[ITP]: 3.347322419244847e-14
[ITP]: 2.3148150063434514e-14
[ITP]: 1.4432899320127035e-14
[ITP]: 1.1102230246251565e-14
[ITP]: 7.16093850883226e-15
[ITP]: 4.440892098500626e-15
[ITP]: 2.6645352591003757e-15
[ITP]: 2.831068712794149e-15
[ITP]: 1.4988010832439613e-15
[ITP]: 6.661338147750939e-16
[ITP]: 7.771561172376096e-16
[ITP]: 5.551115123125783e-16
[ITP]: 2.220446049250313e-16
[ITP]: 4.440892098500626e-16
[ITP]: 6.106226635438361e-16
[ITP]: 7.216449660063518e-16
[ITP]: 4.440892098500626e-16
[ITP]: 4.440892098500626e-16
[ITP]: 3.3306690738754696e-16
[ITP]: 1.1102230246251565e-15
[ITP]: 1.1102230246251565e-16
[ITP]: 7.216449660063518e-16
[ITP]: 1.1102230246251565e-16
[ITP]: 8.326672684688674e-16
[ITP]: 7.216449660063518e-16
[ITP]: 2.7755575615628914e-16
[ITP]: 4.996003610813204e-16
[ITP]: 4.440892098500626e-16
[ITP]: 4.440892098500626e-16
[ITP]: 1.6653345369377348e-16
[ITP]: 4.996003610813204e-16
[ITP]: 1.1657341758564144e-15
[ITP]: 1.1102230246251565e-16
[ITP]: 0.0
[TDSE] Runing TDSE-SH-linear (length gauge, dipole form). step 0 energy = -0.4964336949924361, norm_value = 1.0 + 0.0im, bound_norm=1.0, free_norm=0.0 + 0.0im
     | block_size = 3 
[TDSE] Runing TDSE-SH-linear (length gauge, dipole form). step 200 energy = -0.49643369472826593, norm_value = 1.0 + 0.0im, bound_norm=1.0, free_norm=0.0 + 0.0im
     | block_size = 3 
[TDSE] Runing TDSE-SH-linear (length gauge, dipole form). step 400 energy = -0.496433691727502, norm_value = 1.0 + 0.0im, bound_norm=1.0, free_norm=0.0 + 0.0im
     | block_size = 3 
[TDSE] Runing TDSE-SH-linear (length gauge, dipole form). step 600 energy = -0.4964336846787259, norm_value = 1.0 + 0.0im, bound_norm=1.0, free_norm=0.0 + 0.0im
     | block_size = 4 
[TDSE] Runing TDSE-SH-linear (length gauge, dipole form). step 800 energy = -0.49643368206099103, norm_value = 1.0 + 0.0im, bound_norm=1.0, free_norm=0.0 + 0.0im
     | block_size = 4 
[TDSE] Runing TDSE-SH-linear (length gauge, dipole form). step 1000 energy = -0.49643368997213927, norm_value = 1.0 + 0.0im, bound_norm=1.0, free_norm=0.0 + 0.0im
     | block_size = 4 
[TDSE] Runing TDSE-SH-linear (length gauge, dipole form). step 1200 energy = -0.49643368682658146, norm_value = 1.0 + 0.0im, bound_norm=1.0, free_norm=0.0 + 0.0im
     | block_size = 4 
[TDSE] Runing TDSE-SH-linear (length gauge, dipole form). step 1400 energy = -0.4964335811742147, norm_value = 1.0 + 0.0im, bound_norm=1.0, free_norm=0.0 + 0.0im
     | block_size = 4 
[TDSE] Runing TDSE-SH-linear (length gauge, dipole form). step 1600 energy = -0.4964332186251673, norm_value = 1.0 + 0.0im, bound_norm=1.0, free_norm=0.0 + 0.0im
     | block_size = 4 
[TDSE] Runing TDSE-SH-linear (length gauge, dipole form). step 1800 energy = -0.49643243017003136, norm_value = 1.0 + 0.0im, bound_norm=1.0, free_norm=0.0 + 0.0im
     | block_size = 4 
[TDSE] Runing TDSE-SH-linear (length gauge, dipole form). step 2000 energy = -0.4964312062113103, norm_value = 1.0 + 0.0im, bound_norm=0.999999, free_norm=1.0e-6 + 0.0im
     | block_size = 5 
[TDSE] Runing TDSE-SH-linear (length gauge, dipole form). step 2200 energy = -0.4964297436376355, norm_value = 1.0 + 0.0im, bound_norm=0.999999, free_norm=1.0e-6 + 0.0im
     | block_size = 6 
[TDSE] Runing TDSE-SH-linear (length gauge, dipole form). step 2400 energy = -0.49642855689921217, norm_value = 1.0 + 0.0im, bound_norm=0.999998, free_norm=2.0e-6 + 0.0im
     | block_size = 7 
[TDSE] Runing TDSE-SH-linear (length gauge, dipole form). step 2600 energy = -0.49642827023852776, norm_value = 1.0 + 0.0im, bound_norm=0.999998, free_norm=2.0e-6 + 0.0im
     | block_size = 8 
[TDSE] Runing TDSE-SH-linear (length gauge, dipole form). step 2800 energy = -0.49642924240052744, norm_value = 1.0 + 0.0im, bound_norm=0.999999, free_norm=1.0e-6 + 0.0im
     | block_size = 9 
[TDSE] Runing TDSE-SH-linear (length gauge, dipole form). step 3000 energy = -0.4964312791094916, norm_value = 1.0 + 0.0im, bound_norm=0.999999, free_norm=1.0e-6 + 0.0im
     | block_size = 10 
[TDSE] Runing TDSE-SH-linear (length gauge, dipole form). step 3200 energy = -0.4964332244374566, norm_value = 1.0 + 0.0im, bound_norm=1.0, free_norm=0.0 + 0.0im
     | block_size = 10 
[TDSE] Runing TDSE-SH-linear (length gauge, dipole form). step 3400 energy = -0.49643323692056485, norm_value = 1.0 + 0.0im, bound_norm=1.0, free_norm=0.0 + 0.0im
     | block_size = 10 
[TDSE] Runing TDSE-SH-linear (length gauge, dipole form). step 3600 energy = -0.4964292934531687, norm_value = 1.0 + 0.0im, bound_norm=0.999999, free_norm=1.0e-6 + 0.0im
     | block_size = 9 
[TDSE] Runing TDSE-SH-linear (length gauge, dipole form). step 3800 energy = -0.4964202406540673, norm_value = 1.0 + 0.0im, bound_norm=0.999996, free_norm=4.0e-6 + 0.0im
     | block_size = 8 
[TDSE] Runing TDSE-SH-linear (length gauge, dipole form). step 4000 energy = -0.4964065991312033, norm_value = 1.0 + 0.0im, bound_norm=0.999992, free_norm=8.0e-6 + 0.0im
     | block_size = 6 
[TDSE] Runing TDSE-SH-linear (length gauge, dipole form). step 4200 energy = -0.496391199118843, norm_value = 1.0 + 0.0im, bound_norm=0.999987, free_norm=1.3e-5 + 0.0im
     | block_size = 8 
[TDSE] Runing TDSE-SH-linear (length gauge, dipole form). step 4400 energy = -0.4963786019743773, norm_value = 1.0 + 0.0im, bound_norm=0.999983, free_norm=1.7e-5 + 0.0im
     | block_size = 13 
[TDSE] Runing TDSE-SH-linear (length gauge, dipole form). step 4600 energy = -0.4963735602585324, norm_value = 1.0 + 0.0im, bound_norm=0.999981, free_norm=1.9e-5 + 0.0im
     | block_size = 18 
[TDSE] Runing TDSE-SH-linear (length gauge, dipole form). step 4800 energy = -0.4963792652318194, norm_value = 1.0 + 0.0im, bound_norm=0.999983, free_norm=1.7e-5 + 0.0im
     | block_size = 22 
[TDSE] Runing TDSE-SH-linear (length gauge, dipole form). step 5000 energy = -0.49639481677107977, norm_value = 1.0 + 0.0im, bound_norm=0.999988, free_norm=1.2e-5 + 0.0im
     | block_size = 26 
[TDSE] Runing TDSE-SH-linear (length gauge, dipole form). step 5200 energy = -0.49641487845748944, norm_value = 1.0 + 0.0im, bound_norm=0.999994, free_norm=6.0e-6 + 0.0im
     | block_size = 29 
[TDSE] Runing TDSE-SH-linear (length gauge, dipole form). step 5400 energy = -0.4964303236078247, norm_value = 1.0 + 0.0im, bound_norm=0.999999, free_norm=1.0e-6 + 0.0im
     | block_size = 31 
[TDSE] Runing TDSE-SH-linear (length gauge, dipole form). step 5600 energy = -0.49643108556323207, norm_value = 1.0 + 0.0im, bound_norm=0.999999, free_norm=1.0e-6 + 0.0im
     | block_size = 31 
[TDSE] Runing TDSE-SH-linear (length gauge, dipole form). step 5800 energy = -0.4964100292823249, norm_value = 1.0 + 0.0im, bound_norm=0.999993, free_norm=7.0e-6 + 0.0im
     | block_size = 29 
[TDSE] Runing TDSE-SH-linear (length gauge, dipole form). step 6000 energy = -0.4963665460262441, norm_value = 1.0 + 0.0im, bound_norm=0.999979, free_norm=2.1e-5 + 0.0im
     | block_size = 25 
[TDSE] Runing TDSE-SH-linear (length gauge, dipole form). step 6200 energy = -0.4963084215844913, norm_value = 1.0 + 0.0im, bound_norm=0.999962, free_norm=3.8e-5 + 0.0im
     | block_size = 17 
[TDSE] Runing TDSE-SH-linear (length gauge, dipole form). step 6400 energy = -0.49625068973662173, norm_value = 1.0 + 0.0im, bound_norm=0.999944, free_norm=5.6e-5 + 0.0im
     | block_size = 12 
[TDSE] Runing TDSE-SH-linear (length gauge, dipole form). step 6600 energy = -0.4962119160775172, norm_value = 1.0 + 0.0im, bound_norm=0.999932, free_norm=6.8e-5 + 0.0im
     | block_size = 18 
[TDSE] Runing TDSE-SH-linear (length gauge, dipole form). step 6800 energy = -0.49620673725013265, norm_value = 1.0 + 0.0im, bound_norm=0.999931, free_norm=6.9e-5 + 0.0im
     | block_size = 28 
[TDSE] Runing TDSE-SH-linear (length gauge, dipole form). step 7000 energy = -0.4962401415837475, norm_value = 1.0 + 0.0im, bound_norm=0.999941, free_norm=5.9e-5 + 0.0im
     | block_size = 38 
[TDSE] Runing TDSE-SH-linear (length gauge, dipole form). step 7200 energy = -0.4963029674933195, norm_value = 1.0 + 0.0im, bound_norm=0.99996, free_norm=4.0e-5 + 0.0im
     | block_size = 46 
[TDSE] Runing TDSE-SH-linear (length gauge, dipole form). step 7400 energy = -0.49637331120291206, norm_value = 1.0 + 0.0im, bound_norm=0.999982, free_norm=1.8e-5 + 0.0im
     | block_size = 52 
[TDSE] Runing TDSE-SH-linear (length gauge, dipole form). step 7600 energy = -0.49642303921960745, norm_value = 1.0 + 0.0im, bound_norm=0.999997, free_norm=3.0e-6 + 0.0im
     | block_size = 55 
[TDSE] Runing TDSE-SH-linear (length gauge, dipole form). step 7800 energy = -0.4964268818442578, norm_value = 1.0 + 0.0im, bound_norm=0.999998, free_norm=2.0e-6 + 0.0im
     | block_size = 56 
[TDSE] Runing TDSE-SH-linear (length gauge, dipole form). step 8000 energy = -0.4963719167545905, norm_value = 1.0 + 0.0im, bound_norm=0.999981, free_norm=1.9e-5 + 0.0im
     | block_size = 52 
[TDSE] Runing TDSE-SH-linear (length gauge, dipole form). step 8200 energy = -0.4962637314593665, norm_value = 1.0 + 0.0im, bound_norm=0.999948, free_norm=5.2e-5 + 0.0im
     | block_size = 46 
[TDSE] Runing TDSE-SH-linear (length gauge, dipole form). step 8400 energy = -0.4961275731780051, norm_value = 1.0 + 0.0im, bound_norm=0.999907, free_norm=9.3e-5 + 0.0im
     | block_size = 34 
[TDSE] Runing TDSE-SH-linear (length gauge, dipole form). step 8600 energy = -0.49600233959209455, norm_value = 1.0 + 0.0im, bound_norm=0.99987, free_norm=0.00013 + 0.0im
     | block_size = 22 
[TDSE] Runing TDSE-SH-linear (length gauge, dipole form). step 8800 energy = -0.4959293198914406, norm_value = 1.0 + 0.0im, bound_norm=0.999848, free_norm=0.000152 + 0.0im
     | block_size = 24 
[TDSE] Runing TDSE-SH-linear (length gauge, dipole form). step 9000 energy = -0.495936013441418, norm_value = 1.0 + 0.0im, bound_norm=0.99985, free_norm=0.00015 + 0.0im
     | block_size = 33 
[TDSE] Runing TDSE-SH-linear (length gauge, dipole form). step 9200 energy = -0.49602412747337776, norm_value = 1.0 + 0.0im, bound_norm=0.999876, free_norm=0.000124 + 0.0im
     | block_size = 43 
[TDSE] Runing TDSE-SH-linear (length gauge, dipole form). step 9400 energy = -0.49616616362153004, norm_value = 1.0 + 0.0im, bound_norm=0.999919, free_norm=8.1e-5 + 0.0im
     | block_size = 53 
[TDSE] Runing TDSE-SH-linear (length gauge, dipole form). step 9600 energy = -0.49631340761436393, norm_value = 1.0 + 0.0im, bound_norm=0.999963, free_norm=3.7e-5 + 0.0im
     | block_size = 61 
[TDSE] Runing TDSE-SH-linear (length gauge, dipole form). step 9800 energy = -0.496412414893132, norm_value = 1.0 + 0.0im, bound_norm=0.999994, free_norm=6.0e-6 + 0.0im
     | block_size = 66 
[TDSE] Runing TDSE-SH-linear (length gauge, dipole form). step 10000 energy = -0.4964223085369737, norm_value = 1.0 + 0.0im, bound_norm=0.999997, free_norm=3.0e-6 + 0.0im
     | block_size = 67 
[TDSE] Runing TDSE-SH-linear (length gauge, dipole form). step 10200 energy = -0.49632833008748867, norm_value = 1.0 + 0.0im, bound_norm=0.999968, free_norm=3.2e-5 + 0.0im
     | block_size = 62 
[TDSE] Runing TDSE-SH-linear (length gauge, dipole form). step 10400 energy = -0.49614837233739123, norm_value = 1.0 + 0.0im, bound_norm=0.999913, free_norm=8.7e-5 + 0.0im
     | block_size = 54 
[TDSE] Runing TDSE-SH-linear (length gauge, dipole form). step 10600 energy = -0.495930651045985, norm_value = 1.0 + 0.0im, bound_norm=0.999848, free_norm=0.000152 + 0.0im
     | block_size = 49 
[TDSE] Runing TDSE-SH-linear (length gauge, dipole form). step 10800 energy = -0.49574143694805317, norm_value = 1.0 + 0.0im, bound_norm=0.999793, free_norm=0.000207 + 0.0im
     | block_size = 51 
[TDSE] Runing TDSE-SH-linear (length gauge, dipole form). step 11000 energy = -0.4956441940554291, norm_value = 1.0 + 0.0im, bound_norm=0.999765, free_norm=0.000235 + 0.0im
     | block_size = 50 
[TDSE] Runing TDSE-SH-linear (length gauge, dipole form). step 11200 energy = -0.4956749260709923, norm_value = 1.0 + 0.0im, bound_norm=0.999774, free_norm=0.000226 + 0.0im
     | block_size = 53 
[TDSE] Runing TDSE-SH-linear (length gauge, dipole form). step 11400 energy = -0.4958256544425724, norm_value = 1.0 + 0.0im, bound_norm=0.999818, free_norm=0.000182 + 0.0im
     | block_size = 63 
[TDSE] Runing TDSE-SH-linear (length gauge, dipole form). step 11600 energy = -0.49604621346153205, norm_value = 1.0 + 0.0im, bound_norm=0.999883, free_norm=0.000117 + 0.0im
     | block_size = 73 
[TDSE] Runing TDSE-SH-linear (length gauge, dipole form). step 11800 energy = -0.49626267971938665, norm_value = 1.0 + 0.0im, bound_norm=0.999948, free_norm=5.2e-5 + 0.0im
     | block_size = 83 
[TDSE] Runing TDSE-SH-linear (length gauge, dipole form). step 12000 energy = -0.49640317572315934, norm_value = 1.0 + 0.0im, bound_norm=0.999991, free_norm=9.0e-6 + 0.0im
     | block_size = 89 
[TDSE] Runing TDSE-SH-linear (length gauge, dipole form). step 12200 energy = -0.4964199532147877, norm_value = 1.0 + 0.0im, bound_norm=0.999996, free_norm=4.0e-6 + 0.0im
     | block_size = 90 
[TDSE] Runing TDSE-SH-linear (length gauge, dipole form). step 12400 energy = -0.49630294052710033, norm_value = 1.0 + 0.0im, bound_norm=0.99996, free_norm=4.0e-5 + 0.0im
     | block_size = 85 
[TDSE] Runing TDSE-SH-linear (length gauge, dipole form). step 12600 energy = -0.49608339366553045, norm_value = 1.0 + 0.0im, bound_norm=0.999894, free_norm=0.000106 + 0.0im
     | block_size = 79 
[TDSE] Runing TDSE-SH-linear (length gauge, dipole form). step 12800 energy = -0.49582690477097674, norm_value = 1.0 + 0.0im, bound_norm=0.999818, free_norm=0.000182 + 0.0im
     | block_size = 78 
[TDSE] Runing TDSE-SH-linear (length gauge, dipole form). step 13000 energy = -0.49561550000449156, norm_value = 1.0 + 0.0im, bound_norm=0.999757, free_norm=0.000243 + 0.0im
     | block_size = 86 
[TDSE] Runing TDSE-SH-linear (length gauge, dipole form). step 13200 energy = -0.49552069349858857, norm_value = 1.0 + 0.0im, bound_norm=0.99973, free_norm=0.00027 + 0.0im
     | block_size = 87 
[TDSE] Runing TDSE-SH-linear (length gauge, dipole form). step 13400 energy = -0.4955758062327441, norm_value = 1.0 + 0.0im, bound_norm=0.999746, free_norm=0.000254 + 0.0im
     | block_size = 85 
[TDSE] Runing TDSE-SH-linear (length gauge, dipole form). step 13600 energy = -0.4957613667797235, norm_value = 1.0 + 0.0im, bound_norm=0.999799, free_norm=0.000201 + 0.0im
     | block_size = 84 
[TDSE] Runing TDSE-SH-linear (length gauge, dipole form). step 13800 energy = -0.49601378423616616, norm_value = 1.0 + 0.0im, bound_norm=0.999873, free_norm=0.000127 + 0.0im
     | block_size = 94 
[TDSE] Runing TDSE-SH-linear (length gauge, dipole form). step 14000 energy = -0.49625102417746014, norm_value = 1.0 + 0.0im, bound_norm=0.999944, free_norm=5.6e-5 + 0.0im
     | block_size = 104 
[TDSE] Runing TDSE-SH-linear (length gauge, dipole form). step 14200 energy = -0.49640073862741224, norm_value = 1.0 + 0.0im, bound_norm=0.99999, free_norm=1.0e-5 + 0.0im
     | block_size = 112 
[TDSE] Runing TDSE-SH-linear (length gauge, dipole form). step 14400 energy = -0.4964211927590657, norm_value = 1.0 + 0.0im, bound_norm=0.999997, free_norm=3.0e-6 + 0.0im
     | block_size = 113 
[TDSE] Runing TDSE-SH-linear (length gauge, dipole form). step 14600 energy = -0.4963110997470363, norm_value = 1.0 + 0.0im, bound_norm=0.999963, free_norm=3.7e-5 + 0.0im
     | block_size = 107 
[TDSE] Runing TDSE-SH-linear (length gauge, dipole form). step 14800 energy = -0.4961088962136406, norm_value = 1.0 + 0.0im, bound_norm=0.999901, free_norm=9.9e-5 + 0.0im
     | block_size = 101 
[TDSE] Runing TDSE-SH-linear (length gauge, dipole form). step 15000 energy = -0.49588174331876267, norm_value = 1.0 + 0.0im, bound_norm=0.999834, free_norm=0.000166 + 0.0im
     | block_size = 105 
[TDSE] Runing TDSE-SH-linear (length gauge, dipole form). step 15200 energy = -0.49570555184474197, norm_value = 1.0 + 0.0im, bound_norm=0.999783, free_norm=0.000217 + 0.0im
     | block_size = 108 
[TDSE] Runing TDSE-SH-linear (length gauge, dipole form). step 15400 energy = -0.49563933426626516, norm_value = 1.0 + 0.0im, bound_norm=0.999764, free_norm=0.000236 + 0.0im
     | block_size = 110 
[TDSE] Runing TDSE-SH-linear (length gauge, dipole form). step 15600 energy = -0.49570362664624434, norm_value = 1.0 + 0.0im, bound_norm=0.999782, free_norm=0.000218 + 0.0im
     | block_size = 105 
[TDSE] Runing TDSE-SH-linear (length gauge, dipole form). step 15800 energy = -0.49587331169394433, norm_value = 1.0 + 0.0im, bound_norm=0.999832, free_norm=0.000168 + 0.0im
     | block_size = 108 
[TDSE] Runing TDSE-SH-linear (length gauge, dipole form). step 16000 energy = -0.4960901655434395, norm_value = 1.0 + 0.0im, bound_norm=0.999896, free_norm=0.000104 + 0.0im
     | block_size = 118 
[TDSE] Runing TDSE-SH-linear (length gauge, dipole form). step 16200 energy = -0.4962862651710697, norm_value = 1.0 + 0.0im, bound_norm=0.999955, free_norm=4.5e-5 + 0.0im
     | block_size = 128 
[TDSE] Runing TDSE-SH-linear (length gauge, dipole form). step 16400 energy = -0.49640684618000325, norm_value = 1.0 + 0.0im, bound_norm=0.999992, free_norm=8.0e-6 + 0.0im
     | block_size = 137 
[TDSE] Runing TDSE-SH-linear (length gauge, dipole form). step 16600 energy = -0.49642512544627776, norm_value = 1.0 + 0.0im, bound_norm=0.999998, free_norm=2.0e-6 + 0.0im
     | block_size = 138 
[TDSE] Runing TDSE-SH-linear (length gauge, dipole form). step 16800 energy = -0.4963472639554953, norm_value = 1.0 + 0.0im, bound_norm=0.999974, free_norm=2.6e-5 + 0.0im
     | block_size = 132 
[TDSE] Runing TDSE-SH-linear (length gauge, dipole form). step 17000 energy = -0.4962080833090132, norm_value = 1.0 + 0.0im, bound_norm=0.999931, free_norm=6.9e-5 + 0.0im
     | block_size = 132 
[TDSE] Runing TDSE-SH-linear (length gauge, dipole form). step 17200 energy = -0.49605930268224646, norm_value = 1.0 + 0.0im, bound_norm=0.999887, free_norm=0.000113 + 0.0im
     | block_size = 141 
[TDSE] Runing TDSE-SH-linear (length gauge, dipole form). step 17400 energy = -0.49595261474246044, norm_value = 1.0 + 0.0im, bound_norm=0.999855, free_norm=0.000145 + 0.0im
     | block_size = 151 
[TDSE] Runing TDSE-SH-linear (length gauge, dipole form). step 17600 energy = -0.49592260906314, norm_value = 1.0 + 0.0im, bound_norm=0.999846, free_norm=0.000154 + 0.0im
     | block_size = 151 
[TDSE] Runing TDSE-SH-linear (length gauge, dipole form). step 17800 energy = -0.49597573767001374, norm_value = 1.0 + 0.0im, bound_norm=0.999862, free_norm=0.000138 + 0.0im
     | block_size = 156 
[TDSE] Runing TDSE-SH-linear (length gauge, dipole form). step 18000 energy = -0.49609051877236626, norm_value = 1.0 + 0.0im, bound_norm=0.999896, free_norm=0.000104 + 0.0im
     | block_size = 157 
[TDSE] Runing TDSE-SH-linear (length gauge, dipole form). step 18200 energy = -0.4962279352781692, norm_value = 1.0 + 0.0im, bound_norm=0.999937, free_norm=6.3e-5 + 0.0im
     | block_size = 156 
[TDSE] Runing TDSE-SH-linear (length gauge, dipole form). step 18400 energy = -0.4963469809870266, norm_value = 1.0 + 0.0im, bound_norm=0.999973, free_norm=2.7e-5 + 0.0im
     | block_size = 157 
[TDSE] Runing TDSE-SH-linear (length gauge, dipole form). step 18600 energy = -0.49641786448478664, norm_value = 1.0 + 0.0im, bound_norm=0.999995, free_norm=5.0e-6 + 0.0im
     | block_size = 161 
[TDSE] Runing TDSE-SH-linear (length gauge, dipole form). step 18800 energy = -0.49642946878031324, norm_value = 1.0 + 0.0im, bound_norm=0.999999, free_norm=1.0e-6 + 0.0im
     | block_size = 162 
[TDSE] Runing TDSE-SH-linear (length gauge, dipole form). step 19000 energy = -0.49639011953048656, norm_value = 1.0 + 0.0im, bound_norm=0.999987, free_norm=1.3e-5 + 0.0im
     | block_size = 157 
[TDSE] Runing TDSE-SH-linear (length gauge, dipole form). step 19200 energy = -0.496322525241803, norm_value = 1.0 + 0.0im, bound_norm=0.999966, free_norm=3.4e-5 + 0.0im
     | block_size = 157 
[TDSE] Runing TDSE-SH-linear (length gauge, dipole form). step 19400 energy = -0.49625507424640786, norm_value = 1.0 + 0.0im, bound_norm=0.999945, free_norm=5.5e-5 + 0.0im
     | block_size = 157 
[TDSE] Runing TDSE-SH-linear (length gauge, dipole form). step 19600 energy = -0.4962121378663461, norm_value = 1.0 + 0.0im, bound_norm=0.999932, free_norm=6.8e-5 + 0.0im
     | block_size = 157 
[TDSE] Runing TDSE-SH-linear (length gauge, dipole form). step 19800 energy = -0.4962067179559314, norm_value = 1.0 + 0.0im, bound_norm=0.999931, free_norm=6.9e-5 + 0.0im
     | block_size = 157 
[TDSE] Runing TDSE-SH-linear (length gauge, dipole form). step 20000 energy = -0.4962375364265782, norm_value = 1.0 + 0.0im, bound_norm=0.99994, free_norm=6.0e-5 + 0.0im
     | block_size = 151 
[TDSE] Runing TDSE-SH-linear (length gauge, dipole form). step 20200 energy = -0.49629185974591666, norm_value = 1.0 + 0.0im, bound_norm=0.999956, free_norm=4.4e-5 + 0.0im
     | block_size = 146 
[TDSE] Runing TDSE-SH-linear (length gauge, dipole form). step 20400 energy = -0.49635163535531396, norm_value = 1.0 + 0.0im, bound_norm=0.999975, free_norm=2.5e-5 + 0.0im
     | block_size = 146 
[TDSE] Runing TDSE-SH-linear (length gauge, dipole form). step 20600 energy = -0.4964002377992299, norm_value = 1.0 + 0.0im, bound_norm=0.99999, free_norm=1.0e-5 + 0.0im
     | block_size = 146 
[TDSE] Runing TDSE-SH-linear (length gauge, dipole form). step 20800 energy = -0.49642767770236734, norm_value = 1.0 + 0.0im, bound_norm=0.999998, free_norm=2.0e-6 + 0.0im
     | block_size = 146 
[TDSE] Runing TDSE-SH-linear (length gauge, dipole form). step 21000 energy = -0.4964323684680598, norm_value = 1.0 + 0.0im, bound_norm=1.0, free_norm=0.0 + 0.0im
     | block_size = 146 
[TDSE] Runing TDSE-SH-linear (length gauge, dipole form). step 21200 energy = -0.49641998648086655, norm_value = 1.0 + 0.0im, bound_norm=0.999996, free_norm=4.0e-6 + 0.0im
     | block_size = 146 
[TDSE] Runing TDSE-SH-linear (length gauge, dipole form). step 21400 energy = -0.4964001749902758, norm_value = 1.0 + 0.0im, bound_norm=0.99999, free_norm=1.0e-5 + 0.0im
     | block_size = 146 
[TDSE] Runing TDSE-SH-linear (length gauge, dipole form). step 21600 energy = -0.49638265544018695, norm_value = 1.0 + 0.0im, bound_norm=0.999984, free_norm=1.6e-5 + 0.0im
     | block_size = 146 
[TDSE] Runing TDSE-SH-linear (length gauge, dipole form). step 21800 energy = -0.49637402435516903, norm_value = 1.0 + 0.0im, bound_norm=0.999982, free_norm=1.8e-5 + 0.0im
     | block_size = 145 
[TDSE] Runing TDSE-SH-linear (length gauge, dipole form). step 22000 energy = -0.4963762823211054, norm_value = 1.0 + 0.0im, bound_norm=0.999982, free_norm=1.8e-5 + 0.0im
     | block_size = 148 
[TDSE] Runing TDSE-SH-linear (length gauge, dipole form). step 22200 energy = -0.4963872769144502, norm_value = 1.0 + 0.0im, bound_norm=0.999986, free_norm=1.4e-5 + 0.0im
     | block_size = 151 
[TDSE] Runing TDSE-SH-linear (length gauge, dipole form). step 22400 energy = -0.49640240804765096, norm_value = 1.0 + 0.0im, bound_norm=0.99999, free_norm=1.0e-5 + 0.0im
     | block_size = 152 
[TDSE] Runing TDSE-SH-linear (length gauge, dipole form). step 22600 energy = -0.4964168956641418, norm_value = 1.0 + 0.0im, bound_norm=0.999995, free_norm=5.0e-6 + 0.0im
     | block_size = 151 
[TDSE] Runing TDSE-SH-linear (length gauge, dipole form). step 22800 energy = -0.4964273525557331, norm_value = 1.0 + 0.0im, bound_norm=0.999998, free_norm=2.0e-6 + 0.0im
     | block_size = 151 
[TDSE] Runing TDSE-SH-linear (length gauge, dipole form). step 23000 energy = -0.49643262547785577, norm_value = 1.0 + 0.0im, bound_norm=1.0, free_norm=0.0 + 0.0im
     | block_size = 151 
[TDSE] Runing TDSE-SH-linear (length gauge, dipole form). step 23200 energy = -0.496433508912586, norm_value = 1.0 + 0.0im, bound_norm=1.0, free_norm=0.0 + 0.0im
     | block_size = 151 
[TDSE] Runing TDSE-SH-linear (length gauge, dipole form). step 23400 energy = -0.49643188236895397, norm_value = 1.0 + 0.0im, bound_norm=0.999999, free_norm=1.0e-6 + 0.0im
     | block_size = 151 
[TDSE] Runing TDSE-SH-linear (length gauge, dipole form). step 23600 energy = -0.4964297276762655, norm_value = 1.0 + 0.0im, bound_norm=0.999999, free_norm=1.0e-6 + 0.0im
     | block_size = 151 
[TDSE] Runing TDSE-SH-linear (length gauge, dipole form). step 23800 energy = -0.49642840109959613, norm_value = 1.0 + 0.0im, bound_norm=0.999998, free_norm=2.0e-6 + 0.0im
     | block_size = 151 
[TDSE] Runing TDSE-SH-linear (length gauge, dipole form). step 24000 energy = -0.49642836990424616, norm_value = 1.0 + 0.0im, bound_norm=0.999998, free_norm=2.0e-6 + 0.0im
     | block_size = 150 
[TDSE] Runing TDSE-SH-linear (length gauge, dipole form). step 24200 energy = -0.4964293657957195, norm_value = 1.0 + 0.0im, bound_norm=0.999999, free_norm=1.0e-6 + 0.0im
     | block_size = 152 
[TDSE] Runing TDSE-SH-linear (length gauge, dipole form). step 24400 energy = -0.49643081079011947, norm_value = 1.0 + 0.0im, bound_norm=0.999999, free_norm=1.0e-6 + 0.0im
     | block_size = 153 
[TDSE] Runing TDSE-SH-linear (length gauge, dipole form). step 24600 energy = -0.49643213945443104, norm_value = 1.0 + 0.0im, bound_norm=1.0, free_norm=0.0 + 0.0im
     | block_size = 153 
[TDSE] Runing TDSE-SH-linear (length gauge, dipole form). step 24800 energy = -0.4964330491515498, norm_value = 1.0 + 0.0im, bound_norm=1.0, free_norm=0.0 + 0.0im
     | block_size = 153 
[TDSE] Runing TDSE-SH-linear (length gauge, dipole form). step 25000 energy = -0.49643351545991704, norm_value = 1.0 + 0.0im, bound_norm=1.0, free_norm=0.0 + 0.0im
     | block_size = 153 
[TDSE] Runing TDSE-SH-linear (length gauge, dipole form). step 25200 energy = -0.4964336736670727, norm_value = 1.0 + 0.0im, bound_norm=1.0, free_norm=0.0 + 0.0im
     | block_size = 153 
[TDSE] Runing TDSE-SH-linear (length gauge, dipole form). step 25400 energy = -0.4964336927225508, norm_value = 1.0 + 0.0im, bound_norm=1.0, free_norm=0.0 + 0.0im
     | block_size = 153 
[TDSE] Runing TDSE-SH-linear (length gauge, dipole form). step 25600 energy = -0.4964336827903512, norm_value = 1.0 + 0.0im, bound_norm=1.0, free_norm=0.0 + 0.0im
     | block_size = 153 
[TDSE] Runing TDSE-SH-linear (length gauge, dipole form). step 25800 energy = -0.4964336831300428, norm_value = 1.0 + 0.0im, bound_norm=1.0, free_norm=0.0 + 0.0im
     | block_size = 153 
[TDSE] Runing TDSE-SH-linear (length gauge, dipole form). step 26000 energy = -0.4964336898976189, norm_value = 1.0 + 0.0im, bound_norm=1.0, free_norm=0.0 + 0.0im
     | block_size = 153 
[TDSE] Runing TDSE-SH-linear (length gauge, dipole form). step 26200 energy = -0.4964336942121797, norm_value = 1.0 + 0.0im, bound_norm=1.0, free_norm=0.0 + 0.0im
     | block_size = 153 
[TDSE] Runing TDSE-SH-linear (length gauge, dipole form). step 26400 energy = -0.4964336948653074, norm_value = 1.0 + 0.0im, bound_norm=1.0, free_norm=0.0 + 0.0im
     | block_size = 153 
Sample 2026_5_15_hg_massive_0.0225_0.0_0.0285_6.0_short_range does not exist. Exceute a new sample.
[ITP]: 10000.496424741636
[ITP]: 3.468948764850932e-6
[ITP]: 2.0119768988635656e-6
[ITP]: 1.2363970314233086e-6
[ITP]: 7.802127368616851e-7
[ITP]: 5.004886823867238e-7
[ITP]: 3.247063635747338e-7
[ITP]: 2.1241854042397534e-7
[ITP]: 1.3984492786001113e-7
[ITP]: 9.25260389417204e-8
[ITP]: 6.146357944825098e-8
[ITP]: 4.0962812142275595e-8
[ITP]: 2.737382170936442e-8
[ITP]: 1.8334269435982264e-8
[ITP]: 1.2303307206362746e-8
[ITP]: 8.269649631742482e-9
[ITP]: 5.566198502116038e-9
[ITP]: 3.7510526906814334e-9
[ITP]: 2.530471499007092e-9
[ITP]: 1.7086173587088638e-9
[ITP]: 1.154605577813328e-9
[ITP]: 7.807770541212733e-10
[ITP]: 5.283077308959605e-10
[ITP]: 3.576713369923823e-10
[ITP]: 2.422650968725293e-10
[ITP]: 1.6416579207145787e-10
[ITP]: 1.1128536980820058e-10
[ITP]: 7.546496760824084e-11
[ITP]: 5.119060730862657e-11
[ITP]: 3.4733049769641866e-11
[ITP]: 2.3571977703085167e-11
[ITP]: 1.6002199565434694e-11
[ITP]: 1.086369882941085e-11
[ITP]: 7.378653243961253e-12
[ITP]: 5.010714065889488e-12
[ITP]: 3.4039993046519612e-12
[ITP]: 2.313038649504051e-12
[ITP]: 1.570410468332284e-12
[ITP]: 1.0681455719918631e-12
[ITP]: 7.265299473147024e-13
[ITP]: 4.919398222114069e-13
[ITP]: 3.346212196220222e-13
[ITP]: 2.2842838731662596e-13
[ITP]: 1.5498713423767185e-13
[ITP]: 1.0536016503692736e-13
[ITP]: 7.188694084447889e-14
[ITP]: 4.801714581503802e-14
[ITP]: 3.347322419244847e-14
[ITP]: 2.3148150063434514e-14
[ITP]: 1.4432899320127035e-14
[ITP]: 1.1102230246251565e-14
[ITP]: 7.16093850883226e-15
[ITP]: 4.440892098500626e-15
[ITP]: 2.6645352591003757e-15
[ITP]: 2.831068712794149e-15
[ITP]: 1.4988010832439613e-15
[ITP]: 6.661338147750939e-16
[ITP]: 7.771561172376096e-16
[ITP]: 5.551115123125783e-16
[ITP]: 2.220446049250313e-16
[ITP]: 4.440892098500626e-16
[ITP]: 6.106226635438361e-16
[ITP]: 7.216449660063518e-16
[ITP]: 4.440892098500626e-16
[ITP]: 4.440892098500626e-16
[ITP]: 3.3306690738754696e-16
[ITP]: 1.1102230246251565e-15
[ITP]: 1.1102230246251565e-16
[ITP]: 7.216449660063518e-16
[ITP]: 1.1102230246251565e-16
[ITP]: 8.326672684688674e-16
[ITP]: 7.216449660063518e-16
[ITP]: 2.7755575615628914e-16
[ITP]: 4.996003610813204e-16
[ITP]: 4.440892098500626e-16
[ITP]: 4.440892098500626e-16
[ITP]: 1.6653345369377348e-16
[ITP]: 4.996003610813204e-16
[ITP]: 1.1657341758564144e-15
[ITP]: 1.1102230246251565e-16
[ITP]: 0.0
[TDSE] Runing TDSE-SH-linear (length gauge, dipole form). step 0 energy = -0.4964336949924361, norm_value = 1.0 + 0.0im, bound_norm=1.0, free_norm=0.0 + 0.0im
     | block_size = 3 
[TDSE] Runing TDSE-SH-linear (length gauge, dipole form). step 200 energy = -0.49643369465809495, norm_value = 1.0 + 0.0im, bound_norm=1.0, free_norm=0.0 + 0.0im
     | block_size = 3 
[TDSE] Runing TDSE-SH-linear (length gauge, dipole form). step 400 energy = -0.496433690860255, norm_value = 1.0 + 0.0im, bound_norm=1.0, free_norm=0.0 + 0.0im
     | block_size = 3 
[TDSE] Runing TDSE-SH-linear (length gauge, dipole form). step 600 energy = -0.49643368193915166, norm_value = 1.0 + 0.0im, bound_norm=1.0, free_norm=0.0 + 0.0im
     | block_size = 4 
[TDSE] Runing TDSE-SH-linear (length gauge, dipole form). step 800 energy = -0.49643367862608184, norm_value = 1.0 + 0.0im, bound_norm=1.0, free_norm=0.0 + 0.0im
     | block_size = 4 
[TDSE] Runing TDSE-SH-linear (length gauge, dipole form). step 1000 energy = -0.4964336886386337, norm_value = 1.0 + 0.0im, bound_norm=1.0, free_norm=0.0 + 0.0im
     | block_size = 4 
[TDSE] Runing TDSE-SH-linear (length gauge, dipole form). step 1200 energy = -0.49643368465753784, norm_value = 1.0 + 0.0im, bound_norm=1.0, free_norm=0.0 + 0.0im
     | block_size = 4 
[TDSE] Runing TDSE-SH-linear (length gauge, dipole form). step 1400 energy = -0.4964335509412036, norm_value = 1.0 + 0.0im, bound_norm=1.0, free_norm=0.0 + 0.0im
     | block_size = 4 
[TDSE] Runing TDSE-SH-linear (length gauge, dipole form). step 1600 energy = -0.4964330920882061, norm_value = 1.0 + 0.0im, bound_norm=1.0, free_norm=0.0 + 0.0im
     | block_size = 4 
[TDSE] Runing TDSE-SH-linear (length gauge, dipole form). step 1800 energy = -0.4964320941868103, norm_value = 1.0 + 0.0im, bound_norm=1.0, free_norm=0.0 + 0.0im
     | block_size = 4 
[TDSE] Runing TDSE-SH-linear (length gauge, dipole form). step 2000 energy = -0.4964305450634675, norm_value = 1.0 + 0.0im, bound_norm=0.999999, free_norm=1.0e-6 + 0.0im
     | block_size = 5 
[TDSE] Runing TDSE-SH-linear (length gauge, dipole form). step 2200 energy = -0.4964286938905764, norm_value = 1.0 + 0.0im, bound_norm=0.999998, free_norm=2.0e-6 + 0.0im
     | block_size = 6 
[TDSE] Runing TDSE-SH-linear (length gauge, dipole form). step 2400 energy = -0.4964271918082731, norm_value = 1.0 + 0.0im, bound_norm=0.999998, free_norm=2.0e-6 + 0.0im
     | block_size = 7 
[TDSE] Runing TDSE-SH-linear (length gauge, dipole form). step 2600 energy = -0.49642682892862194, norm_value = 1.0 + 0.0im, bound_norm=0.999998, free_norm=2.0e-6 + 0.0im
     | block_size = 8 
[TDSE] Runing TDSE-SH-linear (length gauge, dipole form). step 2800 energy = -0.4964280595230333, norm_value = 1.0 + 0.0im, bound_norm=0.999998, free_norm=2.0e-6 + 0.0im
     | block_size = 10 
[TDSE] Runing TDSE-SH-linear (length gauge, dipole form). step 3000 energy = -0.4964306372553746, norm_value = 1.0 + 0.0im, bound_norm=0.999999, free_norm=1.0e-6 + 0.0im
     | block_size = 11 
[TDSE] Runing TDSE-SH-linear (length gauge, dipole form). step 3200 energy = -0.4964330994558248, norm_value = 1.0 + 0.0im, bound_norm=1.0, free_norm=0.0 + 0.0im
     | block_size = 11 
[TDSE] Runing TDSE-SH-linear (length gauge, dipole form). step 3400 energy = -0.4964331151901905, norm_value = 1.0 + 0.0im, bound_norm=1.0, free_norm=0.0 + 0.0im
     | block_size = 11 
[TDSE] Runing TDSE-SH-linear (length gauge, dipole form). step 3600 energy = -0.4964281242165023, norm_value = 1.0 + 0.0im, bound_norm=0.999998, free_norm=2.0e-6 + 0.0im
     | block_size = 10 
[TDSE] Runing TDSE-SH-linear (length gauge, dipole form). step 3800 energy = -0.4964166652279948, norm_value = 1.0 + 0.0im, bound_norm=0.999995, free_norm=5.0e-6 + 0.0im
     | block_size = 8 
[TDSE] Runing TDSE-SH-linear (length gauge, dipole form). step 4000 energy = -0.496399394082613, norm_value = 1.0 + 0.0im, bound_norm=0.999989, free_norm=1.1e-5 + 0.0im
     | block_size = 6 
[TDSE] Runing TDSE-SH-linear (length gauge, dipole form). step 4200 energy = -0.49637989162793145, norm_value = 1.0 + 0.0im, bound_norm=0.999983, free_norm=1.7e-5 + 0.0im
     | block_size = 9 
[TDSE] Runing TDSE-SH-linear (length gauge, dipole form). step 4400 energy = -0.49636393400177653, norm_value = 1.0 + 0.0im, bound_norm=0.999979, free_norm=2.1e-5 + 0.0im
     | block_size = 14 
[TDSE] Runing TDSE-SH-linear (length gauge, dipole form). step 4600 energy = -0.49635754721636316, norm_value = 1.0 + 0.0im, bound_norm=0.999977, free_norm=2.3e-5 + 0.0im
     | block_size = 19 
[TDSE] Runing TDSE-SH-linear (length gauge, dipole form). step 4800 energy = -0.49636477353201947, norm_value = 1.0 + 0.0im, bound_norm=0.999979, free_norm=2.1e-5 + 0.0im
     | block_size = 24 
[TDSE] Runing TDSE-SH-linear (length gauge, dipole form). step 5000 energy = -0.49638447277243786, norm_value = 1.0 + 0.0im, bound_norm=0.999985, free_norm=1.5e-5 + 0.0im
     | block_size = 29 
[TDSE] Runing TDSE-SH-linear (length gauge, dipole form). step 5200 energy = -0.4964098773519045, norm_value = 1.0 + 0.0im, bound_norm=0.999993, free_norm=7.0e-6 + 0.0im
     | block_size = 32 
[TDSE] Runing TDSE-SH-linear (length gauge, dipole form). step 5400 energy = -0.4964294276335249, norm_value = 1.0 + 0.0im, bound_norm=0.999999, free_norm=1.0e-6 + 0.0im
     | block_size = 34 
[TDSE] Runing TDSE-SH-linear (length gauge, dipole form). step 5600 energy = -0.49643039230174313, norm_value = 1.0 + 0.0im, bound_norm=0.999999, free_norm=1.0e-6 + 0.0im
     | block_size = 34 
[TDSE] Runing TDSE-SH-linear (length gauge, dipole form). step 5800 energy = -0.49640373870023236, norm_value = 1.0 + 0.0im, bound_norm=0.999991, free_norm=9.0e-6 + 0.0im
     | block_size = 32 
[TDSE] Runing TDSE-SH-linear (length gauge, dipole form). step 6000 energy = -0.4963486659730347, norm_value = 1.0 + 0.0im, bound_norm=0.999974, free_norm=2.6e-5 + 0.0im
     | block_size = 27 
[TDSE] Runing TDSE-SH-linear (length gauge, dipole form). step 6200 energy = -0.4962749755655577, norm_value = 1.0 + 0.0im, bound_norm=0.999951, free_norm=4.9e-5 + 0.0im
     | block_size = 20 
[TDSE] Runing TDSE-SH-linear (length gauge, dipole form). step 6400 energy = -0.4962017105185436, norm_value = 1.0 + 0.0im, bound_norm=0.999929, free_norm=7.1e-5 + 0.0im
     | block_size = 14 
[TDSE] Runing TDSE-SH-linear (length gauge, dipole form). step 6600 energy = -0.49615245189046175, norm_value = 1.0 + 0.0im, bound_norm=0.999914, free_norm=8.6e-5 + 0.0im
     | block_size = 19 
[TDSE] Runing TDSE-SH-linear (length gauge, dipole form). step 6800 energy = -0.4961458653252277, norm_value = 1.0 + 0.0im, bound_norm=0.999912, free_norm=8.8e-5 + 0.0im
     | block_size = 29 
[TDSE] Runing TDSE-SH-linear (length gauge, dipole form). step 7000 energy = -0.4961883098257934, norm_value = 1.0 + 0.0im, bound_norm=0.999925, free_norm=7.5e-5 + 0.0im
     | block_size = 39 
[TDSE] Runing TDSE-SH-linear (length gauge, dipole form). step 7200 energy = -0.49626805319266715, norm_value = 1.0 + 0.0im, bound_norm=0.999949, free_norm=5.1e-5 + 0.0im
     | block_size = 48 
[TDSE] Runing TDSE-SH-linear (length gauge, dipole form). step 7400 energy = -0.4963572403038273, norm_value = 1.0 + 0.0im, bound_norm=0.999977, free_norm=2.3e-5 + 0.0im
     | block_size = 54 
[TDSE] Runing TDSE-SH-linear (length gauge, dipole form). step 7600 energy = -0.4964202076200048, norm_value = 1.0 + 0.0im, bound_norm=0.999996, free_norm=4.0e-6 + 0.0im
     | block_size = 58 
[TDSE] Runing TDSE-SH-linear (length gauge, dipole form). step 7800 energy = -0.49642507286811965, norm_value = 1.0 + 0.0im, bound_norm=0.999998, free_norm=2.0e-6 + 0.0im
     | block_size = 59 
[TDSE] Runing TDSE-SH-linear (length gauge, dipole form). step 8000 energy = -0.49635547412760317, norm_value = 1.0 + 0.0im, bound_norm=0.999976, free_norm=2.4e-5 + 0.0im
     | block_size = 55 
[TDSE] Runing TDSE-SH-linear (length gauge, dipole form). step 8200 energy = -0.4962182982688131, norm_value = 1.0 + 0.0im, bound_norm=0.999934, free_norm=6.6e-5 + 0.0im
     | block_size = 48 
[TDSE] Runing TDSE-SH-linear (length gauge, dipole form). step 8400 energy = -0.49604522953724994, norm_value = 1.0 + 0.0im, bound_norm=0.999882, free_norm=0.000118 + 0.0im
     | block_size = 38 
[TDSE] Runing TDSE-SH-linear (length gauge, dipole form). step 8600 energy = -0.49588564647465166, norm_value = 1.0 + 0.0im, bound_norm=0.999835, free_norm=0.000165 + 0.0im
     | block_size = 27 
[TDSE] Runing TDSE-SH-linear (length gauge, dipole form). step 8800 energy = -0.495792397109453, norm_value = 1.0 + 0.0im, bound_norm=0.999808, free_norm=0.000192 + 0.0im
     | block_size = 29 
[TDSE] Runing TDSE-SH-linear (length gauge, dipole form). step 9000 energy = -0.4958009280709281, norm_value = 1.0 + 0.0im, bound_norm=0.999811, free_norm=0.000189 + 0.0im
     | block_size = 38 
[TDSE] Runing TDSE-SH-linear (length gauge, dipole form). step 9200 energy = -0.49591343433719176, norm_value = 1.0 + 0.0im, bound_norm=0.999843, free_norm=0.000157 + 0.0im
     | block_size = 48 
[TDSE] Runing TDSE-SH-linear (length gauge, dipole form). step 9400 energy = -0.49609432080409077, norm_value = 1.0 + 0.0im, bound_norm=0.999897, free_norm=0.000103 + 0.0im
     | block_size = 58 
[TDSE] Runing TDSE-SH-linear (length gauge, dipole form). step 9600 energy = -0.4962813217376139, norm_value = 1.0 + 0.0im, bound_norm=0.999954, free_norm=4.6e-5 + 0.0im
     | block_size = 68 
[TDSE] Runing TDSE-SH-linear (length gauge, dipole form). step 9800 energy = -0.496406762940971, norm_value = 1.0 + 0.0im, bound_norm=0.999992, free_norm=8.0e-6 + 0.0im
     | block_size = 73 
[TDSE] Runing TDSE-SH-linear (length gauge, dipole form). step 10000 energy = -0.4964192857888918, norm_value = 1.0 + 0.0im, bound_norm=0.999996, free_norm=4.0e-6 + 0.0im
     | block_size = 74 
[TDSE] Runing TDSE-SH-linear (length gauge, dipole form). step 10200 energy = -0.496300253106955, norm_value = 1.0 + 0.0im, bound_norm=0.999959, free_norm=4.1e-5 + 0.0im
     | block_size = 69 
[TDSE] Runing TDSE-SH-linear (length gauge, dipole form). step 10400 energy = -0.4960717467779864, norm_value = 1.0 + 0.0im, bound_norm=0.99989, free_norm=0.00011 + 0.0im
     | block_size = 62 
[TDSE] Runing TDSE-SH-linear (length gauge, dipole form). step 10600 energy = -0.49579419707623607, norm_value = 1.0 + 0.0im, bound_norm=0.999809, free_norm=0.000191 + 0.0im
     | block_size = 60 
[TDSE] Runing TDSE-SH-linear (length gauge, dipole form). step 10800 energy = -0.49555195062980645, norm_value = 1.0 + 0.0im, bound_norm=0.999739, free_norm=0.000261 + 0.0im
     | block_size = 64 
[TDSE] Runing TDSE-SH-linear (length gauge, dipole form). step 11000 energy = -0.4954270243999043, norm_value = 1.0 + 0.0im, bound_norm=0.999704, free_norm=0.000296 + 0.0im
     | block_size = 64 
[TDSE] Runing TDSE-SH-linear (length gauge, dipole form). step 11200 energy = -0.4954664862780771, norm_value = 1.0 + 0.0im, bound_norm=0.999715, free_norm=0.000285 + 0.0im
     | block_size = 64 
[TDSE] Runing TDSE-SH-linear (length gauge, dipole form). step 11400 energy = -0.4956599095875699, norm_value = 1.0 + 0.0im, bound_norm=0.99977, free_norm=0.00023 + 0.0im
     | block_size = 74 
[TDSE] Runing TDSE-SH-linear (length gauge, dipole form). step 11600 energy = -0.49594166013965757, norm_value = 1.0 + 0.0im, bound_norm=0.999852, free_norm=0.000148 + 0.0im
     | block_size = 84 
[TDSE] Runing TDSE-SH-linear (length gauge, dipole form). step 11800 energy = -0.49621698231549477, norm_value = 1.0 + 0.0im, bound_norm=0.999934, free_norm=6.6e-5 + 0.0im
     | block_size = 94 
[TDSE] Runing TDSE-SH-linear (length gauge, dipole form). step 12000 energy = -0.4963950712327731, norm_value = 1.0 + 0.0im, bound_norm=0.999989, free_norm=1.1e-5 + 0.0im
     | block_size = 102 
[TDSE] Runing TDSE-SH-linear (length gauge, dipole form). step 12200 energy = -0.4964163055025153, norm_value = 1.0 + 0.0im, bound_norm=0.999995, free_norm=5.0e-6 + 0.0im
     | block_size = 103 
[TDSE] Runing TDSE-SH-linear (length gauge, dipole form). step 12400 energy = -0.4962680742999425, norm_value = 1.0 + 0.0im, bound_norm=0.99995, free_norm=5.0e-5 + 0.0im
     | block_size = 96 
[TDSE] Runing TDSE-SH-linear (length gauge, dipole form). step 12600 energy = -0.49598905854728753, norm_value = 1.0 + 0.0im, bound_norm=0.999866, free_norm=0.000134 + 0.0im
     | block_size = 94 
[TDSE] Runing TDSE-SH-linear (length gauge, dipole form). step 12800 energy = -0.49566154671886337, norm_value = 1.0 + 0.0im, bound_norm=0.99977, free_norm=0.00023 + 0.0im
     | block_size = 100 
[TDSE] Runing TDSE-SH-linear (length gauge, dipole form). step 13000 energy = -0.4953902075100873, norm_value = 1.0 + 0.0im, bound_norm=0.999694, free_norm=0.000306 + 0.0im
     | block_size = 110 
[TDSE] Runing TDSE-SH-linear (length gauge, dipole form). step 13200 energy = -0.49526802080970905, norm_value = 1.0 + 0.0im, bound_norm=0.99966, free_norm=0.00034 + 0.0im
     | block_size = 117 
[TDSE] Runing TDSE-SH-linear (length gauge, dipole form). step 13400 energy = -0.49533905709297993, norm_value = 1.0 + 0.0im, bound_norm=0.99968, free_norm=0.00032 + 0.0im
     | block_size = 117 
[TDSE] Runing TDSE-SH-linear (length gauge, dipole form). step 13600 energy = -0.4955776074247155, norm_value = 1.0 + 0.0im, bound_norm=0.999746, free_norm=0.000254 + 0.0im
     | block_size = 116 
[TDSE] Runing TDSE-SH-linear (length gauge, dipole form). step 13800 energy = -0.4959003480507091, norm_value = 1.0 + 0.0im, bound_norm=0.99984, free_norm=0.00016 + 0.0im
     | block_size = 125 
[TDSE] Runing TDSE-SH-linear (length gauge, dipole form). step 14000 energy = -0.49620219390236825, norm_value = 1.0 + 0.0im, bound_norm=0.99993, free_norm=7.0e-5 + 0.0im
     | block_size = 135 
[TDSE] Runing TDSE-SH-linear (length gauge, dipole form). step 14200 energy = -0.4963919880124294, norm_value = 1.0 + 0.0im, bound_norm=0.999988, free_norm=1.2e-5 + 0.0im
     | block_size = 143 
[TDSE] Runing TDSE-SH-linear (length gauge, dipole form). step 14400 energy = -0.4964178713982507, norm_value = 1.0 + 0.0im, bound_norm=0.999996, free_norm=4.0e-6 + 0.0im
     | block_size = 145 
[TDSE] Runing TDSE-SH-linear (length gauge, dipole form). step 14600 energy = -0.4962784207398298, norm_value = 1.0 + 0.0im, bound_norm=0.999953, free_norm=4.7e-5 + 0.0im
     | block_size = 138 
[TDSE] Runing TDSE-SH-linear (length gauge, dipole form). step 14800 energy = -0.4960214928399425, norm_value = 1.0 + 0.0im, bound_norm=0.999875, free_norm=0.000125 + 0.0im
     | block_size = 136 
[TDSE] Runing TDSE-SH-linear (length gauge, dipole form). step 15000 energy = -0.49573165939978653, norm_value = 1.0 + 0.0im, bound_norm=0.999791, free_norm=0.000209 + 0.0im
     | block_size = 130 
[TDSE] Runing TDSE-SH-linear (length gauge, dipole form). step 15200 energy = -0.49550588861643013, norm_value = 1.0 + 0.0im, bound_norm=0.999726, free_norm=0.000274 + 0.0im
     | block_size = 130 
[TDSE] Runing TDSE-SH-linear (length gauge, dipole form). step 15400 energy = -0.4954207427675676, norm_value = 1.0 + 0.0im, bound_norm=0.999702, free_norm=0.000298 + 0.0im
     | block_size = 120 
[TDSE] Runing TDSE-SH-linear (length gauge, dipole form). step 15600 energy = -0.4955033588795192, norm_value = 1.0 + 0.0im, bound_norm=0.999725, free_norm=0.000275 + 0.0im
     | block_size = 114 
[TDSE] Runing TDSE-SH-linear (length gauge, dipole form). step 15800 energy = -0.4957209318208763, norm_value = 1.0 + 0.0im, bound_norm=0.999787, free_norm=0.000213 + 0.0im
     | block_size = 124 
[TDSE] Runing TDSE-SH-linear (length gauge, dipole form). step 16000 energy = -0.49599764204464714, norm_value = 1.0 + 0.0im, bound_norm=0.999868, free_norm=0.000132 + 0.0im
     | block_size = 134 
[TDSE] Runing TDSE-SH-linear (length gauge, dipole form). step 16200 energy = -0.4962469263506674, norm_value = 1.0 + 0.0im, bound_norm=0.999943, free_norm=5.7e-5 + 0.0im
     | block_size = 144 
[TDSE] Runing TDSE-SH-linear (length gauge, dipole form). step 16400 energy = -0.4963997065768114, norm_value = 1.0 + 0.0im, bound_norm=0.99999, free_norm=1.0e-5 + 0.0im
     | block_size = 154 
[TDSE] Runing TDSE-SH-linear (length gauge, dipole form). step 16600 energy = -0.4964228505473148, norm_value = 1.0 + 0.0im, bound_norm=0.999997, free_norm=3.0e-6 + 0.0im
     | block_size = 155 
[TDSE] Runing TDSE-SH-linear (length gauge, dipole form). step 16800 energy = -0.49632424303629147, norm_value = 1.0 + 0.0im, bound_norm=0.999967, free_norm=3.3e-5 + 0.0im
     | block_size = 150 
[TDSE] Runing TDSE-SH-linear (length gauge, dipole form). step 17000 energy = -0.4961476438434408, norm_value = 1.0 + 0.0im, bound_norm=0.999913, free_norm=8.7e-5 + 0.0im
     | block_size = 156 
[TDSE] Runing TDSE-SH-linear (length gauge, dipole form). step 17200 energy = -0.4959582119466224, norm_value = 1.0 + 0.0im, bound_norm=0.999857, free_norm=0.000143 + 0.0im
     | block_size = 166 
[TDSE] Runing TDSE-SH-linear (length gauge, dipole form). step 17400 energy = -0.4958221580646761, norm_value = 1.0 + 0.0im, bound_norm=0.999817, free_norm=0.000183 + 0.0im
     | block_size = 176 
[TDSE] Runing TDSE-SH-linear (length gauge, dipole form). step 17600 energy = -0.4957838769859683, norm_value = 1.0 + 0.0im, bound_norm=0.999806, free_norm=0.000194 + 0.0im
     | block_size = 185 
[TDSE] Runing TDSE-SH-linear (length gauge, dipole form). step 17800 energy = -0.49585161492471624, norm_value = 1.0 + 0.0im, bound_norm=0.999825, free_norm=0.000175 + 0.0im
     | block_size = 188 
[TDSE] Runing TDSE-SH-linear (length gauge, dipole form). step 18000 energy = -0.4959981036524093, norm_value = 1.0 + 0.0im, bound_norm=0.999868, free_norm=0.000132 + 0.0im
     | block_size = 193 
[TDSE] Runing TDSE-SH-linear (length gauge, dipole form). step 18200 energy = -0.4961728218517292, norm_value = 1.0 + 0.0im, bound_norm=0.999921, free_norm=7.9e-5 + 0.0im
     | block_size = 198 
[TDSE] Runing TDSE-SH-linear (length gauge, dipole form). step 18400 energy = -0.4963239097715489, norm_value = 1.0 + 0.0im, bound_norm=0.999966, free_norm=3.4e-5 + 0.0im
     | block_size = 199 
[TDSE] Runing TDSE-SH-linear (length gauge, dipole form). step 18600 energy = -0.4964136648874821, norm_value = 1.0 + 0.0im, bound_norm=0.999994, free_norm=6.0e-6 + 0.0im
     | block_size = 200 
[TDSE] Runing TDSE-SH-linear (length gauge, dipole form). step 18800 energy = -0.4964283501800656, norm_value = 1.0 + 0.0im, bound_norm=0.999999, free_norm=1.0e-6 + 0.0im
     | block_size = 200 
[TDSE] Runing TDSE-SH-linear (length gauge, dipole form). step 19000 energy = -0.4963785012825721, norm_value = 1.0 + 0.0im, bound_norm=0.999983, free_norm=1.7e-5 + 0.0im
     | block_size = 200 
[TDSE] Runing TDSE-SH-linear (length gauge, dipole form). step 19200 energy = -0.4962929027169965, norm_value = 1.0 + 0.0im, bound_norm=0.999957, free_norm=4.3e-5 + 0.0im
     | block_size = 200 
[TDSE] Runing TDSE-SH-linear (length gauge, dipole form). step 19400 energy = -0.496207306020549, norm_value = 1.0 + 0.0im, bound_norm=0.999931, free_norm=6.9e-5 + 0.0im
     | block_size = 198 
[TDSE] Runing TDSE-SH-linear (length gauge, dipole form). step 19600 energy = -0.4961526786420619, norm_value = 1.0 + 0.0im, bound_norm=0.999914, free_norm=8.6e-5 + 0.0im
     | block_size = 198 
[TDSE] Runing TDSE-SH-linear (length gauge, dipole form). step 19800 energy = -0.4961458550721493, norm_value = 1.0 + 0.0im, bound_norm=0.999912, free_norm=8.8e-5 + 0.0im
     | block_size = 200 
[TDSE] Runing TDSE-SH-linear (length gauge, dipole form). step 20000 energy = -0.4961850138595763, norm_value = 1.0 + 0.0im, bound_norm=0.999924, free_norm=7.6e-5 + 0.0im
     | block_size = 195 
[TDSE] Runing TDSE-SH-linear (length gauge, dipole form). step 20200 energy = -0.4962539027080995, norm_value = 1.0 + 0.0im, bound_norm=0.999945, free_norm=5.5e-5 + 0.0im
     | block_size = 186 
[TDSE] Runing TDSE-SH-linear (length gauge, dipole form). step 20400 energy = -0.49632982395117214, norm_value = 1.0 + 0.0im, bound_norm=0.999968, free_norm=3.2e-5 + 0.0im
     | block_size = 185 
[TDSE] Runing TDSE-SH-linear (length gauge, dipole form). step 20600 energy = -0.49639132525985263, norm_value = 1.0 + 0.0im, bound_norm=0.999987, free_norm=1.3e-5 + 0.0im
     | block_size = 189 
[TDSE] Runing TDSE-SH-linear (length gauge, dipole form). step 20800 energy = -0.49642607565202984, norm_value = 1.0 + 0.0im, bound_norm=0.999998, free_norm=2.0e-6 + 0.0im
     | block_size = 190 
[TDSE] Runing TDSE-SH-linear (length gauge, dipole form). step 21000 energy = -0.4964320093449961, norm_value = 1.0 + 0.0im, bound_norm=1.0, free_norm=0.0 + 0.0im
     | block_size = 189 
[TDSE] Runing TDSE-SH-linear (length gauge, dipole form). step 21200 energy = -0.49641636452719845, norm_value = 1.0 + 0.0im, bound_norm=0.999995, free_norm=5.0e-6 + 0.0im
     | block_size = 190 
[TDSE] Runing TDSE-SH-linear (length gauge, dipole form). step 21400 energy = -0.49639123324411677, norm_value = 1.0 + 0.0im, bound_norm=0.999987, free_norm=1.3e-5 + 0.0im
     | block_size = 187 
[TDSE] Runing TDSE-SH-linear (length gauge, dipole form). step 21600 energy = -0.4963690551633168, norm_value = 1.0 + 0.0im, bound_norm=0.99998, free_norm=2.0e-5 + 0.0im
     | block_size = 184 
[TDSE] Runing TDSE-SH-linear (length gauge, dipole form). step 21800 energy = -0.4963581532602472, norm_value = 1.0 + 0.0im, bound_norm=0.999977, free_norm=2.3e-5 + 0.0im
     | block_size = 184 
[TDSE] Runing TDSE-SH-linear (length gauge, dipole form). step 22000 energy = -0.4963609479107274, norm_value = 1.0 + 0.0im, bound_norm=0.999978, free_norm=2.2e-5 + 0.0im
     | block_size = 189 
[TDSE] Runing TDSE-SH-linear (length gauge, dipole form). step 22200 energy = -0.49637494794104453, norm_value = 1.0 + 0.0im, bound_norm=0.999982, free_norm=1.8e-5 + 0.0im
     | block_size = 192 
[TDSE] Runing TDSE-SH-linear (length gauge, dipole form). step 22400 energy = -0.49639409880233215, norm_value = 1.0 + 0.0im, bound_norm=0.999988, free_norm=1.2e-5 + 0.0im
     | block_size = 194 
[TDSE] Runing TDSE-SH-linear (length gauge, dipole form). step 22600 energy = -0.4964124288713753, norm_value = 1.0 + 0.0im, bound_norm=0.999993, free_norm=7.0e-6 + 0.0im
     | block_size = 195 
[TDSE] Runing TDSE-SH-linear (length gauge, dipole form). step 22800 energy = -0.49642566851817393, norm_value = 1.0 + 0.0im, bound_norm=0.999998, free_norm=2.0e-6 + 0.0im
     | block_size = 195 
[TDSE] Runing TDSE-SH-linear (length gauge, dipole form). step 23000 energy = -0.49643233825963085, norm_value = 1.0 + 0.0im, bound_norm=1.0, free_norm=0.0 + 0.0im
     | block_size = 196 
[TDSE] Runing TDSE-SH-linear (length gauge, dipole form). step 23200 energy = -0.49643345770314823, norm_value = 1.0 + 0.0im, bound_norm=1.0, free_norm=0.0 + 0.0im
     | block_size = 197 
[TDSE] Runing TDSE-SH-linear (length gauge, dipole form). step 23400 energy = -0.4964314019946008, norm_value = 1.0 + 0.0im, bound_norm=0.999999, free_norm=1.0e-6 + 0.0im
     | block_size = 196 
[TDSE] Runing TDSE-SH-linear (length gauge, dipole form). step 23600 energy = -0.49642867789319733, norm_value = 1.0 + 0.0im, bound_norm=0.999998, free_norm=2.0e-6 + 0.0im
     | block_size = 195 
[TDSE] Runing TDSE-SH-linear (length gauge, dipole form). step 23800 energy = -0.49642698060943247, norm_value = 1.0 + 0.0im, bound_norm=0.999998, free_norm=2.0e-6 + 0.0im
     | block_size = 195 
[TDSE] Runing TDSE-SH-linear (length gauge, dipole form). step 24000 energy = -0.49642695249290103, norm_value = 1.0 + 0.0im, bound_norm=0.999998, free_norm=2.0e-6 + 0.0im
     | block_size = 195 
[TDSE] Runing TDSE-SH-linear (length gauge, dipole form). step 24200 energy = -0.4964282183153023, norm_value = 1.0 + 0.0im, bound_norm=0.999998, free_norm=2.0e-6 + 0.0im
     | block_size = 195 
[TDSE] Runing TDSE-SH-linear (length gauge, dipole form). step 24400 energy = -0.49643004828470394, norm_value = 1.0 + 0.0im, bound_norm=0.999999, free_norm=1.0e-6 + 0.0im
     | block_size = 195 
[TDSE] Runing TDSE-SH-linear (length gauge, dipole form). step 24600 energy = -0.49643172359998655, norm_value = 1.0 + 0.0im, bound_norm=0.999999, free_norm=1.0e-6 + 0.0im
     | block_size = 194 
[TDSE] Runing TDSE-SH-linear (length gauge, dipole form). step 24800 energy = -0.49643287033628103, norm_value = 1.0 + 0.0im, bound_norm=1.0, free_norm=0.0 + 0.0im
     | block_size = 194 
[TDSE] Runing TDSE-SH-linear (length gauge, dipole form). step 25000 energy = -0.4964334686195849, norm_value = 1.0 + 0.0im, bound_norm=1.0, free_norm=0.0 + 0.0im
     | block_size = 194 
[TDSE] Runing TDSE-SH-linear (length gauge, dipole form). step 25200 energy = -0.4964336665889617, norm_value = 1.0 + 0.0im, bound_norm=1.0, free_norm=0.0 + 0.0im
     | block_size = 194 
[TDSE] Runing TDSE-SH-linear (length gauge, dipole form). step 25400 energy = -0.49643369068003446, norm_value = 1.0 + 0.0im, bound_norm=1.0, free_norm=0.0 + 0.0im
     | block_size = 194 
[TDSE] Runing TDSE-SH-linear (length gauge, dipole form). step 25600 energy = -0.4964336779204368, norm_value = 1.0 + 0.0im, bound_norm=1.0, free_norm=0.0 + 0.0im
     | block_size = 194 
[TDSE] Runing TDSE-SH-linear (length gauge, dipole form). step 25800 energy = -0.49643367863727556, norm_value = 1.0 + 0.0im, bound_norm=1.0, free_norm=0.0 + 0.0im
     | block_size = 194 
[TDSE] Runing TDSE-SH-linear (length gauge, dipole form). step 26000 energy = -0.4964336867431455, norm_value = 1.0 + 0.0im, bound_norm=1.0, free_norm=0.0 + 0.0im
     | block_size = 194 
[TDSE] Runing TDSE-SH-linear (length gauge, dipole form). step 26200 energy = -0.49643369248825675, norm_value = 1.0 + 0.0im, bound_norm=1.0, free_norm=0.0 + 0.0im
     | block_size = 194 
[TDSE] Runing TDSE-SH-linear (length gauge, dipole form). step 26400 energy = -0.4964336932526674, norm_value = 1.0 + 0.0im, bound_norm=1.0, free_norm=0.0 + 0.0im
     | block_size = 194 
Sample 2026_5_15_hg_massive_0.025_0.0_0.0285_6.0_short_range does not exist. Exceute a new sample.
[ITP]: 10000.496424741636
[ITP]: 3.468948764850932e-6
[ITP]: 2.0119768988635656e-6
[ITP]: 1.2363970314233086e-6
[ITP]: 7.802127368616851e-7
[ITP]: 5.004886823867238e-7
[ITP]: 3.247063635747338e-7
[ITP]: 2.1241854042397534e-7
[ITP]: 1.3984492786001113e-7
[ITP]: 9.25260389417204e-8
[ITP]: 6.146357944825098e-8
[ITP]: 4.0962812142275595e-8
[ITP]: 2.737382170936442e-8
[ITP]: 1.8334269435982264e-8
[ITP]: 1.2303307206362746e-8
[ITP]: 8.269649631742482e-9
[ITP]: 5.566198502116038e-9
[ITP]: 3.7510526906814334e-9
[ITP]: 2.530471499007092e-9
[ITP]: 1.7086173587088638e-9
[ITP]: 1.154605577813328e-9
[ITP]: 7.807770541212733e-10
[ITP]: 5.283077308959605e-10
[ITP]: 3.576713369923823e-10
[ITP]: 2.422650968725293e-10
[ITP]: 1.6416579207145787e-10
[ITP]: 1.1128536980820058e-10
[ITP]: 7.546496760824084e-11
[ITP]: 5.119060730862657e-11
[ITP]: 3.4733049769641866e-11
[ITP]: 2.3571977703085167e-11
[ITP]: 1.6002199565434694e-11
[ITP]: 1.086369882941085e-11
[ITP]: 7.378653243961253e-12
[ITP]: 5.010714065889488e-12
[ITP]: 3.4039993046519612e-12
[ITP]: 2.313038649504051e-12
[ITP]: 1.570410468332284e-12
[ITP]: 1.0681455719918631e-12
[ITP]: 7.265299473147024e-13
[ITP]: 4.919398222114069e-13
[ITP]: 3.346212196220222e-13
[ITP]: 2.2842838731662596e-13
[ITP]: 1.5498713423767185e-13
[ITP]: 1.0536016503692736e-13
[ITP]: 7.188694084447889e-14
[ITP]: 4.801714581503802e-14
[ITP]: 3.347322419244847e-14
[ITP]: 2.3148150063434514e-14
[ITP]: 1.4432899320127035e-14
[ITP]: 1.1102230246251565e-14
[ITP]: 7.16093850883226e-15
[ITP]: 4.440892098500626e-15
[ITP]: 2.6645352591003757e-15
[ITP]: 2.831068712794149e-15
[ITP]: 1.4988010832439613e-15
[ITP]: 6.661338147750939e-16
[ITP]: 7.771561172376096e-16
[ITP]: 5.551115123125783e-16
[ITP]: 2.220446049250313e-16
[ITP]: 4.440892098500626e-16
[ITP]: 6.106226635438361e-16
[ITP]: 7.216449660063518e-16
[ITP]: 4.440892098500626e-16
[ITP]: 4.440892098500626e-16
[ITP]: 3.3306690738754696e-16
[ITP]: 1.1102230246251565e-15
[ITP]: 1.1102230246251565e-16
[ITP]: 7.216449660063518e-16
[ITP]: 1.1102230246251565e-16
[ITP]: 8.326672684688674e-16
[ITP]: 7.216449660063518e-16
[ITP]: 2.7755575615628914e-16
[ITP]: 4.996003610813204e-16
[ITP]: 4.440892098500626e-16
[ITP]: 4.440892098500626e-16
[ITP]: 1.6653345369377348e-16
[ITP]: 4.996003610813204e-16
[ITP]: 1.1657341758564144e-15
[ITP]: 1.1102230246251565e-16
[ITP]: 0.0
[TDSE] Runing TDSE-SH-linear (length gauge, dipole form). step 0 energy = -0.4964336949924361, norm_value = 1.0 + 0.0im, bound_norm=1.0, free_norm=0.0 + 0.0im
     | block_size = 3 
[TDSE] Runing TDSE-SH-linear (length gauge, dipole form). step 200 energy = -0.4964336945796703, norm_value = 1.0 + 0.0im, bound_norm=1.0, free_norm=0.0 + 0.0im
     | block_size = 3 
[TDSE] Runing TDSE-SH-linear (length gauge, dipole form). step 400 energy = -0.4964336898909785, norm_value = 1.0 + 0.0im, bound_norm=1.0, free_norm=0.0 + 0.0im
     | block_size = 3 
[TDSE] Runing TDSE-SH-linear (length gauge, dipole form). step 600 energy = -0.49643367887727213, norm_value = 1.0 + 0.0im, bound_norm=1.0, free_norm=0.0 + 0.0im
     | block_size = 4 
[TDSE] Runing TDSE-SH-linear (length gauge, dipole form). step 800 energy = -0.49643367478706196, norm_value = 1.0 + 0.0im, bound_norm=1.0, free_norm=0.0 + 0.0im
     | block_size = 4 
[TDSE] Runing TDSE-SH-linear (length gauge, dipole form). step 1000 energy = -0.496433687148249, norm_value = 1.0 + 0.0im, bound_norm=1.0, free_norm=0.0 + 0.0im
     | block_size = 4 
[TDSE] Runing TDSE-SH-linear (length gauge, dipole form). step 1200 energy = -0.49643368223332024, norm_value = 1.0 + 0.0im, bound_norm=1.0, free_norm=0.0 + 0.0im
     | block_size = 4 
[TDSE] Runing TDSE-SH-linear (length gauge, dipole form). step 1400 energy = -0.49643351715134104, norm_value = 1.0 + 0.0im, bound_norm=1.0, free_norm=0.0 + 0.0im
     | block_size = 4 
[TDSE] Runing TDSE-SH-linear (length gauge, dipole form). step 1600 energy = -0.496432950663593, norm_value = 1.0 + 0.0im, bound_norm=1.0, free_norm=0.0 + 0.0im
     | block_size = 4 
[TDSE] Runing TDSE-SH-linear (length gauge, dipole form). step 1800 energy = -0.49643171866880687, norm_value = 1.0 + 0.0im, bound_norm=0.999999, free_norm=1.0e-6 + 0.0im
     | block_size = 5 
[TDSE] Runing TDSE-SH-linear (length gauge, dipole form). step 2000 energy = -0.4964298061010449, norm_value = 1.0 + 0.0im, bound_norm=0.999999, free_norm=1.0e-6 + 0.0im
     | block_size = 5 
[TDSE] Runing TDSE-SH-linear (length gauge, dipole form). step 2200 energy = -0.49642752056015393, norm_value = 1.0 + 0.0im, bound_norm=0.999998, free_norm=2.0e-6 + 0.0im
     | block_size = 6 
[TDSE] Runing TDSE-SH-linear (length gauge, dipole form). step 2400 energy = -0.4964256659767371, norm_value = 1.0 + 0.0im, bound_norm=0.999998, free_norm=2.0e-6 + 0.0im
     | block_size = 7 
[TDSE] Runing TDSE-SH-linear (length gauge, dipole form). step 2600 energy = -0.496425217874086, norm_value = 1.0 + 0.0im, bound_norm=0.999997, free_norm=3.0e-6 + 0.0im
     | block_size = 9 
[TDSE] Runing TDSE-SH-linear (length gauge, dipole form). step 2800 energy = -0.49642673740468446, norm_value = 1.0 + 0.0im, bound_norm=0.999998, free_norm=2.0e-6 + 0.0im
     | block_size = 10 
[TDSE] Runing TDSE-SH-linear (length gauge, dipole form). step 3000 energy = -0.4964299198233135, norm_value = 1.0 + 0.0im, bound_norm=0.999999, free_norm=1.0e-6 + 0.0im
     | block_size = 11 
[TDSE] Runing TDSE-SH-linear (length gauge, dipole form). step 3200 energy = -0.49643295977492924, norm_value = 1.0 + 0.0im, bound_norm=1.0, free_norm=0.0 + 0.0im
     | block_size = 12 
[TDSE] Runing TDSE-SH-linear (length gauge, dipole form). step 3400 energy = -0.496432979113636, norm_value = 1.0 + 0.0im, bound_norm=1.0, free_norm=0.0 + 0.0im
     | block_size = 12 
[TDSE] Runing TDSE-SH-linear (length gauge, dipole form). step 3600 energy = -0.49642681738421185, norm_value = 1.0 + 0.0im, bound_norm=0.999998, free_norm=2.0e-6 + 0.0im
     | block_size = 11 
[TDSE] Runing TDSE-SH-linear (length gauge, dipole form). step 3800 energy = -0.4964126683398946, norm_value = 1.0 + 0.0im, bound_norm=0.999994, free_norm=6.0e-6 + 0.0im
     | block_size = 9 
[TDSE] Runing TDSE-SH-linear (length gauge, dipole form). step 4000 energy = -0.4963913375526907, norm_value = 1.0 + 0.0im, bound_norm=0.999987, free_norm=1.3e-5 + 0.0im
     | block_size = 6 
[TDSE] Runing TDSE-SH-linear (length gauge, dipole form). step 4200 energy = -0.49636724411914346, norm_value = 1.0 + 0.0im, bound_norm=0.99998, free_norm=2.0e-5 + 0.0im
     | block_size = 9 
[TDSE] Runing TDSE-SH-linear (length gauge, dipole form). step 4400 energy = -0.4963475234486088, norm_value = 1.0 + 0.0im, bound_norm=0.999973, free_norm=2.7e-5 + 0.0im
     | block_size = 14 
[TDSE] Runing TDSE-SH-linear (length gauge, dipole form). step 4600 energy = -0.496339630375998, norm_value = 1.0 + 0.0im, bound_norm=0.999971, free_norm=2.9e-5 + 0.0im
     | block_size = 20 
[TDSE] Runing TDSE-SH-linear (length gauge, dipole form). step 4800 energy = -0.4963485600556151, norm_value = 1.0 + 0.0im, bound_norm=0.999974, free_norm=2.6e-5 + 0.0im
     | block_size = 25 
[TDSE] Runing TDSE-SH-linear (length gauge, dipole form). step 5000 energy = -0.49637290358692054, norm_value = 1.0 + 0.0im, bound_norm=0.999981, free_norm=1.9e-5 + 0.0im
     | block_size = 30 
[TDSE] Runing TDSE-SH-linear (length gauge, dipole form). step 5200 energy = -0.4964042862578644, norm_value = 1.0 + 0.0im, bound_norm=0.999991, free_norm=9.0e-6 + 0.0im
     | block_size = 34 
[TDSE] Runing TDSE-SH-linear (length gauge, dipole form). step 5400 energy = -0.4964284260602673, norm_value = 1.0 + 0.0im, bound_norm=0.999999, free_norm=1.0e-6 + 0.0im
     | block_size = 36 
[TDSE] Runing TDSE-SH-linear (length gauge, dipole form). step 5600 energy = -0.4964296173860124, norm_value = 1.0 + 0.0im, bound_norm=0.999999, free_norm=1.0e-6 + 0.0im
     | block_size = 36 
[TDSE] Runing TDSE-SH-linear (length gauge, dipole form). step 5800 energy = -0.49639670617932674, norm_value = 1.0 + 0.0im, bound_norm=0.999989, free_norm=1.1e-5 + 0.0im
     | block_size = 34 
[TDSE] Runing TDSE-SH-linear (length gauge, dipole form). step 6000 energy = -0.4963286606065935, norm_value = 1.0 + 0.0im, bound_norm=0.999968, free_norm=3.2e-5 + 0.0im
     | block_size = 28 
[TDSE] Runing TDSE-SH-linear (length gauge, dipole form). step 6200 energy = -0.49623750901034586, norm_value = 1.0 + 0.0im, bound_norm=0.99994, free_norm=6.0e-5 + 0.0im
     | block_size = 23 
[TDSE] Runing TDSE-SH-linear (length gauge, dipole form). step 6400 energy = -0.49614678241317545, norm_value = 1.0 + 0.0im, bound_norm=0.999913, free_norm=8.7e-5 + 0.0im
     | block_size = 15 
[TDSE] Runing TDSE-SH-linear (length gauge, dipole form). step 6600 energy = -0.4960857098172579, norm_value = 1.0 + 0.0im, bound_norm=0.999894, free_norm=0.000106 + 0.0im
     | block_size = 21 
[TDSE] Runing TDSE-SH-linear (length gauge, dipole form). step 6800 energy = -0.4960775339958246, norm_value = 1.0 + 0.0im, bound_norm=0.999892, free_norm=0.000108 + 0.0im
     | block_size = 31 
[TDSE] Runing TDSE-SH-linear (length gauge, dipole form). step 7000 energy = -0.49613016704442275, norm_value = 1.0 + 0.0im, bound_norm=0.999908, free_norm=9.2e-5 + 0.0im
     | block_size = 41 
[TDSE] Runing TDSE-SH-linear (length gauge, dipole form). step 7200 energy = -0.4962289373632102, norm_value = 1.0 + 0.0im, bound_norm=0.999938, free_norm=6.2e-5 + 0.0im
     | block_size = 51 
[TDSE] Runing TDSE-SH-linear (length gauge, dipole form). step 7400 energy = -0.4963392615282802, norm_value = 1.0 + 0.0im, bound_norm=0.999971, free_norm=2.9e-5 + 0.0im
     | block_size = 58 
[TDSE] Runing TDSE-SH-linear (length gauge, dipole form). step 7600 energy = -0.4964170428568743, norm_value = 1.0 + 0.0im, bound_norm=0.999995, free_norm=5.0e-6 + 0.0im
     | block_size = 63 
[TDSE] Runing TDSE-SH-linear (length gauge, dipole form). step 7800 energy = -0.4964230512414409, norm_value = 1.0 + 0.0im, bound_norm=0.999997, free_norm=3.0e-6 + 0.0im
     | block_size = 63 
[TDSE] Runing TDSE-SH-linear (length gauge, dipole form). step 8000 energy = -0.49633708309157387, norm_value = 1.0 + 0.0im, bound_norm=0.999971, free_norm=2.9e-5 + 0.0im
     | block_size = 59 
[TDSE] Runing TDSE-SH-linear (length gauge, dipole form). step 8200 energy = -0.4961673730852248, norm_value = 1.0 + 0.0im, bound_norm=0.999919, free_norm=8.1e-5 + 0.0im
     | block_size = 51 
[TDSE] Runing TDSE-SH-linear (length gauge, dipole form). step 8400 energy = -0.4959526709098248, norm_value = 1.0 + 0.0im, bound_norm=0.999855, free_norm=0.000145 + 0.0im
     | block_size = 41 
[TDSE] Runing TDSE-SH-linear (length gauge, dipole form). step 8600 energy = -0.4957541286794031, norm_value = 1.0 + 0.0im, bound_norm=0.999797, free_norm=0.000203 + 0.0im
     | block_size = 33 
[TDSE] Runing TDSE-SH-linear (length gauge, dipole form). step 8800 energy = -0.4956378095537093, norm_value = 1.0 + 0.0im, bound_norm=0.999764, free_norm=0.000236 + 0.0im
     | block_size = 34 
[TDSE] Runing TDSE-SH-linear (length gauge, dipole form). step 9000 energy = -0.4956484285262812, norm_value = 1.0 + 0.0im, bound_norm=0.999767, free_norm=0.000233 + 0.0im
     | block_size = 44 
[TDSE] Runing TDSE-SH-linear (length gauge, dipole form). step 9200 energy = -0.4957887303143335, norm_value = 1.0 + 0.0im, bound_norm=0.999807, free_norm=0.000193 + 0.0im
     | block_size = 54 
[TDSE] Runing TDSE-SH-linear (length gauge, dipole form). step 9400 energy = -0.49601363001390825, norm_value = 1.0 + 0.0im, bound_norm=0.999873, free_norm=0.000127 + 0.0im
     | block_size = 64 
[TDSE] Runing TDSE-SH-linear (length gauge, dipole form). step 9600 energy = -0.4962453929395827, norm_value = 1.0 + 0.0im, bound_norm=0.999943, free_norm=5.7e-5 + 0.0im
     | block_size = 74 
[TDSE] Runing TDSE-SH-linear (length gauge, dipole form). step 9800 energy = -0.4964004471068609, norm_value = 1.0 + 0.0im, bound_norm=0.99999, free_norm=1.0e-5 + 0.0im
     | block_size = 80 
[TDSE] Runing TDSE-SH-linear (length gauge, dipole form). step 10000 energy = -0.4964159083058755, norm_value = 1.0 + 0.0im, bound_norm=0.999995, free_norm=5.0e-6 + 0.0im
     | block_size = 81 
[TDSE] Runing TDSE-SH-linear (length gauge, dipole form). step 10200 energy = -0.4962688307230881, norm_value = 1.0 + 0.0im, bound_norm=0.99995, free_norm=5.0e-5 + 0.0im
     | block_size = 75 
[TDSE] Runing TDSE-SH-linear (length gauge, dipole form). step 10400 energy = -0.4959856794188822, norm_value = 1.0 + 0.0im, bound_norm=0.999865, free_norm=0.000135 + 0.0im
     | block_size = 71 
[TDSE] Runing TDSE-SH-linear (length gauge, dipole form). step 10600 energy = -0.49564021856900725, norm_value = 1.0 + 0.0im, bound_norm=0.999764, free_norm=0.000236 + 0.0im
     | block_size = 74 
[TDSE] Runing TDSE-SH-linear (length gauge, dipole form). step 10800 energy = -0.4953371732196739, norm_value = 1.0 + 0.0im, bound_norm=0.999679, free_norm=0.000321 + 0.0im
     | block_size = 82 
[TDSE] Runing TDSE-SH-linear (length gauge, dipole form). step 11000 energy = -0.495180181121712, norm_value = 1.0 + 0.0im, bound_norm=0.999636, free_norm=0.000364 + 0.0im
     | block_size = 84 
[TDSE] Runing TDSE-SH-linear (length gauge, dipole form). step 11200 energy = -0.49522974789076124, norm_value = 1.0 + 0.0im, bound_norm=0.99965, free_norm=0.00035 + 0.0im
     | block_size = 84 
[TDSE] Runing TDSE-SH-linear (length gauge, dipole form). step 11400 energy = -0.4954724176432112, norm_value = 1.0 + 0.0im, bound_norm=0.999717, free_norm=0.000283 + 0.0im
     | block_size = 91 
[TDSE] Runing TDSE-SH-linear (length gauge, dipole form). step 11600 energy = -0.4958239870896687, norm_value = 1.0 + 0.0im, bound_norm=0.999817, free_norm=0.000183 + 0.0im
     | block_size = 101 
[TDSE] Runing TDSE-SH-linear (length gauge, dipole form). step 11800 energy = -0.4961657589965309, norm_value = 1.0 + 0.0im, bound_norm=0.999919, free_norm=8.1e-5 + 0.0im
     | block_size = 111 
[TDSE] Runing TDSE-SH-linear (length gauge, dipole form). step 12000 energy = -0.49638601752253897, norm_value = 1.0 + 0.0im, bound_norm=0.999986, free_norm=1.4e-5 + 0.0im
     | block_size = 119 
[TDSE] Runing TDSE-SH-linear (length gauge, dipole form). step 12200 energy = -0.49641222573098875, norm_value = 1.0 + 0.0im, bound_norm=0.999994, free_norm=6.0e-6 + 0.0im
     | block_size = 120 
[TDSE] Runing TDSE-SH-linear (length gauge, dipole form). step 12400 energy = -0.4962290444044434, norm_value = 1.0 + 0.0im, bound_norm=0.999938, free_norm=6.2e-5 + 0.0im
     | block_size = 115 
[TDSE] Runing TDSE-SH-linear (length gauge, dipole form). step 12600 energy = -0.4958829314877339, norm_value = 1.0 + 0.0im, bound_norm=0.999834, free_norm=0.000166 + 0.0im
     | block_size = 114 
[TDSE] Runing TDSE-SH-linear (length gauge, dipole form). step 12800 energy = -0.49547455175157634, norm_value = 1.0 + 0.0im, bound_norm=0.999717, free_norm=0.000283 + 0.0im
     | block_size = 124 
[TDSE] Runing TDSE-SH-linear (length gauge, dipole form). step 13000 energy = -0.4951340699058229, norm_value = 1.0 + 0.0im, bound_norm=0.999624, free_norm=0.000376 + 0.0im
     | block_size = 133 
[TDSE] Runing TDSE-SH-linear (length gauge, dipole form). step 13200 energy = -0.4949798666494323, norm_value = 1.0 + 0.0im, bound_norm=0.999582, free_norm=0.000418 + 0.0im
     | block_size = 135 
[TDSE] Runing TDSE-SH-linear (length gauge, dipole form). step 13400 energy = -0.49506949893787433, norm_value = 1.0 + 0.0im, bound_norm=0.999606, free_norm=0.000394 + 0.0im
     | block_size = 135 
[TDSE] Runing TDSE-SH-linear (length gauge, dipole form). step 13600 energy = -0.49536950379309946, norm_value = 1.0 + 0.0im, bound_norm=0.999688, free_norm=0.000312 + 0.0im
     | block_size = 135 
[TDSE] Runing TDSE-SH-linear (length gauge, dipole form). step 13800 energy = -0.49577260121158667, norm_value = 1.0 + 0.0im, bound_norm=0.999803, free_norm=0.000197 + 0.0im
     | block_size = 145 
[TDSE] Runing TDSE-SH-linear (length gauge, dipole form). step 14000 energy = -0.49614742485604973, norm_value = 1.0 + 0.0im, bound_norm=0.999913, free_norm=8.7e-5 + 0.0im
     | block_size = 155 
[TDSE] Runing TDSE-SH-linear (length gauge, dipole form). step 14200 energy = -0.4963821987420826, norm_value = 1.0 + 0.0im, bound_norm=0.999985, free_norm=1.5e-5 + 0.0im
     | block_size = 165 
[TDSE] Runing TDSE-SH-linear (length gauge, dipole form). step 14400 energy = -0.4964141427838289, norm_value = 1.0 + 0.0im, bound_norm=0.999995, free_norm=5.0e-6 + 0.0im
     | block_size = 166 
[TDSE] Runing TDSE-SH-linear (length gauge, dipole form). step 14600 energy = -0.49624183099332503, norm_value = 1.0 + 0.0im, bound_norm=0.999942, free_norm=5.8e-5 + 0.0im
     | block_size = 160 
[TDSE] Runing TDSE-SH-linear (length gauge, dipole form). step 14800 energy = -0.49592316031162254, norm_value = 1.0 + 0.0im, bound_norm=0.999846, free_norm=0.000154 + 0.0im
     | block_size = 165 
[TDSE] Runing TDSE-SH-linear (length gauge, dipole form). step 15000 energy = -0.4955620738281503, norm_value = 1.0 + 0.0im, bound_norm=0.999742, free_norm=0.000258 + 0.0im
     | block_size = 175 
[TDSE] Runing TDSE-SH-linear (length gauge, dipole form). step 15200 energy = -0.4952792995159719, norm_value = 1.0 + 0.0im, bound_norm=0.999663, free_norm=0.000337 + 0.0im
     | block_size = 174 
[TDSE] Runing TDSE-SH-linear (length gauge, dipole form). step 15400 energy = -0.4951722646572423, norm_value = 1.0 + 0.0im, bound_norm=0.999634, free_norm=0.000366 + 0.0im
     | block_size = 177 
[TDSE] Runing TDSE-SH-linear (length gauge, dipole form). step 15600 energy = -0.4952761546061016, norm_value = 1.0 + 0.0im, bound_norm=0.999662, free_norm=0.000338 + 0.0im
     | block_size = 176 
[TDSE] Runing TDSE-SH-linear (length gauge, dipole form). step 15800 energy = -0.49554873453291526, norm_value = 1.0 + 0.0im, bound_norm=0.999738, free_norm=0.000262 + 0.0im
     | block_size = 178 
[TDSE] Runing TDSE-SH-linear (length gauge, dipole form). step 16000 energy = -0.4958934655320675, norm_value = 1.0 + 0.0im, bound_norm=0.999837, free_norm=0.000163 + 0.0im
     | block_size = 188 
[TDSE] Runing TDSE-SH-linear (length gauge, dipole form). step 16200 energy = -0.4962027931548273, norm_value = 1.0 + 0.0im, bound_norm=0.99993, free_norm=7.0e-5 + 0.0im
     | block_size = 198 
[TDSE] Runing TDSE-SH-linear (length gauge, dipole form). step 16400 energy = -0.49639172635266215, norm_value = 1.0 + 0.0im, bound_norm=0.999988, free_norm=1.2e-5 + 0.0im
     | block_size = 200 
[TDSE] Runing TDSE-SH-linear (length gauge, dipole form). step 16600 energy = -0.49642029774484386, norm_value = 1.0 + 0.0im, bound_norm=0.999997, free_norm=3.0e-6 + 0.0im
     | block_size = 200 
[TDSE] Runing TDSE-SH-linear (length gauge, dipole form). step 16800 energy = -0.49629839609968307, norm_value = 1.0 + 0.0im, bound_norm=0.999959, free_norm=4.1e-5 + 0.0im
     | block_size = 200 
[TDSE] Runing TDSE-SH-linear (length gauge, dipole form). step 17000 energy = -0.49607976695885364, norm_value = 1.0 + 0.0im, bound_norm=0.999893, free_norm=0.000107 + 0.0im
     | block_size = 200 
[TDSE] Runing TDSE-SH-linear (length gauge, dipole form). step 17200 energy = -0.49584442947836804, norm_value = 1.0 + 0.0im, bound_norm=0.999823, free_norm=0.000177 + 0.0im
     | block_size = 195 
[TDSE] Runing TDSE-SH-linear (length gauge, dipole form). step 17400 energy = -0.49567505164260944, norm_value = 1.0 + 0.0im, bound_norm=0.999774, free_norm=0.000226 + 0.0im
     | block_size = 191 
[TDSE] Runing TDSE-SH-linear (length gauge, dipole form). step 17600 energy = -0.4956270973189965, norm_value = 1.0 + 0.0im, bound_norm=0.99976, free_norm=0.00024 + 0.0im
     | block_size = 196 
[TDSE] Runing TDSE-SH-linear (length gauge, dipole form). step 17800 energy = -0.4957117610891899, norm_value = 1.0 + 0.0im, bound_norm=0.999784, free_norm=0.000216 + 0.0im
     | block_size = 196 
[TDSE] Runing TDSE-SH-linear (length gauge, dipole form). step 18000 energy = -0.4958938479953802, norm_value = 1.0 + 0.0im, bound_norm=0.999838, free_norm=0.000162 + 0.0im
     | block_size = 195 
[TDSE] Runing TDSE-SH-linear (length gauge, dipole form). step 18200 energy = -0.4961109601625208, norm_value = 1.0 + 0.0im, bound_norm=0.999902, free_norm=9.8e-5 + 0.0im
     | block_size = 200 
[TDSE] Runing TDSE-SH-linear (length gauge, dipole form). step 18400 energy = -0.4962980136631881, norm_value = 1.0 + 0.0im, bound_norm=0.999959, free_norm=4.1e-5 + 0.0im
     | block_size = 200 
[TDSE] Runing TDSE-SH-linear (length gauge, dipole form). step 18600 energy = -0.49640897535699136, norm_value = 1.0 + 0.0im, bound_norm=0.999993, free_norm=7.0e-6 + 0.0im
     | block_size = 200 
[TDSE] Runing TDSE-SH-linear (length gauge, dipole form). step 18800 energy = -0.4964270693367231, norm_value = 1.0 + 0.0im, bound_norm=0.999998, free_norm=2.0e-6 + 0.0im
     | block_size = 200 
[TDSE] Runing TDSE-SH-linear (length gauge, dipole form). step 19000 energy = -0.49636550504806326, norm_value = 1.0 + 0.0im, bound_norm=0.999979, free_norm=2.1e-5 + 0.0im
     | block_size = 200 
[TDSE] Runing TDSE-SH-linear (length gauge, dipole form). step 19200 energy = -0.4962595725355847, norm_value = 1.0 + 0.0im, bound_norm=0.999947, free_norm=5.3e-5 + 0.0im
     | block_size = 200 
[TDSE] Runing TDSE-SH-linear (length gauge, dipole form). step 19400 energy = -0.4961537061392345, norm_value = 1.0 + 0.0im, bound_norm=0.999915, free_norm=8.5e-5 + 0.0im
     | block_size = 199 
[TDSE] Runing TDSE-SH-linear (length gauge, dipole form). step 19600 energy = -0.4960863056540804, norm_value = 1.0 + 0.0im, bound_norm=0.999895, free_norm=0.000105 + 0.0im
     | block_size = 195 
[TDSE] Runing TDSE-SH-linear (length gauge, dipole form). step 19800 energy = -0.49607720349766105, norm_value = 1.0 + 0.0im, bound_norm=0.999892, free_norm=0.000108 + 0.0im
     | block_size = 195 
[TDSE] Runing TDSE-SH-linear (length gauge, dipole form). step 20000 energy = -0.49612608746093756, norm_value = 1.0 + 0.0im, bound_norm=0.999906, free_norm=9.4e-5 + 0.0im
     | block_size = 194 
[TDSE] Runing TDSE-SH-linear (length gauge, dipole form). step 20200 energy = -0.4962114663897964, norm_value = 1.0 + 0.0im, bound_norm=0.999932, free_norm=6.8e-5 + 0.0im
     | block_size = 198 
[TDSE] Runing TDSE-SH-linear (length gauge, dipole form). step 20400 energy = -0.4963051962513422, norm_value = 1.0 + 0.0im, bound_norm=0.999961, free_norm=3.9e-5 + 0.0im
     | block_size = 200 
[TDSE] Runing TDSE-SH-linear (length gauge, dipole form). step 20600 energy = -0.4963814255956944, norm_value = 1.0 + 0.0im, bound_norm=0.999984, free_norm=1.6e-5 + 0.0im
     | block_size = 200 
[TDSE] Runing TDSE-SH-linear (length gauge, dipole form). step 20800 energy = -0.49642422534713704, norm_value = 1.0 + 0.0im, bound_norm=0.999997, free_norm=3.0e-6 + 0.0im
     | block_size = 200 
[TDSE] Runing TDSE-SH-linear (length gauge, dipole form). step 21000 energy = -0.49643160786524604, norm_value = 1.0 + 0.0im, bound_norm=0.999999, free_norm=1.0e-6 + 0.0im
     | block_size = 200 
[TDSE] Runing TDSE-SH-linear (length gauge, dipole form). step 21200 energy = -0.4964122591771602, norm_value = 1.0 + 0.0im, bound_norm=0.999993, free_norm=7.0e-6 + 0.0im
     | block_size = 200 
[TDSE] Runing TDSE-SH-linear (length gauge, dipole form). step 21400 energy = -0.49638133503097004, norm_value = 1.0 + 0.0im, bound_norm=0.999984, free_norm=1.6e-5 + 0.0im
     | block_size = 200 
[TDSE] Runing TDSE-SH-linear (length gauge, dipole form). step 21600 energy = -0.4963537359216173, norm_value = 1.0 + 0.0im, bound_norm=0.999975, free_norm=2.5e-5 + 0.0im
     | block_size = 200 
[TDSE] Runing TDSE-SH-linear (length gauge, dipole form). step 21800 energy = -0.4963404538216807, norm_value = 1.0 + 0.0im, bound_norm=0.999971, free_norm=2.9e-5 + 0.0im
     | block_size = 200 
[TDSE] Runing TDSE-SH-linear (length gauge, dipole form). step 22000 energy = -0.4963437967254679, norm_value = 1.0 + 0.0im, bound_norm=0.999972, free_norm=2.8e-5 + 0.0im
     | block_size = 200 
[TDSE] Runing TDSE-SH-linear (length gauge, dipole form). step 22200 energy = -0.49636112945664845, norm_value = 1.0 + 0.0im, bound_norm=0.999978, free_norm=2.2e-5 + 0.0im
     | block_size = 200 
[TDSE] Runing TDSE-SH-linear (length gauge, dipole form). step 22400 energy = -0.4963848348300062, norm_value = 1.0 + 0.0im, bound_norm=0.999985, free_norm=1.5e-5 + 0.0im
     | block_size = 200 
[TDSE] Runing TDSE-SH-linear (length gauge, dipole form). step 22600 energy = -0.4964073605601277, norm_value = 1.0 + 0.0im, bound_norm=0.999992, free_norm=8.0e-6 + 0.0im
     | block_size = 200 
[TDSE] Runing TDSE-SH-linear (length gauge, dipole form). step 22800 energy = -0.49642378312554136, norm_value = 1.0 + 0.0im, bound_norm=0.999997, free_norm=3.0e-6 + 0.0im
     | block_size = 200 
[TDSE] Runing TDSE-SH-linear (length gauge, dipole form). step 23000 energy = -0.49643199868549526, norm_value = 1.0 + 0.0im, bound_norm=0.999999, free_norm=1.0e-6 + 0.0im
     | block_size = 200 
[TDSE] Runing TDSE-SH-linear (length gauge, dipole form). step 23200 energy = -0.49643339098049133, norm_value = 1.0 + 0.0im, bound_norm=1.0, free_norm=0.0 + 0.0im
     | block_size = 200 
[TDSE] Runing TDSE-SH-linear (length gauge, dipole form). step 23400 energy = -0.4964308330970331, norm_value = 1.0 + 0.0im, bound_norm=0.999999, free_norm=1.0e-6 + 0.0im
     | block_size = 200 
[TDSE] Runing TDSE-SH-linear (length gauge, dipole form). step 23600 energy = -0.49642750826484655, norm_value = 1.0 + 0.0im, bound_norm=0.999998, free_norm=2.0e-6 + 0.0im
     | block_size = 200 
[TDSE] Runing TDSE-SH-linear (length gauge, dipole form). step 23800 energy = -0.49642538152562143, norm_value = 1.0 + 0.0im, bound_norm=0.999997, free_norm=3.0e-6 + 0.0im
     | block_size = 200 
[TDSE] Runing TDSE-SH-linear (length gauge, dipole form). step 24000 energy = -0.4964253616785581, norm_value = 1.0 + 0.0im, bound_norm=0.999997, free_norm=3.0e-6 + 0.0im
     | block_size = 200 
[TDSE] Runing TDSE-SH-linear (length gauge, dipole form). step 24200 energy = -0.49642692805408434, norm_value = 1.0 + 0.0im, bound_norm=0.999998, free_norm=2.0e-6 + 0.0im
     | block_size = 200 
[TDSE] Runing TDSE-SH-linear (length gauge, dipole form). step 24400 energy = -0.4964291476788772, norm_value = 1.0 + 0.0im, bound_norm=0.999999, free_norm=1.0e-6 + 0.0im
     | block_size = 200 
[TDSE] Runing TDSE-SH-linear (length gauge, dipole form). step 24600 energy = -0.49643126674789106, norm_value = 1.0 + 0.0im, bound_norm=0.999999, free_norm=1.0e-6 + 0.0im
     | block_size = 200 
[TDSE] Runing TDSE-SH-linear (length gauge, dipole form). step 24800 energy = -0.4964326640890745, norm_value = 1.0 + 0.0im, bound_norm=1.0, free_norm=0.0 + 0.0im
     | block_size = 200 
[TDSE] Runing TDSE-SH-linear (length gauge, dipole form). step 25000 energy = -0.49643339797464225, norm_value = 1.0 + 0.0im, bound_norm=1.0, free_norm=0.0 + 0.0im
     | block_size = 200 
[TDSE] Runing TDSE-SH-linear (length gauge, dipole form). step 25200 energy = -0.49643364619999447, norm_value = 1.0 + 0.0im, bound_norm=1.0, free_norm=0.0 + 0.0im
     | block_size = 200 
[TDSE] Runing TDSE-SH-linear (length gauge, dipole form). step 25400 energy = -0.4964336758442768, norm_value = 1.0 + 0.0im, bound_norm=1.0, free_norm=0.0 + 0.0im
     | block_size = 200 
[TDSE] Runing TDSE-SH-linear (length gauge, dipole form). step 25600 energy = -0.49643365832283337, norm_value = 1.0 + 0.0im, bound_norm=1.0, free_norm=0.0 + 0.0im
     | block_size = 200 
[TDSE] Runing TDSE-SH-linear (length gauge, dipole form). step 25800 energy = -0.49643366065479133, norm_value = 1.0 + 0.0im, bound_norm=1.0, free_norm=0.0 + 0.0im
     | block_size = 200 
[TDSE] Runing TDSE-SH-linear (length gauge, dipole form). step 26000 energy = -0.4964336712403843, norm_value = 1.0 + 0.0im, bound_norm=1.0, free_norm=0.0 + 0.0im
     | block_size = 200 
[TDSE] Runing TDSE-SH-linear (length gauge, dipole form). step 26200 energy = -0.49643367725986914, norm_value = 1.0 + 0.0im, bound_norm=1.0, free_norm=0.0 + 0.0im
     | block_size = 200 
[TDSE] Runing TDSE-SH-linear (length gauge, dipole form). step 26400 energy = -0.49643367857715837, norm_value = 1.0 + 0.0im, bound_norm=1.0, free_norm=0.0 + 0.0im
     | block_size = 200 
Sample 2026_5_15_hg_massive_0.0275_0.0_0.0285_6.0_short_range does not exist. Exceute a new sample.
[ITP]: 10000.496424741636
[ITP]: 3.468948764850932e-6
[ITP]: 2.0119768988635656e-6
[ITP]: 1.2363970314233086e-6
[ITP]: 7.802127368616851e-7
[ITP]: 5.004886823867238e-7
[ITP]: 3.247063635747338e-7
[ITP]: 2.1241854042397534e-7
[ITP]: 1.3984492786001113e-7
[ITP]: 9.25260389417204e-8
[ITP]: 6.146357944825098e-8
[ITP]: 4.0962812142275595e-8
[ITP]: 2.737382170936442e-8
[ITP]: 1.8334269435982264e-8
[ITP]: 1.2303307206362746e-8
[ITP]: 8.269649631742482e-9
[ITP]: 5.566198502116038e-9
[ITP]: 3.7510526906814334e-9
[ITP]: 2.530471499007092e-9
[ITP]: 1.7086173587088638e-9
[ITP]: 1.154605577813328e-9
[ITP]: 7.807770541212733e-10
[ITP]: 5.283077308959605e-10
[ITP]: 3.576713369923823e-10
[ITP]: 2.422650968725293e-10
[ITP]: 1.6416579207145787e-10
[ITP]: 1.1128536980820058e-10
[ITP]: 7.546496760824084e-11
[ITP]: 5.119060730862657e-11
[ITP]: 3.4733049769641866e-11
[ITP]: 2.3571977703085167e-11
[ITP]: 1.6002199565434694e-11
[ITP]: 1.086369882941085e-11
[ITP]: 7.378653243961253e-12
[ITP]: 5.010714065889488e-12
[ITP]: 3.4039993046519612e-12
[ITP]: 2.313038649504051e-12
[ITP]: 1.570410468332284e-12
[ITP]: 1.0681455719918631e-12
[ITP]: 7.265299473147024e-13
[ITP]: 4.919398222114069e-13
[ITP]: 3.346212196220222e-13
[ITP]: 2.2842838731662596e-13
[ITP]: 1.5498713423767185e-13
[ITP]: 1.0536016503692736e-13
[ITP]: 7.188694084447889e-14
[ITP]: 4.801714581503802e-14
[ITP]: 3.347322419244847e-14
[ITP]: 2.3148150063434514e-14
[ITP]: 1.4432899320127035e-14
[ITP]: 1.1102230246251565e-14
[ITP]: 7.16093850883226e-15
[ITP]: 4.440892098500626e-15
[ITP]: 2.6645352591003757e-15
[ITP]: 2.831068712794149e-15
[ITP]: 1.4988010832439613e-15
[ITP]: 6.661338147750939e-16
[ITP]: 7.771561172376096e-16
[ITP]: 5.551115123125783e-16
[ITP]: 2.220446049250313e-16
[ITP]: 4.440892098500626e-16
[ITP]: 6.106226635438361e-16
[ITP]: 7.216449660063518e-16
[ITP]: 4.440892098500626e-16
[ITP]: 4.440892098500626e-16
[ITP]: 3.3306690738754696e-16
[ITP]: 1.1102230246251565e-15
[ITP]: 1.1102230246251565e-16
[ITP]: 7.216449660063518e-16
[ITP]: 1.1102230246251565e-16
[ITP]: 8.326672684688674e-16
[ITP]: 7.216449660063518e-16
[ITP]: 2.7755575615628914e-16
[ITP]: 4.996003610813204e-16
[ITP]: 4.440892098500626e-16
[ITP]: 4.440892098500626e-16
[ITP]: 1.6653345369377348e-16
[ITP]: 4.996003610813204e-16
[ITP]: 1.1657341758564144e-15
[ITP]: 1.1102230246251565e-16
[ITP]: 0.0
[TDSE] Runing TDSE-SH-linear (length gauge, dipole form). step 0 energy = -0.4964336949924361, norm_value = 1.0 + 0.0im, bound_norm=1.0, free_norm=0.0 + 0.0im
     | block_size = 3 
[TDSE] Runing TDSE-SH-linear (length gauge, dipole form). step 200 energy = -0.49643369449298996, norm_value = 1.0 + 0.0im, bound_norm=1.0, free_norm=0.0 + 0.0im
     | block_size = 3 
[TDSE] Runing TDSE-SH-linear (length gauge, dipole form). step 400 energy = -0.4964336888196792, norm_value = 1.0 + 0.0im, bound_norm=1.0, free_norm=0.0 + 0.0im
     | block_size = 3 
[TDSE] Runing TDSE-SH-linear (length gauge, dipole form). step 600 energy = -0.4964336754930957, norm_value = 1.0 + 0.0im, bound_norm=1.0, free_norm=0.0 + 0.0im
     | block_size = 4 
[TDSE] Runing TDSE-SH-linear (length gauge, dipole form). step 800 energy = -0.4964336705439402, norm_value = 1.0 + 0.0im, bound_norm=1.0, free_norm=0.0 + 0.0im
     | block_size = 4 
[TDSE] Runing TDSE-SH-linear (length gauge, dipole form). step 1000 energy = -0.49643368550098793, norm_value = 1.0 + 0.0im, bound_norm=1.0, free_norm=0.0 + 0.0im
     | block_size = 4 
[TDSE] Runing TDSE-SH-linear (length gauge, dipole form). step 1200 energy = -0.49643367955392587, norm_value = 1.0 + 0.0im, bound_norm=1.0, free_norm=0.0 + 0.0im
     | block_size = 4 
[TDSE] Runing TDSE-SH-linear (length gauge, dipole form). step 1400 energy = -0.496433479804616, norm_value = 1.0 + 0.0im, bound_norm=1.0, free_norm=0.0 + 0.0im
     | block_size = 4 
[TDSE] Runing TDSE-SH-linear (length gauge, dipole form). step 1600 energy = -0.49643279435101, norm_value = 1.0 + 0.0im, bound_norm=1.0, free_norm=0.0 + 0.0im
     | block_size = 4 
[TDSE] Runing TDSE-SH-linear (length gauge, dipole form). step 1800 energy = -0.49643130361357407, norm_value = 1.0 + 0.0im, bound_norm=0.999999, free_norm=1.0e-6 + 0.0im
     | block_size = 5 
[TDSE] Runing TDSE-SH-linear (length gauge, dipole form). step 2000 energy = -0.4964289893132149, norm_value = 1.0 + 0.0im, bound_norm=0.999999, free_norm=1.0e-6 + 0.0im
     | block_size = 5 
[TDSE] Runing TDSE-SH-linear (length gauge, dipole form). step 2200 energy = -0.49642622361844946, norm_value = 1.0 + 0.0im, bound_norm=0.999998, free_norm=2.0e-6 + 0.0im
     | block_size = 7 
[TDSE] Runing TDSE-SH-linear (length gauge, dipole form). step 2400 energy = -0.49642397935730964, norm_value = 1.0 + 0.0im, bound_norm=0.999997, free_norm=3.0e-6 + 0.0im
     | block_size = 8 
[TDSE] Runing TDSE-SH-linear (length gauge, dipole form). step 2600 energy = -0.4964234370152803, norm_value = 1.0 + 0.0im, bound_norm=0.999997, free_norm=3.0e-6 + 0.0im
     | block_size = 10 
[TDSE] Runing TDSE-SH-linear (length gauge, dipole form). step 2800 energy = -0.49642527601892555, norm_value = 1.0 + 0.0im, bound_norm=0.999997, free_norm=3.0e-6 + 0.0im
     | block_size = 11 
[TDSE] Runing TDSE-SH-linear (length gauge, dipole form). step 3000 energy = -0.4964291267924099, norm_value = 1.0 + 0.0im, bound_norm=0.999999, free_norm=1.0e-6 + 0.0im
     | block_size = 12 
[TDSE] Runing TDSE-SH-linear (length gauge, dipole form). step 3200 energy = -0.4964328053961235, norm_value = 1.0 + 0.0im, bound_norm=1.0, free_norm=0.0 + 0.0im
     | block_size = 13 
[TDSE] Runing TDSE-SH-linear (length gauge, dipole form). step 3400 energy = -0.4964328286841197, norm_value = 1.0 + 0.0im, bound_norm=1.0, free_norm=0.0 + 0.0im
     | block_size = 13 
[TDSE] Runing TDSE-SH-linear (length gauge, dipole form). step 3600 energy = -0.49642537294397504, norm_value = 1.0 + 0.0im, bound_norm=0.999997, free_norm=3.0e-6 + 0.0im
     | block_size = 12 
[TDSE] Runing TDSE-SH-linear (length gauge, dipole form). step 3800 energy = -0.49640824970259273, norm_value = 1.0 + 0.0im, bound_norm=0.999992, free_norm=8.0e-6 + 0.0im
     | block_size = 9 
[TDSE] Runing TDSE-SH-linear (length gauge, dipole form). step 4000 energy = -0.49638242826462453, norm_value = 1.0 + 0.0im, bound_norm=0.999984, free_norm=1.6e-5 + 0.0im
     | block_size = 7 
[TDSE] Runing TDSE-SH-linear (length gauge, dipole form). step 4200 energy = -0.49635325333184116, norm_value = 1.0 + 0.0im, bound_norm=0.999975, free_norm=2.5e-5 + 0.0im
     | block_size = 10 
[TDSE] Runing TDSE-SH-linear (length gauge, dipole form). step 4400 energy = -0.49632936459879023, norm_value = 1.0 + 0.0im, bound_norm=0.999968, free_norm=3.2e-5 + 0.0im
     | block_size = 16 
[TDSE] Runing TDSE-SH-linear (length gauge, dipole form). step 4600 energy = -0.4963198029846717, norm_value = 1.0 + 0.0im, bound_norm=0.999965, free_norm=3.5e-5 + 0.0im
     | block_size = 23 
[TDSE] Runing TDSE-SH-linear (length gauge, dipole form). step 4800 energy = -0.4963306191163719, norm_value = 1.0 + 0.0im, bound_norm=0.999968, free_norm=3.2e-5 + 0.0im
     | block_size = 29 
[TDSE] Runing TDSE-SH-linear (length gauge, dipole form). step 5000 energy = -0.49636010654542084, norm_value = 1.0 + 0.0im, bound_norm=0.999977, free_norm=2.3e-5 + 0.0im
     | block_size = 34 
[TDSE] Runing TDSE-SH-linear (length gauge, dipole form). step 5200 energy = -0.49639810458892564, norm_value = 1.0 + 0.0im, bound_norm=0.999989, free_norm=1.1e-5 + 0.0im
     | block_size = 38 
[TDSE] Runing TDSE-SH-linear (length gauge, dipole form). step 5400 energy = -0.4964273188909712, norm_value = 1.0 + 0.0im, bound_norm=0.999998, free_norm=2.0e-6 + 0.0im
     | block_size = 41 
[TDSE] Runing TDSE-SH-linear (length gauge, dipole form). step 5600 energy = -0.4964287607510224, norm_value = 1.0 + 0.0im, bound_norm=0.999999, free_norm=1.0e-6 + 0.0im
     | block_size = 41 
[TDSE] Runing TDSE-SH-linear (length gauge, dipole form). step 5800 energy = -0.4963889312303673, norm_value = 1.0 + 0.0im, bound_norm=0.999986, free_norm=1.4e-5 + 0.0im
     | block_size = 38 
[TDSE] Runing TDSE-SH-linear (length gauge, dipole form). step 6000 energy = -0.49630652261771935, norm_value = 1.0 + 0.0im, bound_norm=0.999961, free_norm=3.9e-5 + 0.0im
     | block_size = 32 
[TDSE] Runing TDSE-SH-linear (length gauge, dipole form). step 6200 energy = -0.4961959930417712, norm_value = 1.0 + 0.0im, bound_norm=0.999927, free_norm=7.3e-5 + 0.0im
     | block_size = 25 
[TDSE] Runing TDSE-SH-linear (length gauge, dipole form). step 6400 energy = -0.4960858403779068, norm_value = 1.0 + 0.0im, bound_norm=0.999894, free_norm=0.000106 + 0.0im
     | block_size = 16 
[TDSE] Runing TDSE-SH-linear (length gauge, dipole form). step 6600 energy = -0.4960115904394926, norm_value = 1.0 + 0.0im, bound_norm=0.999872, free_norm=0.000128 + 0.0im
     | block_size = 23 
[TDSE] Runing TDSE-SH-linear (length gauge, dipole form). step 6800 energy = -0.4960016389739104, norm_value = 1.0 + 0.0im, bound_norm=0.999869, free_norm=0.000131 + 0.0im
     | block_size = 33 
[TDSE] Runing TDSE-SH-linear (length gauge, dipole form). step 7000 energy = -0.4960656388214832, norm_value = 1.0 + 0.0im, bound_norm=0.999888, free_norm=0.000112 + 0.0im
     | block_size = 43 
[TDSE] Runing TDSE-SH-linear (length gauge, dipole form). step 7200 energy = -0.49618558849443406, norm_value = 1.0 + 0.0im, bound_norm=0.999924, free_norm=7.6e-5 + 0.0im
     | block_size = 53 
[TDSE] Runing TDSE-SH-linear (length gauge, dipole form). step 7400 energy = -0.4963193682839834, norm_value = 1.0 + 0.0im, bound_norm=0.999965, free_norm=3.5e-5 + 0.0im
     | block_size = 61 
[TDSE] Runing TDSE-SH-linear (length gauge, dipole form). step 7600 energy = -0.4964135452206195, norm_value = 1.0 + 0.0im, bound_norm=0.999994, free_norm=6.0e-6 + 0.0im
     | block_size = 65 
[TDSE] Runing TDSE-SH-linear (length gauge, dipole form). step 7800 energy = -0.4964208169043021, norm_value = 1.0 + 0.0im, bound_norm=0.999996, free_norm=4.0e-6 + 0.0im
     | block_size = 66 
[TDSE] Runing TDSE-SH-linear (length gauge, dipole form). step 8000 energy = -0.49631673896337536, norm_value = 1.0 + 0.0im, bound_norm=0.999964, free_norm=3.6e-5 + 0.0im
     | block_size = 61 
[TDSE] Runing TDSE-SH-linear (length gauge, dipole form). step 8200 energy = -0.49611090553096465, norm_value = 1.0 + 0.0im, bound_norm=0.999902, free_norm=9.8e-5 + 0.0im
     | block_size = 53 
[TDSE] Runing TDSE-SH-linear (length gauge, dipole form). step 8400 energy = -0.4958497168555984, norm_value = 1.0 + 0.0im, bound_norm=0.999825, free_norm=0.000175 + 0.0im
     | block_size = 47 
[TDSE] Runing TDSE-SH-linear (length gauge, dipole form). step 8600 energy = -0.4956073801609705, norm_value = 1.0 + 0.0im, bound_norm=0.999755, free_norm=0.000245 + 0.0im
     | block_size = 49 
[TDSE] Runing TDSE-SH-linear (length gauge, dipole form). step 8800 energy = -0.4954649627434901, norm_value = 1.0 + 0.0im, bound_norm=0.999715, free_norm=0.000285 + 0.0im
     | block_size = 44 
[TDSE] Runing TDSE-SH-linear (length gauge, dipole form). step 9000 energy = -0.49547793826610315, norm_value = 1.0 + 0.0im, bound_norm=0.999719, free_norm=0.000281 + 0.0im
     | block_size = 52 
[TDSE] Runing TDSE-SH-linear (length gauge, dipole form). step 9200 energy = -0.4956496544415664, norm_value = 1.0 + 0.0im, bound_norm=0.999767, free_norm=0.000233 + 0.0im
     | block_size = 62 
[TDSE] Runing TDSE-SH-linear (length gauge, dipole form). step 9400 energy = -0.49592396115089415, norm_value = 1.0 + 0.0im, bound_norm=0.999847, free_norm=0.000153 + 0.0im
     | block_size = 72 
[TDSE] Runing TDSE-SH-linear (length gauge, dipole form). step 9600 energy = -0.49620559430298083, norm_value = 1.0 + 0.0im, bound_norm=0.999931, free_norm=6.9e-5 + 0.0im
     | block_size = 82 
[TDSE] Runing TDSE-SH-linear (length gauge, dipole form). step 9800 energy = -0.4963934696246876, norm_value = 1.0 + 0.0im, bound_norm=0.999988, free_norm=1.2e-5 + 0.0im
     | block_size = 89 
[TDSE] Runing TDSE-SH-linear (length gauge, dipole form). step 10000 energy = -0.49641217659883174, norm_value = 1.0 + 0.0im, bound_norm=0.999994, free_norm=6.0e-6 + 0.0im
     | block_size = 90 
[TDSE] Runing TDSE-SH-linear (length gauge, dipole form). step 10200 energy = -0.4962340485994142, norm_value = 1.0 + 0.0im, bound_norm=0.999939, free_norm=6.1e-5 + 0.0im
     | block_size = 84 
[TDSE] Runing TDSE-SH-linear (length gauge, dipole form). step 10400 energy = -0.4958900136288651, norm_value = 1.0 + 0.0im, bound_norm=0.999836, free_norm=0.000164 + 0.0im
     | block_size = 82 
[TDSE] Runing TDSE-SH-linear (length gauge, dipole form). step 10600 energy = -0.49546818701687734, norm_value = 1.0 + 0.0im, bound_norm=0.999715, free_norm=0.000285 + 0.0im
     | block_size = 87 
[TDSE] Runing TDSE-SH-linear (length gauge, dipole form). step 10800 energy = -0.4950959195650087, norm_value = 1.0 + 0.0im, bound_norm=0.999613, free_norm=0.000387 + 0.0im
     | block_size = 97 
[TDSE] Runing TDSE-SH-linear (length gauge, dipole form). step 11000 energy = -0.49490194334746035, norm_value = 1.0 + 0.0im, bound_norm=0.999562, free_norm=0.000438 + 0.0im
     | block_size = 106 
[TDSE] Runing TDSE-SH-linear (length gauge, dipole form). step 11200 energy = -0.49496309760557394, norm_value = 1.0 + 0.0im, bound_norm=0.999578, free_norm=0.000422 + 0.0im
     | block_size = 108 
[TDSE] Runing TDSE-SH-linear (length gauge, dipole form). step 11400 energy = -0.4952623110676909, norm_value = 1.0 + 0.0im, bound_norm=0.999658, free_norm=0.000342 + 0.0im
     | block_size = 111 
[TDSE] Runing TDSE-SH-linear (length gauge, dipole form). step 11600 energy = -0.4956929239209396, norm_value = 1.0 + 0.0im, bound_norm=0.99978, free_norm=0.00022 + 0.0im
     | block_size = 121 
[TDSE] Runing TDSE-SH-linear (length gauge, dipole form). step 11800 energy = -0.4961089287518152, norm_value = 1.0 + 0.0im, bound_norm=0.999902, free_norm=9.8e-5 + 0.0im
     | block_size = 131 
[TDSE] Runing TDSE-SH-linear (length gauge, dipole form). step 12000 energy = -0.4963760043834755, norm_value = 1.0 + 0.0im, bound_norm=0.999983, free_norm=1.7e-5 + 0.0im
     | block_size = 140 
[TDSE] Runing TDSE-SH-linear (length gauge, dipole form). step 12200 energy = -0.49640770131200346, norm_value = 1.0 + 0.0im, bound_norm=0.999993, free_norm=7.0e-6 + 0.0im
     | block_size = 141 
[TDSE] Runing TDSE-SH-linear (length gauge, dipole form). step 12400 energy = -0.49618579114940264, norm_value = 1.0 + 0.0im, bound_norm=0.999925, free_norm=7.5e-5 + 0.0im
     | block_size = 136 
[TDSE] Runing TDSE-SH-linear (length gauge, dipole form). step 12600 energy = -0.4957647500571154, norm_value = 1.0 + 0.0im, bound_norm=0.9998, free_norm=0.0002 + 0.0im
     | block_size = 140 
[TDSE] Runing TDSE-SH-linear (length gauge, dipole form). step 12800 energy = -0.4952651484219599, norm_value = 1.0 + 0.0im, bound_norm=0.999659, free_norm=0.000341 + 0.0im
     | block_size = 150 
[TDSE] Runing TDSE-SH-linear (length gauge, dipole form). step 13000 energy = -0.4948453098693123, norm_value = 1.0 + 0.0im, bound_norm=0.999547, free_norm=0.000453 + 0.0im
     | block_size = 156 
[TDSE] Runing TDSE-SH-linear (length gauge, dipole form). step 13200 energy = -0.4946536695817063, norm_value = 1.0 + 0.0im, bound_norm=0.999497, free_norm=0.000503 + 0.0im
     | block_size = 156 
[TDSE] Runing TDSE-SH-linear (length gauge, dipole form). step 13400 energy = -0.4947648254683585, norm_value = 1.0 + 0.0im, bound_norm=0.999525, free_norm=0.000475 + 0.0im
     | block_size = 153 
[TDSE] Runing TDSE-SH-linear (length gauge, dipole form). step 13600 energy = -0.4951358742533686, norm_value = 1.0 + 0.0im, bound_norm=0.999623, free_norm=0.000377 + 0.0im
     | block_size = 154 
[TDSE] Runing TDSE-SH-linear (length gauge, dipole form). step 13800 energy = -0.4956301770900283, norm_value = 1.0 + 0.0im, bound_norm=0.999762, free_norm=0.000238 + 0.0im
     | block_size = 164 
[TDSE] Runing TDSE-SH-linear (length gauge, dipole form). step 14000 energy = -0.4960865411396984, norm_value = 1.0 + 0.0im, bound_norm=0.999895, free_norm=0.000105 + 0.0im
     | block_size = 174 
[TDSE] Runing TDSE-SH-linear (length gauge, dipole form). step 14200 energy = -0.496371278763116, norm_value = 1.0 + 0.0im, bound_norm=0.999982, free_norm=1.8e-5 + 0.0im
     | block_size = 184 
[TDSE] Runing TDSE-SH-linear (length gauge, dipole form). step 14400 energy = -0.49640990411405905, norm_value = 1.0 + 0.0im, bound_norm=0.999994, free_norm=6.0e-6 + 0.0im
     | block_size = 186 
[TDSE] Runing TDSE-SH-linear (length gauge, dipole form). step 14600 energy = -0.49620120693818903, norm_value = 1.0 + 0.0im, bound_norm=0.99993, free_norm=7.0e-5 + 0.0im
     | block_size = 182 
[TDSE] Runing TDSE-SH-linear (length gauge, dipole form). step 14800 energy = -0.49581354578394365, norm_value = 1.0 + 0.0im, bound_norm=0.999814, free_norm=0.000186 + 0.0im
     | block_size = 191 
[TDSE] Runing TDSE-SH-linear (length gauge, dipole form). step 15000 energy = -0.49537244782675016, norm_value = 1.0 + 0.0im, bound_norm=0.999689, free_norm=0.000311 + 0.0im
     | block_size = 200 
[TDSE] Runing TDSE-SH-linear (length gauge, dipole form). step 15200 energy = -0.4950244996982454, norm_value = 1.0 + 0.0im, bound_norm=0.999594, free_norm=0.000406 + 0.0im
     | block_size = 200 
[TDSE] Runing TDSE-SH-linear (length gauge, dipole form). step 15400 energy = -0.49489141042437584, norm_value = 1.0 + 0.0im, bound_norm=0.999559, free_norm=0.000441 + 0.0im
     | block_size = 200 
[TDSE] Runing TDSE-SH-linear (length gauge, dipole form). step 15600 energy = -0.49502067241059156, norm_value = 1.0 + 0.0im, bound_norm=0.999592, free_norm=0.000408 + 0.0im
     | block_size = 200 
[TDSE] Runing TDSE-SH-linear (length gauge, dipole form). step 15800 energy = -0.4953559833138729, norm_value = 1.0 + 0.0im, bound_norm=0.999684, free_norm=0.000316 + 0.0im
     | block_size = 200 
[TDSE] Runing TDSE-SH-linear (length gauge, dipole form). step 16000 energy = -0.4957780037738592, norm_value = 1.0 + 0.0im, bound_norm=0.999804, free_norm=0.000196 + 0.0im
     | block_size = 200 
[TDSE] Runing TDSE-SH-linear (length gauge, dipole form). step 16200 energy = -0.49615370702829875, norm_value = 1.0 + 0.0im, bound_norm=0.999915, free_norm=8.5e-5 + 0.0im
     | block_size = 200 
[TDSE] Runing TDSE-SH-linear (length gauge, dipole form). step 16400 energy = -0.4963827628880628, norm_value = 1.0 + 0.0im, bound_norm=0.999985, free_norm=1.5e-5 + 0.0im
     | block_size = 200 
[TDSE] Runing TDSE-SH-linear (length gauge, dipole form). step 16600 energy = -0.4964172661002718, norm_value = 1.0 + 0.0im, bound_norm=0.999996, free_norm=4.0e-6 + 0.0im
     | block_size = 200 
[TDSE] Runing TDSE-SH-linear (length gauge, dipole form). step 16800 energy = -0.49626994730437135, norm_value = 1.0 + 0.0im, bound_norm=0.99995, free_norm=5.0e-5 + 0.0im
     | block_size = 200 
[TDSE] Runing TDSE-SH-linear (length gauge, dipole form). step 17000 energy = -0.49600392071837535, norm_value = 1.0 + 0.0im, bound_norm=0.99987, free_norm=0.00013 + 0.0im
     | block_size = 200 
[TDSE] Runing TDSE-SH-linear (length gauge, dipole form). step 17200 energy = -0.49571765488063185, norm_value = 1.0 + 0.0im, bound_norm=0.999786, free_norm=0.000214 + 0.0im
     | block_size = 200 
[TDSE] Runing TDSE-SH-linear (length gauge, dipole form). step 17400 energy = -0.49551026768149675, norm_value = 1.0 + 0.0im, bound_norm=0.999727, free_norm=0.000273 + 0.0im
     | block_size = 200 
[TDSE] Runing TDSE-SH-linear (length gauge, dipole form). step 17600 energy = -0.495451223248983, norm_value = 1.0 + 0.0im, bound_norm=0.999711, free_norm=0.000289 + 0.0im
     | block_size = 200 
[TDSE] Runing TDSE-SH-linear (length gauge, dipole form). step 17800 energy = -0.49555597602963286, norm_value = 1.0 + 0.0im, bound_norm=0.99974, free_norm=0.00026 + 0.0im
     | block_size = 200 
[TDSE] Runing TDSE-SH-linear (length gauge, dipole form). step 18000 energy = -0.4957775922001162, norm_value = 1.0 + 0.0im, bound_norm=0.999803, free_norm=0.000197 + 0.0im
     | block_size = 200 
[TDSE] Runing TDSE-SH-linear (length gauge, dipole form). step 18200 energy = -0.4960424296045252, norm_value = 1.0 + 0.0im, bound_norm=0.999881, free_norm=0.000119 + 0.0im
     | block_size = 200 
[TDSE] Runing TDSE-SH-linear (length gauge, dipole form). step 18400 energy = -0.49626875726632275, norm_value = 1.0 + 0.0im, bound_norm=0.999949, free_norm=5.1e-5 + 0.0im
     | block_size = 200 
[TDSE] Runing TDSE-SH-linear (length gauge, dipole form). step 18600 energy = -0.4964036716998845, norm_value = 1.0 + 0.0im, bound_norm=0.999991, free_norm=9.0e-6 + 0.0im
     | block_size = 200 
[TDSE] Runing TDSE-SH-linear (length gauge, dipole form). step 18800 energy = -0.4964255287689083, norm_value = 1.0 + 0.0im, bound_norm=0.999998, free_norm=2.0e-6 + 0.0im
     | block_size = 200 
[TDSE] Runing TDSE-SH-linear (length gauge, dipole form). step 19000 energy = -0.49635133043617924, norm_value = 1.0 + 0.0im, bound_norm=0.999975, free_norm=2.5e-5 + 0.0im
     | block_size = 200 
[TDSE] Runing TDSE-SH-linear (length gauge, dipole form). step 19200 energy = -0.4962224241317058, norm_value = 1.0 + 0.0im, bound_norm=0.999936, free_norm=6.4e-5 + 0.0im
     | block_size = 200 
[TDSE] Runing TDSE-SH-linear (length gauge, dipole form). step 19400 energy = -0.4960940637146277, norm_value = 1.0 + 0.0im, bound_norm=0.999897, free_norm=0.000103 + 0.0im
     | block_size = 200 
[TDSE] Runing TDSE-SH-linear (length gauge, dipole form). step 19600 energy = -0.49601163961571176, norm_value = 1.0 + 0.0im, bound_norm=0.999872, free_norm=0.000128 + 0.0im
     | block_size = 200 
[TDSE] Runing TDSE-SH-linear (length gauge, dipole form). step 19800 energy = -0.4960017099655252, norm_value = 1.0 + 0.0im, bound_norm=0.999869, free_norm=0.000131 + 0.0im
     | block_size = 200 
[TDSE] Runing TDSE-SH-linear (length gauge, dipole form). step 20000 energy = -0.4960604764379154, norm_value = 1.0 + 0.0im, bound_norm=0.999887, free_norm=0.000113 + 0.0im
     | block_size = 200 
[TDSE] Runing TDSE-SH-linear (length gauge, dipole form). step 20200 energy = -0.4961648870903001, norm_value = 1.0 + 0.0im, bound_norm=0.999918, free_norm=8.2e-5 + 0.0im
     | block_size = 200 
[TDSE] Runing TDSE-SH-linear (length gauge, dipole form). step 20400 energy = -0.4962776977877622, norm_value = 1.0 + 0.0im, bound_norm=0.999952, free_norm=4.8e-5 + 0.0im
     | block_size = 200 
[TDSE] Runing TDSE-SH-linear (length gauge, dipole form). step 20600 energy = -0.4963703520445825, norm_value = 1.0 + 0.0im, bound_norm=0.99998, free_norm=2.0e-5 + 0.0im
     | block_size = 200 
[TDSE] Runing TDSE-SH-linear (length gauge, dipole form). step 20800 energy = -0.49642218780006914, norm_value = 1.0 + 0.0im, bound_norm=0.999996, free_norm=4.0e-6 + 0.0im
     | block_size = 200 
[TDSE] Runing TDSE-SH-linear (length gauge, dipole form). step 21000 energy = -0.4964311144586391, norm_value = 1.0 + 0.0im, bound_norm=0.999999, free_norm=1.0e-6 + 0.0im
     | block_size = 200 
[TDSE] Runing TDSE-SH-linear (length gauge, dipole form). step 21200 energy = -0.4964073628998319, norm_value = 1.0 + 0.0im, bound_norm=0.999992, free_norm=8.0e-6 + 0.0im
     | block_size = 200 
[TDSE] Runing TDSE-SH-linear (length gauge, dipole form). step 21400 energy = -0.4963702653837623, norm_value = 1.0 + 0.0im, bound_norm=0.99998, free_norm=2.0e-5 + 0.0im
     | block_size = 200 
[TDSE] Runing TDSE-SH-linear (length gauge, dipole form). step 21600 energy = -0.4963370513480452, norm_value = 1.0 + 0.0im, bound_norm=0.99997, free_norm=3.0e-5 + 0.0im
     | block_size = 200 
[TDSE] Runing TDSE-SH-linear (length gauge, dipole form). step 21800 energy = -0.49632033235733086, norm_value = 1.0 + 0.0im, bound_norm=0.999965, free_norm=3.5e-5 + 0.0im
     | block_size = 200 
[TDSE] Runing TDSE-SH-linear (length gauge, dipole form). step 22000 energy = -0.49632502188583627, norm_value = 1.0 + 0.0im, bound_norm=0.999966, free_norm=3.4e-5 + 0.0im
     | block_size = 200 
[TDSE] Runing TDSE-SH-linear (length gauge, dipole form). step 22200 energy = -0.4963456448466764, norm_value = 1.0 + 0.0im, bound_norm=0.999973, free_norm=2.7e-5 + 0.0im
     | block_size = 200 
[TDSE] Runing TDSE-SH-linear (length gauge, dipole form). step 22400 energy = -0.4963743359983183, norm_value = 1.0 + 0.0im, bound_norm=0.999982, free_norm=1.8e-5 + 0.0im
     | block_size = 200 
[TDSE] Runing TDSE-SH-linear (length gauge, dipole form). step 22600 energy = -0.49640168630394516, norm_value = 1.0 + 0.0im, bound_norm=0.99999, free_norm=1.0e-5 + 0.0im
     | block_size = 200 
[TDSE] Runing TDSE-SH-linear (length gauge, dipole form). step 22800 energy = -0.4964216056978014, norm_value = 1.0 + 0.0im, bound_norm=0.999996, free_norm=4.0e-6 + 0.0im
     | block_size = 200 
[TDSE] Runing TDSE-SH-linear (length gauge, dipole form). step 23000 energy = -0.49643156511412356, norm_value = 1.0 + 0.0im, bound_norm=0.999999, free_norm=1.0e-6 + 0.0im
     | block_size = 200 
[TDSE] Runing TDSE-SH-linear (length gauge, dipole form). step 23200 energy = -0.4964332182701791, norm_value = 1.0 + 0.0im, bound_norm=1.0, free_norm=0.0 + 0.0im
     | block_size = 200 
[TDSE] Runing TDSE-SH-linear (length gauge, dipole form). step 23400 energy = -0.4964301532524721, norm_value = 1.0 + 0.0im, bound_norm=0.999999, free_norm=1.0e-6 + 0.0im
     | block_size = 200 
[TDSE] Runing TDSE-SH-linear (length gauge, dipole form). step 23600 energy = -0.49642608897269913, norm_value = 1.0 + 0.0im, bound_norm=0.999997, free_norm=3.0e-6 + 0.0im
     | block_size = 200 
[TDSE] Runing TDSE-SH-linear (length gauge, dipole form). step 23800 energy = -0.49642353424639646, norm_value = 1.0 + 0.0im, bound_norm=0.999997, free_norm=3.0e-6 + 0.0im
     | block_size = 200 
[TDSE] Runing TDSE-SH-linear (length gauge, dipole form). step 24000 energy = -0.49642347002251497, norm_value = 1.0 + 0.0im, bound_norm=0.999997, free_norm=3.0e-6 + 0.0im
     | block_size = 200 
[TDSE] Runing TDSE-SH-linear (length gauge, dipole form). step 24200 energy = -0.49642544103018055, norm_value = 1.0 + 0.0im, bound_norm=0.999997, free_norm=3.0e-6 + 0.0im
     | block_size = 200 
[TDSE] Runing TDSE-SH-linear (length gauge, dipole form). step 24400 energy = -0.49642811611567256, norm_value = 1.0 + 0.0im, bound_norm=0.999998, free_norm=2.0e-6 + 0.0im
     | block_size = 200 
[TDSE] Runing TDSE-SH-linear (length gauge, dipole form). step 24600 energy = -0.4964306119292105, norm_value = 1.0 + 0.0im, bound_norm=0.999999, free_norm=1.0e-6 + 0.0im
     | block_size = 200 
[TDSE] Runing TDSE-SH-linear (length gauge, dipole form). step 24800 energy = -0.49643236097191307, norm_value = 1.0 + 0.0im, bound_norm=0.999999, free_norm=1.0e-6 + 0.0im
     | block_size = 200 
[TDSE] Runing TDSE-SH-linear (length gauge, dipole form). step 25000 energy = -0.49643322752271196, norm_value = 1.0 + 0.0im, bound_norm=1.0, free_norm=0.0 + 0.0im
     | block_size = 200 
[TDSE] Runing TDSE-SH-linear (length gauge, dipole form). step 25200 energy = -0.4964335346264559, norm_value = 1.0 + 0.0im, bound_norm=1.0, free_norm=0.0 + 0.0im
     | block_size = 200 
[TDSE] Runing TDSE-SH-linear (length gauge, dipole form). step 25400 energy = -0.49643356746269707, norm_value = 1.0 + 0.0im, bound_norm=1.0, free_norm=0.0 + 0.0im
     | block_size = 200 
[TDSE] Runing TDSE-SH-linear (length gauge, dipole form). step 25600 energy = -0.4964335510531322, norm_value = 1.0 + 0.0im, bound_norm=1.0, free_norm=0.0 + 0.0im
     | block_size = 200 
[TDSE] Runing TDSE-SH-linear (length gauge, dipole form). step 25800 energy = -0.4964335476187395, norm_value = 1.0 + 0.0im, bound_norm=1.0, free_norm=0.0 + 0.0im
     | block_size = 200 
[TDSE] Runing TDSE-SH-linear (length gauge, dipole form). step 26000 energy = -0.49643356415937634, norm_value = 1.0 + 0.0im, bound_norm=1.0, free_norm=0.0 + 0.0im
     | block_size = 200 
[TDSE] Runing TDSE-SH-linear (length gauge, dipole form). step 26200 energy = -0.4964335706575921, norm_value = 1.0 + 0.0im, bound_norm=1.0, free_norm=0.0 + 0.0im
     | block_size = 200 
[TDSE] Runing TDSE-SH-linear (length gauge, dipole form). step 26400 energy = -0.49643357220971523, norm_value = 1.0 + 0.0im, bound_norm=1.0, free_norm=0.0 + 0.0im
     | block_size = 200 
Sample 2026_5_15_hg_massive_0.03_0.0_0.0285_6.0_short_range does not exist. Exceute a new sample.
[ITP]: 10000.496424741636
[ITP]: 3.468948764850932e-6
[ITP]: 2.0119768988635656e-6
[ITP]: 1.2363970314233086e-6
[ITP]: 7.802127368616851e-7
[ITP]: 5.004886823867238e-7
[ITP]: 3.247063635747338e-7
[ITP]: 2.1241854042397534e-7
[ITP]: 1.3984492786001113e-7
[ITP]: 9.25260389417204e-8
[ITP]: 6.146357944825098e-8
[ITP]: 4.0962812142275595e-8
[ITP]: 2.737382170936442e-8
[ITP]: 1.8334269435982264e-8
[ITP]: 1.2303307206362746e-8
[ITP]: 8.269649631742482e-9
[ITP]: 5.566198502116038e-9
[ITP]: 3.7510526906814334e-9
[ITP]: 2.530471499007092e-9
[ITP]: 1.7086173587088638e-9
[ITP]: 1.154605577813328e-9
[ITP]: 7.807770541212733e-10
[ITP]: 5.283077308959605e-10
[ITP]: 3.576713369923823e-10
[ITP]: 2.422650968725293e-10
[ITP]: 1.6416579207145787e-10
[ITP]: 1.1128536980820058e-10
[ITP]: 7.546496760824084e-11
[ITP]: 5.119060730862657e-11
[ITP]: 3.4733049769641866e-11
[ITP]: 2.3571977703085167e-11
[ITP]: 1.6002199565434694e-11
[ITP]: 1.086369882941085e-11
[ITP]: 7.378653243961253e-12
[ITP]: 5.010714065889488e-12
[ITP]: 3.4039993046519612e-12
[ITP]: 2.313038649504051e-12
[ITP]: 1.570410468332284e-12
[ITP]: 1.0681455719918631e-12
[ITP]: 7.265299473147024e-13
[ITP]: 4.919398222114069e-13
[ITP]: 3.346212196220222e-13
[ITP]: 2.2842838731662596e-13
[ITP]: 1.5498713423767185e-13
[ITP]: 1.0536016503692736e-13
[ITP]: 7.188694084447889e-14
[ITP]: 4.801714581503802e-14
[ITP]: 3.347322419244847e-14
[ITP]: 2.3148150063434514e-14
[ITP]: 1.4432899320127035e-14
[ITP]: 1.1102230246251565e-14
[ITP]: 7.16093850883226e-15
[ITP]: 4.440892098500626e-15
[ITP]: 2.6645352591003757e-15
[ITP]: 2.831068712794149e-15
[ITP]: 1.4988010832439613e-15
[ITP]: 6.661338147750939e-16
[ITP]: 7.771561172376096e-16
[ITP]: 5.551115123125783e-16
[ITP]: 2.220446049250313e-16
[ITP]: 4.440892098500626e-16
[ITP]: 6.106226635438361e-16
[ITP]: 7.216449660063518e-16
[ITP]: 4.440892098500626e-16
[ITP]: 4.440892098500626e-16
[ITP]: 3.3306690738754696e-16
[ITP]: 1.1102230246251565e-15
[ITP]: 1.1102230246251565e-16
[ITP]: 7.216449660063518e-16
[ITP]: 1.1102230246251565e-16
[ITP]: 8.326672684688674e-16
[ITP]: 7.216449660063518e-16
[ITP]: 2.7755575615628914e-16
[ITP]: 4.996003610813204e-16
[ITP]: 4.440892098500626e-16
[ITP]: 4.440892098500626e-16
[ITP]: 1.6653345369377348e-16
[ITP]: 4.996003610813204e-16
[ITP]: 1.1657341758564144e-15
[ITP]: 1.1102230246251565e-16
[ITP]: 0.0
[TDSE] Runing TDSE-SH-linear (length gauge, dipole form). step 0 energy = -0.4964336949924361, norm_value = 1.0 + 0.0im, bound_norm=1.0, free_norm=0.0 + 0.0im
     | block_size = 3 
[TDSE] Runing TDSE-SH-linear (length gauge, dipole form). step 200 energy = -0.49643369439805446, norm_value = 1.0 + 0.0im, bound_norm=1.0, free_norm=0.0 + 0.0im
     | block_size = 3 
[TDSE] Runing TDSE-SH-linear (length gauge, dipole form). step 400 energy = -0.4964336876463463, norm_value = 1.0 + 0.0im, bound_norm=1.0, free_norm=0.0 + 0.0im
     | block_size = 3 
[TDSE] Runing TDSE-SH-linear (length gauge, dipole form). step 600 energy = -0.4964336717866109, norm_value = 1.0 + 0.0im, bound_norm=1.0, free_norm=0.0 + 0.0im
     | block_size = 4 
[TDSE] Runing TDSE-SH-linear (length gauge, dipole form). step 800 energy = -0.496433665896702, norm_value = 1.0 + 0.0im, bound_norm=1.0, free_norm=0.0 + 0.0im
     | block_size = 4 
[TDSE] Runing TDSE-SH-linear (length gauge, dipole form). step 1000 energy = -0.49643368369683966, norm_value = 1.0 + 0.0im, bound_norm=1.0, free_norm=0.0 + 0.0im
     | block_size = 4 
[TDSE] Runing TDSE-SH-linear (length gauge, dipole form). step 1200 energy = -0.4964336766193453, norm_value = 1.0 + 0.0im, bound_norm=1.0, free_norm=0.0 + 0.0im
     | block_size = 4 
[TDSE] Runing TDSE-SH-linear (length gauge, dipole form). step 1400 energy = -0.49643343890100733, norm_value = 1.0 + 0.0im, bound_norm=1.0, free_norm=0.0 + 0.0im
     | block_size = 4 
[TDSE] Runing TDSE-SH-linear (length gauge, dipole form). step 1600 energy = -0.4964326231500949, norm_value = 1.0 + 0.0im, bound_norm=1.0, free_norm=0.0 + 0.0im
     | block_size = 4 
[TDSE] Runing TDSE-SH-linear (length gauge, dipole form). step 1800 energy = -0.49643084901838935, norm_value = 1.0 + 0.0im, bound_norm=0.999999, free_norm=1.0e-6 + 0.0im
     | block_size = 5 
[TDSE] Runing TDSE-SH-linear (length gauge, dipole form). step 2000 energy = -0.49642809468799637, norm_value = 1.0 + 0.0im, bound_norm=0.999998, free_norm=2.0e-6 + 0.0im
     | block_size = 6 
[TDSE] Runing TDSE-SH-linear (length gauge, dipole form). step 2200 energy = -0.4964248030345873, norm_value = 1.0 + 0.0im, bound_norm=0.999997, free_norm=3.0e-6 + 0.0im
     | block_size = 7 
[TDSE] Runing TDSE-SH-linear (length gauge, dipole form). step 2400 energy = -0.49642213189766315, norm_value = 1.0 + 0.0im, bound_norm=0.999996, free_norm=4.0e-6 + 0.0im
     | block_size = 8 
[TDSE] Runing TDSE-SH-linear (length gauge, dipole form). step 2600 energy = -0.4964214862862382, norm_value = 1.0 + 0.0im, bound_norm=0.999996, free_norm=4.0e-6 + 0.0im
     | block_size = 10 
[TDSE] Runing TDSE-SH-linear (length gauge, dipole form). step 2800 energy = -0.49642367533624837, norm_value = 1.0 + 0.0im, bound_norm=0.999997, free_norm=3.0e-6 + 0.0im
     | block_size = 12 
[TDSE] Runing TDSE-SH-linear (length gauge, dipole form). step 3000 energy = -0.4964282581400592, norm_value = 1.0 + 0.0im, bound_norm=0.999998, free_norm=2.0e-6 + 0.0im
     | block_size = 13 
[TDSE] Runing TDSE-SH-linear (length gauge, dipole form). step 3200 energy = -0.49643263632085727, norm_value = 1.0 + 0.0im, bound_norm=1.0, free_norm=0.0 + 0.0im
     | block_size = 14 
[TDSE] Runing TDSE-SH-linear (length gauge, dipole form). step 3400 energy = -0.4964326638948205, norm_value = 1.0 + 0.0im, bound_norm=1.0, free_norm=0.0 + 0.0im
     | block_size = 14 
[TDSE] Runing TDSE-SH-linear (length gauge, dipole form). step 3600 energy = -0.496423790882584, norm_value = 1.0 + 0.0im, bound_norm=0.999997, free_norm=3.0e-6 + 0.0im
     | block_size = 13 
[TDSE] Runing TDSE-SH-linear (length gauge, dipole form). step 3800 energy = -0.49640340899329094, norm_value = 1.0 + 0.0im, bound_norm=0.999991, free_norm=9.0e-6 + 0.0im
     | block_size = 10 
[TDSE] Runing TDSE-SH-linear (length gauge, dipole form). step 4000 energy = -0.49637266480560177, norm_value = 1.0 + 0.0im, bound_norm=0.999981, free_norm=1.9e-5 + 0.0im
     | block_size = 7 
[TDSE] Runing TDSE-SH-linear (length gauge, dipole form). step 4200 energy = -0.496337915651585, norm_value = 1.0 + 0.0im, bound_norm=0.999971, free_norm=2.9e-5 + 0.0im
     | block_size = 11 
[TDSE] Runing TDSE-SH-linear (length gauge, dipole form). step 4400 energy = -0.4963094510983136, norm_value = 1.0 + 0.0im, bound_norm=0.999962, free_norm=3.8e-5 + 0.0im
     | block_size = 17 
[TDSE] Runing TDSE-SH-linear (length gauge, dipole form). step 4600 energy = -0.4962980575175904, norm_value = 1.0 + 0.0im, bound_norm=0.999958, free_norm=4.2e-5 + 0.0im
     | block_size = 24 
[TDSE] Runing TDSE-SH-linear (length gauge, dipole form). step 4800 energy = -0.49631094439328466, norm_value = 1.0 + 0.0im, bound_norm=0.999962, free_norm=3.8e-5 + 0.0im
     | block_size = 31 
[TDSE] Runing TDSE-SH-linear (length gauge, dipole form). step 5000 energy = -0.49634607870299813, norm_value = 1.0 + 0.0im, bound_norm=0.999973, free_norm=2.7e-5 + 0.0im
     | block_size = 37 
[TDSE] Runing TDSE-SH-linear (length gauge, dipole form). step 5200 energy = -0.49639133169385874, norm_value = 1.0 + 0.0im, bound_norm=0.999987, free_norm=1.3e-5 + 0.0im
     | block_size = 42 
[TDSE] Runing TDSE-SH-linear (length gauge, dipole form). step 5400 energy = -0.4964261061704348, norm_value = 1.0 + 0.0im, bound_norm=0.999998, free_norm=2.0e-6 + 0.0im
     | block_size = 45 
[TDSE] Runing TDSE-SH-linear (length gauge, dipole form). step 5600 energy = -0.4964278223148575, norm_value = 1.0 + 0.0im, bound_norm=0.999998, free_norm=2.0e-6 + 0.0im
     | block_size = 45 
[TDSE] Runing TDSE-SH-linear (length gauge, dipole form). step 5800 energy = -0.49638041321609083, norm_value = 1.0 + 0.0im, bound_norm=0.999984, free_norm=1.6e-5 + 0.0im
     | block_size = 41 
[TDSE] Runing TDSE-SH-linear (length gauge, dipole form). step 6000 energy = -0.49628224365800233, norm_value = 1.0 + 0.0im, bound_norm=0.999954, free_norm=4.6e-5 + 0.0im
     | block_size = 36 
[TDSE] Runing TDSE-SH-linear (length gauge, dipole form). step 6200 energy = -0.496150395826936, norm_value = 1.0 + 0.0im, bound_norm=0.999914, free_norm=8.6e-5 + 0.0im
     | block_size = 27 
[TDSE] Runing TDSE-SH-linear (length gauge, dipole form). step 6400 energy = -0.4960188114800898, norm_value = 1.0 + 0.0im, bound_norm=0.999874, free_norm=0.000126 + 0.0im
     | block_size = 18 
[TDSE] Runing TDSE-SH-linear (length gauge, dipole form). step 6600 energy = -0.4959299803443524, norm_value = 1.0 + 0.0im, bound_norm=0.999848, free_norm=0.000152 + 0.0im
     | block_size = 25 
[TDSE] Runing TDSE-SH-linear (length gauge, dipole form). step 6800 energy = -0.4959180616861997, norm_value = 1.0 + 0.0im, bound_norm=0.999845, free_norm=0.000155 + 0.0im
     | block_size = 35 
[TDSE] Runing TDSE-SH-linear (length gauge, dipole form). step 7000 energy = -0.4959946408602275, norm_value = 1.0 + 0.0im, bound_norm=0.999867, free_norm=0.000133 + 0.0im
     | block_size = 45 
[TDSE] Runing TDSE-SH-linear (length gauge, dipole form). step 7200 energy = -0.49613797167134477, norm_value = 1.0 + 0.0im, bound_norm=0.99991, free_norm=9.0e-5 + 0.0im
     | block_size = 55 
[TDSE] Runing TDSE-SH-linear (length gauge, dipole form). step 7400 energy = -0.4962975540624295, norm_value = 1.0 + 0.0im, bound_norm=0.999959, free_norm=4.1e-5 + 0.0im
     | block_size = 64 
[TDSE] Runing TDSE-SH-linear (length gauge, dipole form). step 7600 energy = -0.49640971549413804, norm_value = 1.0 + 0.0im, bound_norm=0.999993, free_norm=7.0e-6 + 0.0im
     | block_size = 68 
[TDSE] Runing TDSE-SH-linear (length gauge, dipole form). step 7800 energy = -0.49641836990856403, norm_value = 1.0 + 0.0im, bound_norm=0.999996, free_norm=4.0e-6 + 0.0im
     | block_size = 69 
[TDSE] Runing TDSE-SH-linear (length gauge, dipole form). step 8000 energy = -0.4962944359314293, norm_value = 1.0 + 0.0im, bound_norm=0.999958, free_norm=4.2e-5 + 0.0im
     | block_size = 64 
[TDSE] Runing TDSE-SH-linear (length gauge, dipole form). step 8200 energy = -0.49604883598327315, norm_value = 1.0 + 0.0im, bound_norm=0.999883, free_norm=0.000117 + 0.0im
     | block_size = 56 
[TDSE] Runing TDSE-SH-linear (length gauge, dipole form). step 8400 energy = -0.4957361577327002, norm_value = 1.0 + 0.0im, bound_norm=0.999792, free_norm=0.000208 + 0.0im
     | block_size = 53 
[TDSE] Runing TDSE-SH-linear (length gauge, dipole form). step 8600 energy = -0.49544494053029176, norm_value = 1.0 + 0.0im, bound_norm=0.999709, free_norm=0.000291 + 0.0im
     | block_size = 59 
[TDSE] Runing TDSE-SH-linear (length gauge, dipole form). step 8800 energy = -0.4952731514323564, norm_value = 1.0 + 0.0im, bound_norm=0.999662, free_norm=0.000338 + 0.0im
     | block_size = 58 
[TDSE] Runing TDSE-SH-linear (length gauge, dipole form). step 9000 energy = -0.49528876672853417, norm_value = 1.0 + 0.0im, bound_norm=0.999666, free_norm=0.000334 + 0.0im
     | block_size = 62 
[TDSE] Runing TDSE-SH-linear (length gauge, dipole form). step 9200 energy = -0.4954957810262315, norm_value = 1.0 + 0.0im, bound_norm=0.999724, free_norm=0.000276 + 0.0im
     | block_size = 72 
[TDSE] Runing TDSE-SH-linear (length gauge, dipole form). step 9400 energy = -0.49582516632825113, norm_value = 1.0 + 0.0im, bound_norm=0.999818, free_norm=0.000182 + 0.0im
     | block_size = 82 
[TDSE] Runing TDSE-SH-linear (length gauge, dipole form). step 9600 energy = -0.49616189525926874, norm_value = 1.0 + 0.0im, bound_norm=0.999918, free_norm=8.2e-5 + 0.0im
     | block_size = 92 
[TDSE] Runing TDSE-SH-linear (length gauge, dipole form). step 9800 energy = -0.4963858313679622, norm_value = 1.0 + 0.0im, bound_norm=0.999986, free_norm=1.4e-5 + 0.0im
     | block_size = 100 
[TDSE] Runing TDSE-SH-linear (length gauge, dipole form). step 10000 energy = -0.4964080904102435, norm_value = 1.0 + 0.0im, bound_norm=0.999993, free_norm=7.0e-6 + 0.0im
     | block_size = 101 
[TDSE] Runing TDSE-SH-linear (length gauge, dipole form). step 10200 energy = -0.4961958885217858, norm_value = 1.0 + 0.0im, bound_norm=0.999928, free_norm=7.2e-5 + 0.0im
     | block_size = 95 
[TDSE] Runing TDSE-SH-linear (length gauge, dipole form). step 10400 energy = -0.4957845712861725, norm_value = 1.0 + 0.0im, bound_norm=0.999806, free_norm=0.000194 + 0.0im
     | block_size = 95 
[TDSE] Runing TDSE-SH-linear (length gauge, dipole form). step 10600 energy = -0.4952774898059115, norm_value = 1.0 + 0.0im, bound_norm=0.999662, free_norm=0.000338 + 0.0im
     | block_size = 104 
[TDSE] Runing TDSE-SH-linear (length gauge, dipole form). step 10800 energy = -0.49482677165946237, norm_value = 1.0 + 0.0im, bound_norm=0.999542, free_norm=0.000458 + 0.0im
     | block_size = 114 
[TDSE] Runing TDSE-SH-linear (length gauge, dipole form). step 11000 energy = -0.4945901508758635, norm_value = 1.0 + 0.0im, bound_norm=0.999481, free_norm=0.000519 + 0.0im
     | block_size = 120 
[TDSE] Runing TDSE-SH-linear (length gauge, dipole form). step 11200 energy = -0.49466441533883126, norm_value = 1.0 + 0.0im, bound_norm=0.999499, free_norm=0.000501 + 0.0im
     | block_size = 119 
[TDSE] Runing TDSE-SH-linear (length gauge, dipole form). step 11400 energy = -0.4950284406901425, norm_value = 1.0 + 0.0im, bound_norm=0.999594, free_norm=0.000406 + 0.0im
     | block_size = 122 
[TDSE] Runing TDSE-SH-linear (length gauge, dipole form). step 11600 energy = -0.495548126325811, norm_value = 1.0 + 0.0im, bound_norm=0.999739, free_norm=0.000261 + 0.0im
     | block_size = 132 
[TDSE] Runing TDSE-SH-linear (length gauge, dipole form). step 11800 energy = -0.4960463061463383, norm_value = 1.0 + 0.0im, bound_norm=0.999883, free_norm=0.000117 + 0.0im
     | block_size = 142 
[TDSE] Runing TDSE-SH-linear (length gauge, dipole form). step 12000 energy = -0.49636493789197794, norm_value = 1.0 + 0.0im, bound_norm=0.99998, free_norm=2.0e-5 + 0.0im
     | block_size = 152 
[TDSE] Runing TDSE-SH-linear (length gauge, dipole form). step 12200 energy = -0.4964026448664116, norm_value = 1.0 + 0.0im, bound_norm=0.999992, free_norm=8.0e-6 + 0.0im
     | block_size = 153 
[TDSE] Runing TDSE-SH-linear (length gauge, dipole form). step 12400 energy = -0.4961381393845008, norm_value = 1.0 + 0.0im, bound_norm=0.999911, free_norm=8.9e-5 + 0.0im
     | block_size = 148 
[TDSE] Runing TDSE-SH-linear (length gauge, dipole form). step 12600 energy = -0.4956341824352242, norm_value = 1.0 + 0.0im, bound_norm=0.999762, free_norm=0.000238 + 0.0im
     | block_size = 156 
[TDSE] Runing TDSE-SH-linear (length gauge, dipole form). step 12800 energy = -0.4950323748922434, norm_value = 1.0 + 0.0im, bound_norm=0.999595, free_norm=0.000405 + 0.0im
     | block_size = 166 
[TDSE] Runing TDSE-SH-linear (length gauge, dipole form). step 13000 energy = -0.49452159590633576, norm_value = 1.0 + 0.0im, bound_norm=0.999464, free_norm=0.000536 + 0.0im
     | block_size = 174 
[TDSE] Runing TDSE-SH-linear (length gauge, dipole form). step 13200 energy = -0.49428623258327525, norm_value = 1.0 + 0.0im, bound_norm=0.999405, free_norm=0.000595 + 0.0im
     | block_size = 175 
[TDSE] Runing TDSE-SH-linear (length gauge, dipole form). step 13400 energy = -0.49442180150994114, norm_value = 1.0 + 0.0im, bound_norm=0.999436, free_norm=0.000564 + 0.0im
     | block_size = 175 
[TDSE] Runing TDSE-SH-linear (length gauge, dipole form). step 13600 energy = -0.49487504360013373, norm_value = 1.0 + 0.0im, bound_norm=0.999551, free_norm=0.000449 + 0.0im
     | block_size = 181 
[TDSE] Runing TDSE-SH-linear (length gauge, dipole form). step 13800 energy = -0.49547231007395315, norm_value = 1.0 + 0.0im, bound_norm=0.999717, free_norm=0.000283 + 0.0im
     | block_size = 191 
[TDSE] Runing TDSE-SH-linear (length gauge, dipole form). step 14000 energy = -0.49601900418413447, norm_value = 1.0 + 0.0im, bound_norm=0.999874, free_norm=0.000126 + 0.0im
     | block_size = 200 
[TDSE] Runing TDSE-SH-linear (length gauge, dipole form). step 14200 energy = -0.49635869658217563, norm_value = 1.0 + 0.0im, bound_norm=0.999978, free_norm=2.2e-5 + 0.0im
     | block_size = 200 
[TDSE] Runing TDSE-SH-linear (length gauge, dipole form). step 14400 energy = -0.4964046469352383, norm_value = 1.0 + 0.0im, bound_norm=0.999992, free_norm=8.0e-6 + 0.0im
     | block_size = 200 
[TDSE] Runing TDSE-SH-linear (length gauge, dipole form). step 14600 energy = -0.49615582784121187, norm_value = 1.0 + 0.0im, bound_norm=0.999916, free_norm=8.4e-5 + 0.0im
     | block_size = 200 
[TDSE] Runing TDSE-SH-linear (length gauge, dipole form). step 14800 energy = -0.4956922377723772, norm_value = 1.0 + 0.0im, bound_norm=0.999778, free_norm=0.000222 + 0.0im
     | block_size = 200 
[TDSE] Runing TDSE-SH-linear (length gauge, dipole form). step 15000 energy = -0.49516147928681375, norm_value = 1.0 + 0.0im, bound_norm=0.99963, free_norm=0.00037 + 0.0im
     | block_size = 200 
[TDSE] Runing TDSE-SH-linear (length gauge, dipole form). step 15200 energy = -0.49473917607286727, norm_value = 1.0 + 0.0im, bound_norm=0.999519, free_norm=0.000481 + 0.0im
     | block_size = 200 
[TDSE] Runing TDSE-SH-linear (length gauge, dipole form). step 15400 energy = -0.4945772884722323, norm_value = 1.0 + 0.0im, bound_norm=0.999477, free_norm=0.000523 + 0.0im
     | block_size = 200 
[TDSE] Runing TDSE-SH-linear (length gauge, dipole form). step 15600 energy = -0.4947341861689662, norm_value = 1.0 + 0.0im, bound_norm=0.999516, free_norm=0.000484 + 0.0im
     | block_size = 200 
[TDSE] Runing TDSE-SH-linear (length gauge, dipole form). step 15800 energy = -0.49514192559014686, norm_value = 1.0 + 0.0im, bound_norm=0.999623, free_norm=0.000377 + 0.0im
     | block_size = 200 
[TDSE] Runing TDSE-SH-linear (length gauge, dipole form). step 16000 energy = -0.4956487606615221, norm_value = 1.0 + 0.0im, bound_norm=0.999766, free_norm=0.000234 + 0.0im
     | block_size = 200 
[TDSE] Runing TDSE-SH-linear (length gauge, dipole form). step 16200 energy = -0.49609942105471977, norm_value = 1.0 + 0.0im, bound_norm=0.999898, free_norm=0.000102 + 0.0im
     | block_size = 200 
[TDSE] Runing TDSE-SH-linear (length gauge, dipole form). step 16400 energy = -0.4963721896379927, norm_value = 1.0 + 0.0im, bound_norm=0.999981, free_norm=1.9e-5 + 0.0im
     | block_size = 200 
[TDSE] Runing TDSE-SH-linear (length gauge, dipole form). step 16600 energy = -0.4964133913531663, norm_value = 1.0 + 0.0im, bound_norm=0.999994, free_norm=6.0e-6 + 0.0im
     | block_size = 200 
[TDSE] Runing TDSE-SH-linear (length gauge, dipole form). step 16800 energy = -0.49623741682478073, norm_value = 1.0 + 0.0im, bound_norm=0.99994, free_norm=6.0e-5 + 0.0im
     | block_size = 200 
[TDSE] Runing TDSE-SH-linear (length gauge, dipole form). step 17000 energy = -0.49592045783725014, norm_value = 1.0 + 0.0im, bound_norm=0.999845, free_norm=0.000155 + 0.0im
     | block_size = 200 
[TDSE] Runing TDSE-SH-linear (length gauge, dipole form). step 17200 energy = -0.4955771464936841, norm_value = 1.0 + 0.0im, bound_norm=0.999747, free_norm=0.000253 + 0.0im
     | block_size = 200 
[TDSE] Runing TDSE-SH-linear (length gauge, dipole form). step 17400 energy = -0.4953284760888402, norm_value = 1.0 + 0.0im, bound_norm=0.999677, free_norm=0.000323 + 0.0im
     | block_size = 200 
[TDSE] Runing TDSE-SH-linear (length gauge, dipole form). step 17600 energy = -0.4952548328636717, norm_value = 1.0 + 0.0im, bound_norm=0.999656, free_norm=0.000344 + 0.0im
     | block_size = 200 
[TDSE] Runing TDSE-SH-linear (length gauge, dipole form). step 17800 energy = -0.4953817895400428, norm_value = 1.0 + 0.0im, bound_norm=0.999691, free_norm=0.000309 + 0.0im
     | block_size = 200 
[TDSE] Runing TDSE-SH-linear (length gauge, dipole form). step 18000 energy = -0.495649389004227, norm_value = 1.0 + 0.0im, bound_norm=0.999768, free_norm=0.000232 + 0.0im
     | block_size = 200 
[TDSE] Runing TDSE-SH-linear (length gauge, dipole form). step 18200 energy = -0.4959670571736722, norm_value = 1.0 + 0.0im, bound_norm=0.999859, free_norm=0.000141 + 0.0im
     | block_size = 200 
[TDSE] Runing TDSE-SH-linear (length gauge, dipole form). step 18400 energy = -0.49623787443408734, norm_value = 1.0 + 0.0im, bound_norm=0.99994, free_norm=6.0e-5 + 0.0im
     | block_size = 200 
[TDSE] Runing TDSE-SH-linear (length gauge, dipole form). step 18600 energy = -0.49639714474548924, norm_value = 1.0 + 0.0im, bound_norm=0.999989, free_norm=1.1e-5 + 0.0im
     | block_size = 200 
[TDSE] Runing TDSE-SH-linear (length gauge, dipole form). step 18800 energy = -0.4964231691557351, norm_value = 1.0 + 0.0im, bound_norm=0.999996, free_norm=4.0e-6 + 0.0im
     | block_size = 200 
[TDSE] Runing TDSE-SH-linear (length gauge, dipole form). step 19000 energy = -0.49633487612222155, norm_value = 1.0 + 0.0im, bound_norm=0.999969, free_norm=3.1e-5 + 0.0im
     | block_size = 200 
[TDSE] Runing TDSE-SH-linear (length gauge, dipole form). step 19200 energy = -0.4961811685189946, norm_value = 1.0 + 0.0im, bound_norm=0.999922, free_norm=7.8e-5 + 0.0im
     | block_size = 200 
[TDSE] Runing TDSE-SH-linear (length gauge, dipole form). step 19400 energy = -0.49602773037980413, norm_value = 1.0 + 0.0im, bound_norm=0.999877, free_norm=0.000123 + 0.0im
     | block_size = 200 
[TDSE] Runing TDSE-SH-linear (length gauge, dipole form). step 19600 energy = -0.495930854478814, norm_value = 1.0 + 0.0im, bound_norm=0.999848, free_norm=0.000152 + 0.0im
     | block_size = 200 
[TDSE] Runing TDSE-SH-linear (length gauge, dipole form). step 19800 energy = -0.49591645855828664, norm_value = 1.0 + 0.0im, bound_norm=0.999843, free_norm=0.000157 + 0.0im
     | block_size = 200 
[TDSE] Runing TDSE-SH-linear (length gauge, dipole form). step 20000 energy = -0.4959879842755103, norm_value = 1.0 + 0.0im, bound_norm=0.999863, free_norm=0.000137 + 0.0im
     | block_size = 200 
[TDSE] Runing TDSE-SH-linear (length gauge, dipole form). step 20200 energy = -0.49611213296055034, norm_value = 1.0 + 0.0im, bound_norm=0.999901, free_norm=9.9e-5 + 0.0im
     | block_size = 200 
[TDSE] Runing TDSE-SH-linear (length gauge, dipole form). step 20400 energy = -0.49624728621517394, norm_value = 1.0 + 0.0im, bound_norm=0.999942, free_norm=5.8e-5 + 0.0im
     | block_size = 200 
[TDSE] Runing TDSE-SH-linear (length gauge, dipole form). step 20600 energy = -0.49635765000383686, norm_value = 1.0 + 0.0im, bound_norm=0.999975, free_norm=2.5e-5 + 0.0im
     | block_size = 200 
[TDSE] Runing TDSE-SH-linear (length gauge, dipole form). step 20800 energy = -0.49641927087107, norm_value = 1.0 + 0.0im, bound_norm=0.999995, free_norm=5.0e-6 + 0.0im
     | block_size = 200 
[TDSE] Runing TDSE-SH-linear (length gauge, dipole form). step 21000 energy = -0.49642995560007624, norm_value = 1.0 + 0.0im, bound_norm=0.999998, free_norm=2.0e-6 + 0.0im
     | block_size = 200 
[TDSE] Runing TDSE-SH-linear (length gauge, dipole form). step 21200 energy = -0.49640187247712153, norm_value = 1.0 + 0.0im, bound_norm=0.999989, free_norm=1.1e-5 + 0.0im
     | block_size = 200 
[TDSE] Runing TDSE-SH-linear (length gauge, dipole form). step 21400 energy = -0.49635748796838963, norm_value = 1.0 + 0.0im, bound_norm=0.999976, free_norm=2.4e-5 + 0.0im
     | block_size = 200 
[TDSE] Runing TDSE-SH-linear (length gauge, dipole form). step 21600 energy = -0.49631775721351146, norm_value = 1.0 + 0.0im, bound_norm=0.999963, free_norm=3.7e-5 + 0.0im
     | block_size = 200 
[TDSE] Runing TDSE-SH-linear (length gauge, dipole form). step 21800 energy = -0.4962985011746884, norm_value = 1.0 + 0.0im, bound_norm=0.999958, free_norm=4.2e-5 + 0.0im
     | block_size = 200 
[TDSE] Runing TDSE-SH-linear (length gauge, dipole form). step 22000 energy = -0.4963039666096346, norm_value = 1.0 + 0.0im, bound_norm=0.999959, free_norm=4.1e-5 + 0.0im
     | block_size = 200 
[TDSE] Runing TDSE-SH-linear (length gauge, dipole form). step 22200 energy = -0.4963284052091224, norm_value = 1.0 + 0.0im, bound_norm=0.999966, free_norm=3.4e-5 + 0.0im
     | block_size = 200 
[TDSE] Runing TDSE-SH-linear (length gauge, dipole form). step 22400 energy = -0.4963621228946733, norm_value = 1.0 + 0.0im, bound_norm=0.999977, free_norm=2.3e-5 + 0.0im
     | block_size = 200 
[TDSE] Runing TDSE-SH-linear (length gauge, dipole form). step 22600 energy = -0.49639529588378317, norm_value = 1.0 + 0.0im, bound_norm=0.999987, free_norm=1.3e-5 + 0.0im
     | block_size = 200 
[TDSE] Runing TDSE-SH-linear (length gauge, dipole form). step 22800 energy = -0.4964187039135912, norm_value = 1.0 + 0.0im, bound_norm=0.999994, free_norm=6.0e-6 + 0.0im
     | block_size = 200 
[TDSE] Runing TDSE-SH-linear (length gauge, dipole form). step 23000 energy = -0.4964306550616302, norm_value = 1.0 + 0.0im, bound_norm=0.999998, free_norm=2.0e-6 + 0.0im
     | block_size = 200 
[TDSE] Runing TDSE-SH-linear (length gauge, dipole form). step 23200 energy = -0.4964326143590889, norm_value = 1.0 + 0.0im, bound_norm=0.999999, free_norm=1.0e-6 + 0.0im
     | block_size = 200 
[TDSE] Runing TDSE-SH-linear (length gauge, dipole form). step 23400 energy = -0.4964290411901318, norm_value = 1.0 + 0.0im, bound_norm=0.999998, free_norm=2.0e-6 + 0.0im
     | block_size = 200 
[TDSE] Runing TDSE-SH-linear (length gauge, dipole form). step 23600 energy = -0.4964239145511936, norm_value = 1.0 + 0.0im, bound_norm=0.999996, free_norm=4.0e-6 + 0.0im
     | block_size = 200 
[TDSE] Runing TDSE-SH-linear (length gauge, dipole form). step 23800 energy = -0.49642114479006577, norm_value = 1.0 + 0.0im, bound_norm=0.999995, free_norm=5.0e-6 + 0.0im
     | block_size = 200 
[TDSE] Runing TDSE-SH-linear (length gauge, dipole form). step 24000 energy = -0.4964211676319716, norm_value = 1.0 + 0.0im, bound_norm=0.999995, free_norm=5.0e-6 + 0.0im
     | block_size = 200 
[TDSE] Runing TDSE-SH-linear (length gauge, dipole form). step 24200 energy = -0.4964233279722433, norm_value = 1.0 + 0.0im, bound_norm=0.999996, free_norm=4.0e-6 + 0.0im
     | block_size = 200 
[TDSE] Runing TDSE-SH-linear (length gauge, dipole form). step 24400 energy = -0.4964265253502399, norm_value = 1.0 + 0.0im, bound_norm=0.999997, free_norm=3.0e-6 + 0.0im
     | block_size = 200 
[TDSE] Runing TDSE-SH-linear (length gauge, dipole form). step 24600 energy = -0.4964294689719165, norm_value = 1.0 + 0.0im, bound_norm=0.999998, free_norm=2.0e-6 + 0.0im
     | block_size = 200 
[TDSE] Runing TDSE-SH-linear (length gauge, dipole form). step 24800 energy = -0.4964316352961805, norm_value = 1.0 + 0.0im, bound_norm=0.999998, free_norm=2.0e-6 + 0.0im
     | block_size = 200 
[TDSE] Runing TDSE-SH-linear (length gauge, dipole form). step 25000 energy = -0.4964326475461167, norm_value = 1.0 + 0.0im, bound_norm=0.999999, free_norm=1.0e-6 + 0.0im
     | block_size = 200 
[TDSE] Runing TDSE-SH-linear (length gauge, dipole form). step 25200 energy = -0.49643299252501644, norm_value = 1.0 + 0.0im, bound_norm=0.999999, free_norm=1.0e-6 + 0.0im
     | block_size = 200 
[TDSE] Runing TDSE-SH-linear (length gauge, dipole form). step 25400 energy = -0.4964330381826279, norm_value = 1.0 + 0.0im, bound_norm=0.999999, free_norm=1.0e-6 + 0.0im
     | block_size = 200 
[TDSE] Runing TDSE-SH-linear (length gauge, dipole form). step 25600 energy = -0.4964330189876009, norm_value = 1.0 + 0.0im, bound_norm=0.999999, free_norm=1.0e-6 + 0.0im
     | block_size = 200 
[TDSE] Runing TDSE-SH-linear (length gauge, dipole form). step 25800 energy = -0.49643301470015605, norm_value = 1.0 + 0.0im, bound_norm=0.999999, free_norm=1.0e-6 + 0.0im
     | block_size = 200 
[TDSE] Runing TDSE-SH-linear (length gauge, dipole form). step 26000 energy = -0.49643303247517273, norm_value = 1.0 + 0.0im, bound_norm=0.999999, free_norm=1.0e-6 + 0.0im
     | block_size = 200 
[TDSE] Runing TDSE-SH-linear (length gauge, dipole form). step 26200 energy = -0.4964330419976924, norm_value = 1.0 + 0.0im, bound_norm=0.999999, free_norm=1.0e-6 + 0.0im
     | block_size = 200 
[TDSE] Runing TDSE-SH-linear (length gauge, dipole form). step 26400 energy = -0.49643304363901497, norm_value = 1.0 + 0.0im, bound_norm=0.999999, free_norm=1.0e-6 + 0.0im
     | block_size = 200 
Sample 2026_5_15_hg_massive_0.0325_0.0_0.0285_6.0_short_range does not exist. Exceute a new sample.
[ITP]: 10000.496424741636
[ITP]: 3.468948764850932e-6
[ITP]: 2.0119768988635656e-6
[ITP]: 1.2363970314233086e-6
[ITP]: 7.802127368616851e-7
[ITP]: 5.004886823867238e-7
[ITP]: 3.247063635747338e-7
[ITP]: 2.1241854042397534e-7
[ITP]: 1.3984492786001113e-7
[ITP]: 9.25260389417204e-8
[ITP]: 6.146357944825098e-8
[ITP]: 4.0962812142275595e-8
[ITP]: 2.737382170936442e-8
[ITP]: 1.8334269435982264e-8
[ITP]: 1.2303307206362746e-8
[ITP]: 8.269649631742482e-9
[ITP]: 5.566198502116038e-9
[ITP]: 3.7510526906814334e-9
[ITP]: 2.530471499007092e-9
[ITP]: 1.7086173587088638e-9
[ITP]: 1.154605577813328e-9
[ITP]: 7.807770541212733e-10
[ITP]: 5.283077308959605e-10
[ITP]: 3.576713369923823e-10
[ITP]: 2.422650968725293e-10
[ITP]: 1.6416579207145787e-10
[ITP]: 1.1128536980820058e-10
[ITP]: 7.546496760824084e-11
[ITP]: 5.119060730862657e-11
[ITP]: 3.4733049769641866e-11
[ITP]: 2.3571977703085167e-11
[ITP]: 1.6002199565434694e-11
[ITP]: 1.086369882941085e-11
[ITP]: 7.378653243961253e-12
[ITP]: 5.010714065889488e-12
[ITP]: 3.4039993046519612e-12
[ITP]: 2.313038649504051e-12
[ITP]: 1.570410468332284e-12
[ITP]: 1.0681455719918631e-12
[ITP]: 7.265299473147024e-13
[ITP]: 4.919398222114069e-13
[ITP]: 3.346212196220222e-13
[ITP]: 2.2842838731662596e-13
[ITP]: 1.5498713423767185e-13
[ITP]: 1.0536016503692736e-13
[ITP]: 7.188694084447889e-14
[ITP]: 4.801714581503802e-14
[ITP]: 3.347322419244847e-14
[ITP]: 2.3148150063434514e-14
[ITP]: 1.4432899320127035e-14
[ITP]: 1.1102230246251565e-14
[ITP]: 7.16093850883226e-15
[ITP]: 4.440892098500626e-15
[ITP]: 2.6645352591003757e-15
[ITP]: 2.831068712794149e-15
[ITP]: 1.4988010832439613e-15
[ITP]: 6.661338147750939e-16
[ITP]: 7.771561172376096e-16
[ITP]: 5.551115123125783e-16
[ITP]: 2.220446049250313e-16
[ITP]: 4.440892098500626e-16
[ITP]: 6.106226635438361e-16
[ITP]: 7.216449660063518e-16
[ITP]: 4.440892098500626e-16
[ITP]: 4.440892098500626e-16
[ITP]: 3.3306690738754696e-16
[ITP]: 1.1102230246251565e-15
[ITP]: 1.1102230246251565e-16
[ITP]: 7.216449660063518e-16
[ITP]: 1.1102230246251565e-16
[ITP]: 8.326672684688674e-16
[ITP]: 7.216449660063518e-16
[ITP]: 2.7755575615628914e-16
[ITP]: 4.996003610813204e-16
[ITP]: 4.440892098500626e-16
[ITP]: 4.440892098500626e-16
[ITP]: 1.6653345369377348e-16
[ITP]: 4.996003610813204e-16
[ITP]: 1.1657341758564144e-15
[ITP]: 1.1102230246251565e-16
[ITP]: 0.0
[TDSE] Runing TDSE-SH-linear (length gauge, dipole form). step 0 energy = -0.4964336949924361, norm_value = 1.0 + 0.0im, bound_norm=1.0, free_norm=0.0 + 0.0im
     | block_size = 3 
[TDSE] Runing TDSE-SH-linear (length gauge, dipole form). step 200 energy = -0.49643369429486695, norm_value = 1.0 + 0.0im, bound_norm=1.0, free_norm=0.0 + 0.0im
     | block_size = 3 
[TDSE] Runing TDSE-SH-linear (length gauge, dipole form). step 400 energy = -0.4964336863709896, norm_value = 1.0 + 0.0im, bound_norm=1.0, free_norm=0.0 + 0.0im
     | block_size = 4 
[TDSE] Runing TDSE-SH-linear (length gauge, dipole form). step 600 energy = -0.49643366775782466, norm_value = 1.0 + 0.0im, bound_norm=1.0, free_norm=0.0 + 0.0im
     | block_size = 4 
[TDSE] Runing TDSE-SH-linear (length gauge, dipole form). step 800 energy = -0.4964336608453565, norm_value = 1.0 + 0.0im, bound_norm=1.0, free_norm=0.0 + 0.0im
     | block_size = 4 
[TDSE] Runing TDSE-SH-linear (length gauge, dipole form). step 1000 energy = -0.49643368173581487, norm_value = 1.0 + 0.0im, bound_norm=1.0, free_norm=0.0 + 0.0im
     | block_size = 4 
[TDSE] Runing TDSE-SH-linear (length gauge, dipole form). step 1200 energy = -0.4964336734295914, norm_value = 1.0 + 0.0im, bound_norm=1.0, free_norm=0.0 + 0.0im
     | block_size = 4 
[TDSE] Runing TDSE-SH-linear (length gauge, dipole form). step 1400 energy = -0.4964333944405179, norm_value = 1.0 + 0.0im, bound_norm=1.0, free_norm=0.0 + 0.0im
     | block_size = 4 
[TDSE] Runing TDSE-SH-linear (length gauge, dipole form). step 1600 energy = -0.496432437060473, norm_value = 1.0 + 0.0im, bound_norm=1.0, free_norm=0.0 + 0.0im
     | block_size = 4 
[TDSE] Runing TDSE-SH-linear (length gauge, dipole form). step 1800 energy = -0.4964303548803048, norm_value = 1.0 + 0.0im, bound_norm=0.999999, free_norm=1.0e-6 + 0.0im
     | block_size = 5 
[TDSE] Runing TDSE-SH-linear (length gauge, dipole form). step 2000 energy = -0.49642712221227997, norm_value = 1.0 + 0.0im, bound_norm=0.999998, free_norm=2.0e-6 + 0.0im
     | block_size = 6 
[TDSE] Runing TDSE-SH-linear (length gauge, dipole form). step 2200 energy = -0.49642325877474386, norm_value = 1.0 + 0.0im, bound_norm=0.999997, free_norm=3.0e-6 + 0.0im
     | block_size = 7 
[TDSE] Runing TDSE-SH-linear (length gauge, dipole form). step 2400 energy = -0.4964201235404411, norm_value = 1.0 + 0.0im, bound_norm=0.999996, free_norm=4.0e-6 + 0.0im
     | block_size = 9 
[TDSE] Runing TDSE-SH-linear (length gauge, dipole form). step 2600 energy = -0.4964193656146821, norm_value = 1.0 + 0.0im, bound_norm=0.999996, free_norm=4.0e-6 + 0.0im
     | block_size = 11 
[TDSE] Runing TDSE-SH-linear (length gauge, dipole form). step 2800 energy = -0.4964219353241422, norm_value = 1.0 + 0.0im, bound_norm=0.999996, free_norm=4.0e-6 + 0.0im
     | block_size = 13 
[TDSE] Runing TDSE-SH-linear (length gauge, dipole form). step 3000 energy = -0.4964273138420732, norm_value = 1.0 + 0.0im, bound_norm=0.999998, free_norm=2.0e-6 + 0.0im
     | block_size = 14 
[TDSE] Runing TDSE-SH-linear (length gauge, dipole form). step 3200 energy = -0.4964324525506873, norm_value = 1.0 + 0.0im, bound_norm=1.0, free_norm=0.0 + 0.0im
     | block_size = 15 
[TDSE] Runing TDSE-SH-linear (length gauge, dipole form). step 3400 energy = -0.4964324847390123, norm_value = 1.0 + 0.0im, bound_norm=1.0, free_norm=0.0 + 0.0im
     | block_size = 15 
[TDSE] Runing TDSE-SH-linear (length gauge, dipole form). step 3600 energy = -0.49642207118614234, norm_value = 1.0 + 0.0im, bound_norm=0.999996, free_norm=4.0e-6 + 0.0im
     | block_size = 14 
[TDSE] Runing TDSE-SH-linear (length gauge, dipole form). step 3800 energy = -0.49639814585279524, norm_value = 1.0 + 0.0im, bound_norm=0.999989, free_norm=1.1e-5 + 0.0im
     | block_size = 11 
[TDSE] Runing TDSE-SH-linear (length gauge, dipole form). step 4000 energy = -0.49636204562558434, norm_value = 1.0 + 0.0im, bound_norm=0.999978, free_norm=2.2e-5 + 0.0im
     | block_size = 7 
[TDSE] Runing TDSE-SH-linear (length gauge, dipole form). step 4200 energy = -0.4963212271063467, norm_value = 1.0 + 0.0im, bound_norm=0.999965, free_norm=3.5e-5 + 0.0im
     | block_size = 11 
[TDSE] Runing TDSE-SH-linear (length gauge, dipole form). step 4400 energy = -0.49628777594503753, norm_value = 1.0 + 0.0im, bound_norm=0.999955, free_norm=4.5e-5 + 0.0im
     | block_size = 19 
[TDSE] Runing TDSE-SH-linear (length gauge, dipole form). step 4600 energy = -0.49627438565955373, norm_value = 1.0 + 0.0im, bound_norm=0.999951, free_norm=4.9e-5 + 0.0im
     | block_size = 27 
[TDSE] Runing TDSE-SH-linear (length gauge, dipole form). step 4800 energy = -0.49628952891807926, norm_value = 1.0 + 0.0im, bound_norm=0.999956, free_norm=4.4e-5 + 0.0im
     | block_size = 34 
[TDSE] Runing TDSE-SH-linear (length gauge, dipole form). step 5000 energy = -0.4963308168212461, norm_value = 1.0 + 0.0im, bound_norm=0.999969, free_norm=3.1e-5 + 0.0im
     | block_size = 41 
[TDSE] Runing TDSE-SH-linear (length gauge, dipole form). step 5200 energy = -0.4963839668480539, norm_value = 1.0 + 0.0im, bound_norm=0.999985, free_norm=1.5e-5 + 0.0im
     | block_size = 46 
[TDSE] Runing TDSE-SH-linear (length gauge, dipole form). step 5400 energy = -0.4964247879790627, norm_value = 1.0 + 0.0im, bound_norm=0.999997, free_norm=3.0e-6 + 0.0im
     | block_size = 49 
[TDSE] Runing TDSE-SH-linear (length gauge, dipole form). step 5600 energy = -0.4964268020020726, norm_value = 1.0 + 0.0im, bound_norm=0.999998, free_norm=2.0e-6 + 0.0im
     | block_size = 49 
[TDSE] Runing TDSE-SH-linear (length gauge, dipole form). step 5800 energy = -0.4963711513200877, norm_value = 1.0 + 0.0im, bound_norm=0.999981, free_norm=1.9e-5 + 0.0im
     | block_size = 46 
[TDSE] Runing TDSE-SH-linear (length gauge, dipole form). step 6000 energy = -0.4962558141244929, norm_value = 1.0 + 0.0im, bound_norm=0.999946, free_norm=5.4e-5 + 0.0im
     | block_size = 40 
[TDSE] Runing TDSE-SH-linear (length gauge, dipole form). step 6200 energy = -0.4961006821566276, norm_value = 1.0 + 0.0im, bound_norm=0.999899, free_norm=0.000101 + 0.0im
     | block_size = 30 
[TDSE] Runing TDSE-SH-linear (length gauge, dipole form). step 6400 energy = -0.4959456148780477, norm_value = 1.0 + 0.0im, bound_norm=0.999853, free_norm=0.000147 + 0.0im
     | block_size = 19 
[TDSE] Runing TDSE-SH-linear (length gauge, dipole form). step 6600 energy = -0.495840751450824, norm_value = 1.0 + 0.0im, bound_norm=0.999822, free_norm=0.000178 + 0.0im
     | block_size = 26 
[TDSE] Runing TDSE-SH-linear (length gauge, dipole form). step 6800 energy = -0.49582666761881655, norm_value = 1.0 + 0.0im, bound_norm=0.999818, free_norm=0.000182 + 0.0im
     | block_size = 36 
[TDSE] Runing TDSE-SH-linear (length gauge, dipole form). step 7000 energy = -0.4959170777958084, norm_value = 1.0 + 0.0im, bound_norm=0.999845, free_norm=0.000155 + 0.0im
     | block_size = 46 
[TDSE] Runing TDSE-SH-linear (length gauge, dipole form). step 7200 energy = -0.49608604775769893, norm_value = 1.0 + 0.0im, bound_norm=0.999895, free_norm=0.000105 + 0.0im
     | block_size = 56 
[TDSE] Runing TDSE-SH-linear (length gauge, dipole form). step 7400 energy = -0.496273811623934, norm_value = 1.0 + 0.0im, bound_norm=0.999951, free_norm=4.9e-5 + 0.0im
     | block_size = 65 
[TDSE] Runing TDSE-SH-linear (length gauge, dipole form). step 7600 energy = -0.4964055537541507, norm_value = 1.0 + 0.0im, bound_norm=0.999992, free_norm=8.0e-6 + 0.0im
     | block_size = 70 
[TDSE] Runing TDSE-SH-linear (length gauge, dipole form). step 7800 energy = -0.49641571081841035, norm_value = 1.0 + 0.0im, bound_norm=0.999995, free_norm=5.0e-6 + 0.0im
     | block_size = 71 
[TDSE] Runing TDSE-SH-linear (length gauge, dipole form). step 8000 energy = -0.49627016909759925, norm_value = 1.0 + 0.0im, bound_norm=0.99995, free_norm=5.0e-5 + 0.0im
     | block_size = 65 
[TDSE] Runing TDSE-SH-linear (length gauge, dipole form). step 8200 energy = -0.4959811036284228, norm_value = 1.0 + 0.0im, bound_norm=0.999863, free_norm=0.000137 + 0.0im
     | block_size = 58 
[TDSE] Runing TDSE-SH-linear (length gauge, dipole form). step 8400 energy = -0.4956117583183813, norm_value = 1.0 + 0.0im, bound_norm=0.999756, free_norm=0.000244 + 0.0im
     | block_size = 57 
[TDSE] Runing TDSE-SH-linear (length gauge, dipole form). step 8600 energy = -0.4952662615300208, norm_value = 1.0 + 0.0im, bound_norm=0.99966, free_norm=0.00034 + 0.0im
     | block_size = 66 
[TDSE] Runing TDSE-SH-linear (length gauge, dipole form). step 8800 energy = -0.4950615529759664, norm_value = 1.0 + 0.0im, bound_norm=0.999604, free_norm=0.000396 + 0.0im
     | block_size = 73 
[TDSE] Runing TDSE-SH-linear (length gauge, dipole form). step 9000 energy = -0.4950800740803875, norm_value = 1.0 + 0.0im, bound_norm=0.999609, free_norm=0.000391 + 0.0im
     | block_size = 76 
[TDSE] Runing TDSE-SH-linear (length gauge, dipole form). step 9200 energy = -0.49532662658109256, norm_value = 1.0 + 0.0im, bound_norm=0.999676, free_norm=0.000324 + 0.0im
     | block_size = 86 
[TDSE] Runing TDSE-SH-linear (length gauge, dipole form). step 9400 energy = -0.4957170795724089, norm_value = 1.0 + 0.0im, bound_norm=0.999787, free_norm=0.000213 + 0.0im
     | block_size = 96 
[TDSE] Runing TDSE-SH-linear (length gauge, dipole form). step 9600 energy = -0.496114256552546, norm_value = 1.0 + 0.0im, bound_norm=0.999903, free_norm=9.7e-5 + 0.0im
     | block_size = 106 
[TDSE] Runing TDSE-SH-linear (length gauge, dipole form). step 9800 energy = -0.49637752927940093, norm_value = 1.0 + 0.0im, bound_norm=0.999984, free_norm=1.6e-5 + 0.0im
     | block_size = 114 
[TDSE] Runing TDSE-SH-linear (length gauge, dipole form). step 10000 energy = -0.4964036490892729, norm_value = 1.0 + 0.0im, bound_norm=0.999992, free_norm=8.0e-6 + 0.0im
     | block_size = 115 
[TDSE] Runing TDSE-SH-linear (length gauge, dipole form). step 10200 energy = -0.4961543125684067, norm_value = 1.0 + 0.0im, bound_norm=0.999915, free_norm=8.5e-5 + 0.0im
     | block_size = 110 
[TDSE] Runing TDSE-SH-linear (length gauge, dipole form). step 10400 energy = -0.4956691617315491, norm_value = 1.0 + 0.0im, bound_norm=0.999772, free_norm=0.000228 + 0.0im
     | block_size = 112 
[TDSE] Runing TDSE-SH-linear (length gauge, dipole form). step 10600 energy = -0.49506743451309915, norm_value = 1.0 + 0.0im, bound_norm=0.999605, free_norm=0.000395 + 0.0im
     | block_size = 122 
[TDSE] Runing TDSE-SH-linear (length gauge, dipole form). step 10800 energy = -0.49452801967327886, norm_value = 1.0 + 0.0im, bound_norm=0.999465, free_norm=0.000535 + 0.0im
     | block_size = 131 
[TDSE] Runing TDSE-SH-linear (length gauge, dipole form). step 11000 energy = -0.4942420608727974, norm_value = 1.0 + 0.0im, bound_norm=0.999395, free_norm=0.000605 + 0.0im
     | block_size = 128 
[TDSE] Runing TDSE-SH-linear (length gauge, dipole form). step 11200 energy = -0.49433083245728837, norm_value = 1.0 + 0.0im, bound_norm=0.999414, free_norm=0.000586 + 0.0im
     | block_size = 122 
[TDSE] Runing TDSE-SH-linear (length gauge, dipole form). step 11400 energy = -0.4947691059101973, norm_value = 1.0 + 0.0im, bound_norm=0.999523, free_norm=0.000477 + 0.0im
     | block_size = 128 
[TDSE] Runing TDSE-SH-linear (length gauge, dipole form). step 11600 energy = -0.49538907162217605, norm_value = 1.0 + 0.0im, bound_norm=0.999693, free_norm=0.000307 + 0.0im
     | block_size = 138 
[TDSE] Runing TDSE-SH-linear (length gauge, dipole form). step 11800 energy = -0.4959774326538348, norm_value = 1.0 + 0.0im, bound_norm=0.999862, free_norm=0.000138 + 0.0im
     | block_size = 148 
[TDSE] Runing TDSE-SH-linear (length gauge, dipole form). step 12000 energy = -0.4963523904954523, norm_value = 1.0 + 0.0im, bound_norm=0.999976, free_norm=2.4e-5 + 0.0im
     | block_size = 158 
[TDSE] Runing TDSE-SH-linear (length gauge, dipole form). step 12200 energy = -0.4963966548274772, norm_value = 1.0 + 0.0im, bound_norm=0.99999, free_norm=1.0e-5 + 0.0im
     | block_size = 160 
[TDSE] Runing TDSE-SH-linear (length gauge, dipole form). step 12400 energy = -0.49608556815033095, norm_value = 1.0 + 0.0im, bound_norm=0.999895, free_norm=0.000105 + 0.0im
     | block_size = 156 
[TDSE] Runing TDSE-SH-linear (length gauge, dipole form). step 12600 energy = -0.4954906863829274, norm_value = 1.0 + 0.0im, bound_norm=0.999721, free_norm=0.000279 + 0.0im
     | block_size = 165 
[TDSE] Runing TDSE-SH-linear (length gauge, dipole form). step 12800 energy = -0.49477508905085643, norm_value = 1.0 + 0.0im, bound_norm=0.999526, free_norm=0.000474 + 0.0im
     | block_size = 175 
[TDSE] Runing TDSE-SH-linear (length gauge, dipole form). step 13000 energy = -0.49416004586492607, norm_value = 1.0 + 0.0im, bound_norm=0.999374, free_norm=0.000626 + 0.0im
     | block_size = 185 
[TDSE] Runing TDSE-SH-linear (length gauge, dipole form). step 13200 energy = -0.4938725483160966, norm_value = 1.0 + 0.0im, bound_norm=0.999307, free_norm=0.000693 + 0.0im
     | block_size = 193 
[TDSE] Runing TDSE-SH-linear (length gauge, dipole form). step 13400 energy = -0.4940358300698365, norm_value = 1.0 + 0.0im, bound_norm=0.99934, free_norm=0.00066 + 0.0im
     | block_size = 196 
[TDSE] Runing TDSE-SH-linear (length gauge, dipole form). step 13600 energy = -0.49458349802214213, norm_value = 1.0 + 0.0im, bound_norm=0.999469, free_norm=0.000531 + 0.0im
     | block_size = 200 
[TDSE] Runing TDSE-SH-linear (length gauge, dipole form). step 13800 energy = -0.4952976242733431, norm_value = 1.0 + 0.0im, bound_norm=0.999665, free_norm=0.000335 + 0.0im
     | block_size = 200 
[TDSE] Runing TDSE-SH-linear (length gauge, dipole form). step 14000 energy = -0.4959425754674369, norm_value = 1.0 + 0.0im, bound_norm=0.99985, free_norm=0.00015 + 0.0im
     | block_size = 200 
[TDSE] Runing TDSE-SH-linear (length gauge, dipole form). step 14200 energy = -0.49634234808270977, norm_value = 1.0 + 0.0im, bound_norm=0.999971, free_norm=2.9e-5 + 0.0im
     | block_size = 200 
[TDSE] Runing TDSE-SH-linear (length gauge, dipole form). step 14400 energy = -0.49639622223095314, norm_value = 1.0 + 0.0im, bound_norm=0.999988, free_norm=1.2e-5 + 0.0im
     | block_size = 200 
[TDSE] Runing TDSE-SH-linear (length gauge, dipole form). step 14600 energy = -0.4961036922919025, norm_value = 1.0 + 0.0im, bound_norm=0.999898, free_norm=0.000102 + 0.0im
     | block_size = 200 
[TDSE] Runing TDSE-SH-linear (length gauge, dipole form). step 14800 energy = -0.49555690020477866, norm_value = 1.0 + 0.0im, bound_norm=0.999737, free_norm=0.000263 + 0.0im
     | block_size = 200 
[TDSE] Runing TDSE-SH-linear (length gauge, dipole form). step 15000 energy = -0.4949279150087038, norm_value = 1.0 + 0.0im, bound_norm=0.999565, free_norm=0.000435 + 0.0im
     | block_size = 200 
[TDSE] Runing TDSE-SH-linear (length gauge, dipole form). step 15200 energy = -0.4944210695935334, norm_value = 1.0 + 0.0im, bound_norm=0.999436, free_norm=0.000564 + 0.0im
     | block_size = 200 
[TDSE] Runing TDSE-SH-linear (length gauge, dipole form). step 15400 energy = -0.49422452519320303, norm_value = 1.0 + 0.0im, bound_norm=0.999387, free_norm=0.000613 + 0.0im
     | block_size = 200 
[TDSE] Runing TDSE-SH-linear (length gauge, dipole form). step 15600 energy = -0.4944120083387042, norm_value = 1.0 + 0.0im, bound_norm=0.999431, free_norm=0.000569 + 0.0im
     | block_size = 200 
[TDSE] Runing TDSE-SH-linear (length gauge, dipole form). step 15800 energy = -0.4949019928957012, norm_value = 1.0 + 0.0im, bound_norm=0.999553, free_norm=0.000447 + 0.0im
     | block_size = 200 
[TDSE] Runing TDSE-SH-linear (length gauge, dipole form). step 16000 energy = -0.4955044576896623, norm_value = 1.0 + 0.0im, bound_norm=0.999722, free_norm=0.000278 + 0.0im
     | block_size = 200 
[TDSE] Runing TDSE-SH-linear (length gauge, dipole form). step 16200 energy = -0.4960374327439503, norm_value = 1.0 + 0.0im, bound_norm=0.999876, free_norm=0.000124 + 0.0im
     | block_size = 200 
[TDSE] Runing TDSE-SH-linear (length gauge, dipole form). step 16400 energy = -0.49635726478981185, norm_value = 1.0 + 0.0im, bound_norm=0.999975, free_norm=2.5e-5 + 0.0im
     | block_size = 200 
[TDSE] Runing TDSE-SH-linear (length gauge, dipole form). step 16600 energy = -0.4964056731148486, norm_value = 1.0 + 0.0im, bound_norm=0.999989, free_norm=1.1e-5 + 0.0im
     | block_size = 200 
[TDSE] Runing TDSE-SH-linear (length gauge, dipole form). step 16800 energy = -0.4961993704924852, norm_value = 1.0 + 0.0im, bound_norm=0.999926, free_norm=7.4e-5 + 0.0im
     | block_size = 200 
[TDSE] Runing TDSE-SH-linear (length gauge, dipole form). step 17000 energy = -0.4958260801240819, norm_value = 1.0 + 0.0im, bound_norm=0.999814, free_norm=0.000186 + 0.0im
     | block_size = 200 
[TDSE] Runing TDSE-SH-linear (length gauge, dipole form). step 17200 energy = -0.49541889861778027, norm_value = 1.0 + 0.0im, bound_norm=0.999699, free_norm=0.000301 + 0.0im
     | block_size = 200 
[TDSE] Runing TDSE-SH-linear (length gauge, dipole form). step 17400 energy = -0.4951252369686881, norm_value = 1.0 + 0.0im, bound_norm=0.999616, free_norm=0.000384 + 0.0im
     | block_size = 200 
[TDSE] Runing TDSE-SH-linear (length gauge, dipole form). step 17600 energy = -0.49503971700747884, norm_value = 1.0 + 0.0im, bound_norm=0.999594, free_norm=0.000406 + 0.0im
     | block_size = 200 
[TDSE] Runing TDSE-SH-linear (length gauge, dipole form). step 17800 energy = -0.4951907788787269, norm_value = 1.0 + 0.0im, bound_norm=0.999633, free_norm=0.000367 + 0.0im
     | block_size = 200 
[TDSE] Runing TDSE-SH-linear (length gauge, dipole form). step 18000 energy = -0.49550553526001034, norm_value = 1.0 + 0.0im, bound_norm=0.999718, free_norm=0.000282 + 0.0im
     | block_size = 200 
[TDSE] Runing TDSE-SH-linear (length gauge, dipole form). step 18200 energy = -0.4958801586499792, norm_value = 1.0 + 0.0im, bound_norm=0.999828, free_norm=0.000172 + 0.0im
     | block_size = 200 
[TDSE] Runing TDSE-SH-linear (length gauge, dipole form). step 18400 energy = -0.49619887067777374, norm_value = 1.0 + 0.0im, bound_norm=0.999924, free_norm=7.6e-5 + 0.0im
     | block_size = 200 
[TDSE] Runing TDSE-SH-linear (length gauge, dipole form). step 18600 energy = -0.4963879449095299, norm_value = 1.0 + 0.0im, bound_norm=0.999982, free_norm=1.8e-5 + 0.0im
     | block_size = 200 
[TDSE] Runing TDSE-SH-linear (length gauge, dipole form). step 18800 energy = -0.49641864846966816, norm_value = 1.0 + 0.0im, bound_norm=0.999992, free_norm=8.0e-6 + 0.0im
     | block_size = 200 
[TDSE] Runing TDSE-SH-linear (length gauge, dipole form). step 19000 energy = -0.49631408511936814, norm_value = 1.0 + 0.0im, bound_norm=0.99996, free_norm=4.0e-5 + 0.0im
     | block_size = 200 
[TDSE] Runing TDSE-SH-linear (length gauge, dipole form). step 19200 energy = -0.49613496705939664, norm_value = 1.0 + 0.0im, bound_norm=0.999906, free_norm=9.4e-5 + 0.0im
     | block_size = 200 
[TDSE] Runing TDSE-SH-linear (length gauge, dipole form). step 19400 energy = -0.4959552787622461, norm_value = 1.0 + 0.0im, bound_norm=0.999852, free_norm=0.000148 + 0.0im
     | block_size = 200 
[TDSE] Runing TDSE-SH-linear (length gauge, dipole form). step 19600 energy = -0.4958378079941598, norm_value = 1.0 + 0.0im, bound_norm=0.999817, free_norm=0.000183 + 0.0im
     | block_size = 200 
[TDSE] Runing TDSE-SH-linear (length gauge, dipole form). step 19800 energy = -0.4958201072505355, norm_value = 1.0 + 0.0im, bound_norm=0.999813, free_norm=0.000187 + 0.0im
     | block_size = 200 
[TDSE] Runing TDSE-SH-linear (length gauge, dipole form). step 20000 energy = -0.49591030776143935, norm_value = 1.0 + 0.0im, bound_norm=0.999838, free_norm=0.000162 + 0.0im
     | block_size = 200 
[TDSE] Runing TDSE-SH-linear (length gauge, dipole form). step 20200 energy = -0.4960520942887893, norm_value = 1.0 + 0.0im, bound_norm=0.999881, free_norm=0.000119 + 0.0im
     | block_size = 200 
[TDSE] Runing TDSE-SH-linear (length gauge, dipole form). step 20400 energy = -0.49621328126505193, norm_value = 1.0 + 0.0im, bound_norm=0.999928, free_norm=7.2e-5 + 0.0im
     | block_size = 200 
[TDSE] Runing TDSE-SH-linear (length gauge, dipole form). step 20600 energy = -0.4963412969996458, norm_value = 1.0 + 0.0im, bound_norm=0.999967, free_norm=3.3e-5 + 0.0im
     | block_size = 200 
[TDSE] Runing TDSE-SH-linear (length gauge, dipole form). step 20800 energy = -0.49641422313672545, norm_value = 1.0 + 0.0im, bound_norm=0.99999, free_norm=1.0e-5 + 0.0im
     | block_size = 200 
[TDSE] Runing TDSE-SH-linear (length gauge, dipole form). step 21000 energy = -0.49642656929421713, norm_value = 1.0 + 0.0im, bound_norm=0.999994, free_norm=6.0e-6 + 0.0im
     | block_size = 200 
[TDSE] Runing TDSE-SH-linear (length gauge, dipole form). step 21200 energy = -0.4963942052077378, norm_value = 1.0 + 0.0im, bound_norm=0.999984, free_norm=1.6e-5 + 0.0im
     | block_size = 200 
[TDSE] Runing TDSE-SH-linear (length gauge, dipole form). step 21400 energy = -0.49634080292587407, norm_value = 1.0 + 0.0im, bound_norm=0.999968, free_norm=3.2e-5 + 0.0im
     | block_size = 200 
[TDSE] Runing TDSE-SH-linear (length gauge, dipole form). step 21600 energy = -0.49629588124806306, norm_value = 1.0 + 0.0im, bound_norm=0.999954, free_norm=4.6e-5 + 0.0im
     | block_size = 200 
[TDSE] Runing TDSE-SH-linear (length gauge, dipole form). step 21800 energy = -0.49627403270431736, norm_value = 1.0 + 0.0im, bound_norm=0.999947, free_norm=5.3e-5 + 0.0im
     | block_size = 200 
[TDSE] Runing TDSE-SH-linear (length gauge, dipole form). step 22000 energy = -0.4962780626167034, norm_value = 1.0 + 0.0im, bound_norm=0.999948, free_norm=5.2e-5 + 0.0im
     | block_size = 200 
[TDSE] Runing TDSE-SH-linear (length gauge, dipole form). step 22200 energy = -0.4963077375236131, norm_value = 1.0 + 0.0im, bound_norm=0.999956, free_norm=4.4e-5 + 0.0im
     | block_size = 200 
[TDSE] Runing TDSE-SH-linear (length gauge, dipole form). step 22400 energy = -0.4963475952586085, norm_value = 1.0 + 0.0im, bound_norm=0.999969, free_norm=3.1e-5 + 0.0im
     | block_size = 200 
[TDSE] Runing TDSE-SH-linear (length gauge, dipole form). step 22600 energy = -0.4963857927120081, norm_value = 1.0 + 0.0im, bound_norm=0.999981, free_norm=1.9e-5 + 0.0im
     | block_size = 200 
[TDSE] Runing TDSE-SH-linear (length gauge, dipole form). step 22800 energy = -0.4964140523691025, norm_value = 1.0 + 0.0im, bound_norm=0.99999, free_norm=1.0e-5 + 0.0im
     | block_size = 200 
[TDSE] Runing TDSE-SH-linear (length gauge, dipole form). step 23000 energy = -0.4964279103591451, norm_value = 1.0 + 0.0im, bound_norm=0.999994, free_norm=6.0e-6 + 0.0im
     | block_size = 200 
[TDSE] Runing TDSE-SH-linear (length gauge, dipole form). step 23200 energy = -0.49643028855118887, norm_value = 1.0 + 0.0im, bound_norm=0.999995, free_norm=5.0e-6 + 0.0im
     | block_size = 200 
[TDSE] Runing TDSE-SH-linear (length gauge, dipole form). step 23400 energy = -0.49642582060382817, norm_value = 1.0 + 0.0im, bound_norm=0.999994, free_norm=6.0e-6 + 0.0im
     | block_size = 200 
[TDSE] Runing TDSE-SH-linear (length gauge, dipole form). step 23600 energy = -0.4964201125282777, norm_value = 1.0 + 0.0im, bound_norm=0.999992, free_norm=8.0e-6 + 0.0im
     | block_size = 200 
[TDSE] Runing TDSE-SH-linear (length gauge, dipole form). step 23800 energy = -0.4964167840330975, norm_value = 1.0 + 0.0im, bound_norm=0.999991, free_norm=9.0e-6 + 0.0im
     | block_size = 200 
[TDSE] Runing TDSE-SH-linear (length gauge, dipole form). step 24000 energy = -0.49641687610045876, norm_value = 1.0 + 0.0im, bound_norm=0.999991, free_norm=9.0e-6 + 0.0im
     | block_size = 200 
[TDSE] Runing TDSE-SH-linear (length gauge, dipole form). step 24200 energy = -0.4964194211248141, norm_value = 1.0 + 0.0im, bound_norm=0.999992, free_norm=8.0e-6 + 0.0im
     | block_size = 200 
[TDSE] Runing TDSE-SH-linear (length gauge, dipole form). step 24400 energy = -0.4964228590861906, norm_value = 1.0 + 0.0im, bound_norm=0.999993, free_norm=7.0e-6 + 0.0im
     | block_size = 200 
[TDSE] Runing TDSE-SH-linear (length gauge, dipole form). step 24600 energy = -0.49642673032619766, norm_value = 1.0 + 0.0im, bound_norm=0.999994, free_norm=6.0e-6 + 0.0im
     | block_size = 200 
[TDSE] Runing TDSE-SH-linear (length gauge, dipole form). step 24800 energy = -0.4964290701565371, norm_value = 1.0 + 0.0im, bound_norm=0.999995, free_norm=5.0e-6 + 0.0im
     | block_size = 200 
[TDSE] Runing TDSE-SH-linear (length gauge, dipole form). step 25000 energy = -0.496430293647841, norm_value = 1.0 + 0.0im, bound_norm=0.999995, free_norm=5.0e-6 + 0.0im
     | block_size = 200 
[TDSE] Runing TDSE-SH-linear (length gauge, dipole form). step 25200 energy = -0.4964306979967547, norm_value = 1.0 + 0.0im, bound_norm=0.999995, free_norm=5.0e-6 + 0.0im
     | block_size = 200 
[TDSE] Runing TDSE-SH-linear (length gauge, dipole form). step 25400 energy = -0.49643075382745455, norm_value = 1.0 + 0.0im, bound_norm=0.999995, free_norm=5.0e-6 + 0.0im
     | block_size = 200 
[TDSE] Runing TDSE-SH-linear (length gauge, dipole form). step 25600 energy = -0.4964307155630562, norm_value = 1.0 + 0.0im, bound_norm=0.999995, free_norm=5.0e-6 + 0.0im
     | block_size = 200 
[TDSE] Runing TDSE-SH-linear (length gauge, dipole form). step 25800 energy = -0.496430725875129, norm_value = 1.0 + 0.0im, bound_norm=0.999995, free_norm=5.0e-6 + 0.0im
     | block_size = 200 
[TDSE] Runing TDSE-SH-linear (length gauge, dipole form). step 26000 energy = -0.4964307428093094, norm_value = 1.0 + 0.0im, bound_norm=0.999995, free_norm=5.0e-6 + 0.0im
     | block_size = 200 
[TDSE] Runing TDSE-SH-linear (length gauge, dipole form). step 26200 energy = -0.49643075128248293, norm_value = 1.0 + 0.0im, bound_norm=0.999995, free_norm=5.0e-6 + 0.0im
     | block_size = 200 
[TDSE] Runing TDSE-SH-linear (length gauge, dipole form). step 26400 energy = -0.49643075535871595, norm_value = 1.0 + 0.0im, bound_norm=0.999995, free_norm=5.0e-6 + 0.0im
     | block_size = 200 
Sample 2026_5_15_hg_massive_0.035_0.0_0.0285_6.0_short_range does not exist. Exceute a new sample.
[ITP]: 10000.496424741636
[ITP]: 3.468948764850932e-6
[ITP]: 2.0119768988635656e-6
[ITP]: 1.2363970314233086e-6
[ITP]: 7.802127368616851e-7
[ITP]: 5.004886823867238e-7
[ITP]: 3.247063635747338e-7
[ITP]: 2.1241854042397534e-7
[ITP]: 1.3984492786001113e-7
[ITP]: 9.25260389417204e-8
[ITP]: 6.146357944825098e-8
[ITP]: 4.0962812142275595e-8
[ITP]: 2.737382170936442e-8
[ITP]: 1.8334269435982264e-8
[ITP]: 1.2303307206362746e-8
[ITP]: 8.269649631742482e-9
[ITP]: 5.566198502116038e-9
[ITP]: 3.7510526906814334e-9
[ITP]: 2.530471499007092e-9
[ITP]: 1.7086173587088638e-9
[ITP]: 1.154605577813328e-9
[ITP]: 7.807770541212733e-10
[ITP]: 5.283077308959605e-10
[ITP]: 3.576713369923823e-10
[ITP]: 2.422650968725293e-10
[ITP]: 1.6416579207145787e-10
[ITP]: 1.1128536980820058e-10
[ITP]: 7.546496760824084e-11
[ITP]: 5.119060730862657e-11
[ITP]: 3.4733049769641866e-11
[ITP]: 2.3571977703085167e-11
[ITP]: 1.6002199565434694e-11
[ITP]: 1.086369882941085e-11
[ITP]: 7.378653243961253e-12
[ITP]: 5.010714065889488e-12
[ITP]: 3.4039993046519612e-12
[ITP]: 2.313038649504051e-12
[ITP]: 1.570410468332284e-12
[ITP]: 1.0681455719918631e-12
[ITP]: 7.265299473147024e-13
[ITP]: 4.919398222114069e-13
[ITP]: 3.346212196220222e-13
[ITP]: 2.2842838731662596e-13
[ITP]: 1.5498713423767185e-13
[ITP]: 1.0536016503692736e-13
[ITP]: 7.188694084447889e-14
[ITP]: 4.801714581503802e-14
[ITP]: 3.347322419244847e-14
[ITP]: 2.3148150063434514e-14
[ITP]: 1.4432899320127035e-14
[ITP]: 1.1102230246251565e-14
[ITP]: 7.16093850883226e-15
[ITP]: 4.440892098500626e-15
[ITP]: 2.6645352591003757e-15
[ITP]: 2.831068712794149e-15
[ITP]: 1.4988010832439613e-15
[ITP]: 6.661338147750939e-16
[ITP]: 7.771561172376096e-16
[ITP]: 5.551115123125783e-16
[ITP]: 2.220446049250313e-16
[ITP]: 4.440892098500626e-16
[ITP]: 6.106226635438361e-16
[ITP]: 7.216449660063518e-16
[ITP]: 4.440892098500626e-16
[ITP]: 4.440892098500626e-16
[ITP]: 3.3306690738754696e-16
[ITP]: 1.1102230246251565e-15
[ITP]: 1.1102230246251565e-16
[ITP]: 7.216449660063518e-16
[ITP]: 1.1102230246251565e-16
[ITP]: 8.326672684688674e-16
[ITP]: 7.216449660063518e-16
[ITP]: 2.7755575615628914e-16
[ITP]: 4.996003610813204e-16
[ITP]: 4.440892098500626e-16
[ITP]: 4.440892098500626e-16
[ITP]: 1.6653345369377348e-16
[ITP]: 4.996003610813204e-16
[ITP]: 1.1657341758564144e-15
[ITP]: 1.1102230246251565e-16
[ITP]: 0.0
[TDSE] Runing TDSE-SH-linear (length gauge, dipole form). step 0 energy = -0.4964336949924361, norm_value = 1.0 + 0.0im, bound_norm=1.0, free_norm=0.0 + 0.0im
     | block_size = 3 
[TDSE] Runing TDSE-SH-linear (length gauge, dipole form). step 200 energy = -0.49643369418342215, norm_value = 1.0 + 0.0im, bound_norm=1.0, free_norm=0.0 + 0.0im
     | block_size = 3 
[TDSE] Runing TDSE-SH-linear (length gauge, dipole form). step 400 energy = -0.49643368499359974, norm_value = 1.0 + 0.0im, bound_norm=1.0, free_norm=0.0 + 0.0im
     | block_size = 4 
[TDSE] Runing TDSE-SH-linear (length gauge, dipole form). step 600 energy = -0.49643366340673384, norm_value = 1.0 + 0.0im, bound_norm=1.0, free_norm=0.0 + 0.0im
     | block_size = 4 
[TDSE] Runing TDSE-SH-linear (length gauge, dipole form). step 800 energy = -0.4964336553898979, norm_value = 1.0 + 0.0im, bound_norm=1.0, free_norm=0.0 + 0.0im
     | block_size = 4 
[TDSE] Runing TDSE-SH-linear (length gauge, dipole form). step 1000 energy = -0.49643367961790563, norm_value = 1.0 + 0.0im, bound_norm=1.0, free_norm=0.0 + 0.0im
     | block_size = 4 
[TDSE] Runing TDSE-SH-linear (length gauge, dipole form). step 1200 energy = -0.4964336699846526, norm_value = 1.0 + 0.0im, bound_norm=1.0, free_norm=0.0 + 0.0im
     | block_size = 4 
[TDSE] Runing TDSE-SH-linear (length gauge, dipole form). step 1400 energy = -0.4964333464231187, norm_value = 1.0 + 0.0im, bound_norm=1.0, free_norm=0.0 + 0.0im
     | block_size = 4 
[TDSE] Runing TDSE-SH-linear (length gauge, dipole form). step 1600 energy = -0.49643223608171483, norm_value = 1.0 + 0.0im, bound_norm=1.0, free_norm=0.0 + 0.0im
     | block_size = 4 
[TDSE] Runing TDSE-SH-linear (length gauge, dipole form). step 1800 energy = -0.49642982119608414, norm_value = 1.0 + 0.0im, bound_norm=0.999999, free_norm=1.0e-6 + 0.0im
     | block_size = 5 
[TDSE] Runing TDSE-SH-linear (length gauge, dipole form). step 2000 energy = -0.4964260718718016, norm_value = 1.0 + 0.0im, bound_norm=0.999998, free_norm=2.0e-6 + 0.0im
     | block_size = 6 
[TDSE] Runing TDSE-SH-linear (length gauge, dipole form). step 2200 energy = -0.49642159080214115, norm_value = 1.0 + 0.0im, bound_norm=0.999996, free_norm=4.0e-6 + 0.0im
     | block_size = 8 
[TDSE] Runing TDSE-SH-linear (length gauge, dipole form). step 2400 energy = -0.4964179542232464, norm_value = 1.0 + 0.0im, bound_norm=0.999995, free_norm=5.0e-6 + 0.0im
     | block_size = 9 
[TDSE] Runing TDSE-SH-linear (length gauge, dipole form). step 2600 energy = -0.4964170749220062, norm_value = 1.0 + 0.0im, bound_norm=0.999995, free_norm=5.0e-6 + 0.0im
     | block_size = 11 
[TDSE] Runing TDSE-SH-linear (length gauge, dipole form). step 2800 energy = -0.49642005594705, norm_value = 1.0 + 0.0im, bound_norm=0.999996, free_norm=4.0e-6 + 0.0im
     | block_size = 13 
[TDSE] Runing TDSE-SH-linear (length gauge, dipole form). step 3000 energy = -0.49642629387281795, norm_value = 1.0 + 0.0im, bound_norm=0.999998, free_norm=2.0e-6 + 0.0im
     | block_size = 15 
[TDSE] Runing TDSE-SH-linear (length gauge, dipole form). step 3200 energy = -0.4964322540873086, norm_value = 1.0 + 0.0im, bound_norm=1.0, free_norm=0.0 + 0.0im
     | block_size = 16 
[TDSE] Runing TDSE-SH-linear (length gauge, dipole form). step 3400 energy = -0.4964322912101789, norm_value = 1.0 + 0.0im, bound_norm=1.0, free_norm=0.0 + 0.0im
     | block_size = 16 
[TDSE] Runing TDSE-SH-linear (length gauge, dipole form). step 3600 energy = -0.49642021384032287, norm_value = 1.0 + 0.0im, bound_norm=0.999996, free_norm=4.0e-6 + 0.0im
     | block_size = 15 
[TDSE] Runing TDSE-SH-linear (length gauge, dipole form). step 3800 energy = -0.49639245988491526, norm_value = 1.0 + 0.0im, bound_norm=0.999987, free_norm=1.3e-5 + 0.0im
     | block_size = 11 
[TDSE] Runing TDSE-SH-linear (length gauge, dipole form). step 4000 energy = -0.4963505690358519, norm_value = 1.0 + 0.0im, bound_norm=0.999974, free_norm=2.6e-5 + 0.0im
     | block_size = 8 
[TDSE] Runing TDSE-SH-linear (length gauge, dipole form). step 4200 energy = -0.4963031833623722, norm_value = 1.0 + 0.0im, bound_norm=0.99996, free_norm=4.0e-5 + 0.0im
     | block_size = 12 
[TDSE] Runing TDSE-SH-linear (length gauge, dipole form). step 4400 energy = -0.49626433147714527, norm_value = 1.0 + 0.0im, bound_norm=0.999948, free_norm=5.2e-5 + 0.0im
     | block_size = 21 
[TDSE] Runing TDSE-SH-linear (length gauge, dipole form). step 4600 energy = -0.49624877828548236, norm_value = 1.0 + 0.0im, bound_norm=0.999943, free_norm=5.7e-5 + 0.0im
     | block_size = 31 
[TDSE] Runing TDSE-SH-linear (length gauge, dipole form). step 4800 energy = -0.49626636506160615, norm_value = 1.0 + 0.0im, bound_norm=0.999949, free_norm=5.1e-5 + 0.0im
     | block_size = 39 
[TDSE] Runing TDSE-SH-linear (length gauge, dipole form). step 5000 energy = -0.4963143173460869, norm_value = 1.0 + 0.0im, bound_norm=0.999963, free_norm=3.7e-5 + 0.0im
     | block_size = 46 
[TDSE] Runing TDSE-SH-linear (length gauge, dipole form). step 5200 energy = -0.4963760092398179, norm_value = 1.0 + 0.0im, bound_norm=0.999982, free_norm=1.8e-5 + 0.0im
     | block_size = 52 
[TDSE] Runing TDSE-SH-linear (length gauge, dipole form). step 5400 energy = -0.4964233644104843, norm_value = 1.0 + 0.0im, bound_norm=0.999997, free_norm=3.0e-6 + 0.0im
     | block_size = 55 
[TDSE] Runing TDSE-SH-linear (length gauge, dipole form). step 5600 energy = -0.4964256997825737, norm_value = 1.0 + 0.0im, bound_norm=0.999998, free_norm=2.0e-6 + 0.0im
     | block_size = 56 
[TDSE] Runing TDSE-SH-linear (length gauge, dipole form). step 5800 energy = -0.49636114465600023, norm_value = 1.0 + 0.0im, bound_norm=0.999978, free_norm=2.2e-5 + 0.0im
     | block_size = 52 
[TDSE] Runing TDSE-SH-linear (length gauge, dipole form). step 6000 energy = -0.4962272232031568, norm_value = 1.0 + 0.0im, bound_norm=0.999937, free_norm=6.3e-5 + 0.0im
     | block_size = 45 
[TDSE] Runing TDSE-SH-linear (length gauge, dipole form). step 6200 energy = -0.4960468127167659, norm_value = 1.0 + 0.0im, bound_norm=0.999883, free_norm=0.000117 + 0.0im
     | block_size = 33 
[TDSE] Runing TDSE-SH-linear (length gauge, dipole form). step 6400 energy = -0.495866161162341, norm_value = 1.0 + 0.0im, bound_norm=0.999829, free_norm=0.000171 + 0.0im
     | block_size = 20 
[TDSE] Runing TDSE-SH-linear (length gauge, dipole form). step 6600 energy = -0.49574376076885335, norm_value = 1.0 + 0.0im, bound_norm=0.999794, free_norm=0.000206 + 0.0im
     | block_size = 28 
[TDSE] Runing TDSE-SH-linear (length gauge, dipole form). step 6800 energy = -0.49572730490207384, norm_value = 1.0 + 0.0im, bound_norm=0.999789, free_norm=0.000211 + 0.0im
     | block_size = 38 
[TDSE] Runing TDSE-SH-linear (length gauge, dipole form). step 7000 energy = -0.4958328429599126, norm_value = 1.0 + 0.0im, bound_norm=0.99982, free_norm=0.00018 + 0.0im
     | block_size = 48 
[TDSE] Runing TDSE-SH-linear (length gauge, dipole form). step 7200 energy = -0.49602977297966006, norm_value = 1.0 + 0.0im, bound_norm=0.999878, free_norm=0.000122 + 0.0im
     | block_size = 58 
[TDSE] Runing TDSE-SH-linear (length gauge, dipole form). step 7400 energy = -0.49624813249137006, norm_value = 1.0 + 0.0im, bound_norm=0.999944, free_norm=5.6e-5 + 0.0im
     | block_size = 68 
[TDSE] Runing TDSE-SH-linear (length gauge, dipole form). step 7600 energy = -0.4964010598384018, norm_value = 1.0 + 0.0im, bound_norm=0.999991, free_norm=9.0e-6 + 0.0im
     | block_size = 73 
[TDSE] Runing TDSE-SH-linear (length gauge, dipole form). step 7800 energy = -0.49641283953305493, norm_value = 1.0 + 0.0im, bound_norm=0.999994, free_norm=6.0e-6 + 0.0im
     | block_size = 74 
[TDSE] Runing TDSE-SH-linear (length gauge, dipole form). step 8000 energy = -0.49624393005633427, norm_value = 1.0 + 0.0im, bound_norm=0.999942, free_norm=5.8e-5 + 0.0im
     | block_size = 68 
[TDSE] Runing TDSE-SH-linear (length gauge, dipole form). step 8200 energy = -0.4959076385274574, norm_value = 1.0 + 0.0im, bound_norm=0.999842, free_norm=0.000158 + 0.0im
     | block_size = 60 
[TDSE] Runing TDSE-SH-linear (length gauge, dipole form). step 8400 energy = -0.49547625851602495, norm_value = 1.0 + 0.0im, bound_norm=0.999717, free_norm=0.000283 + 0.0im
     | block_size = 63 
[TDSE] Runing TDSE-SH-linear (length gauge, dipole form). step 8600 energy = -0.49507072714226913, norm_value = 1.0 + 0.0im, bound_norm=0.999606, free_norm=0.000394 + 0.0im
     | block_size = 69 
[TDSE] Runing TDSE-SH-linear (length gauge, dipole form). step 8800 energy = -0.4948291649481572, norm_value = 1.0 + 0.0im, bound_norm=0.999543, free_norm=0.000457 + 0.0im
     | block_size = 78 
[TDSE] Runing TDSE-SH-linear (length gauge, dipole form). step 9000 energy = -0.4948508414620625, norm_value = 1.0 + 0.0im, bound_norm=0.999548, free_norm=0.000452 + 0.0im
     | block_size = 88 
[TDSE] Runing TDSE-SH-linear (length gauge, dipole form). step 9200 energy = -0.4951415750587536, norm_value = 1.0 + 0.0im, bound_norm=0.999625, free_norm=0.000375 + 0.0im
     | block_size = 98 
[TDSE] Runing TDSE-SH-linear (length gauge, dipole form). step 9400 energy = -0.49559953642308335, norm_value = 1.0 + 0.0im, bound_norm=0.999753, free_norm=0.000247 + 0.0im
     | block_size = 108 
[TDSE] Runing TDSE-SH-linear (length gauge, dipole form). step 9600 energy = -0.4960626086535286, norm_value = 1.0 + 0.0im, bound_norm=0.999888, free_norm=0.000112 + 0.0im
     | block_size = 118 
[TDSE] Runing TDSE-SH-linear (length gauge, dipole form). step 9800 energy = -0.49636854346550663, norm_value = 1.0 + 0.0im, bound_norm=0.999981, free_norm=1.9e-5 + 0.0im
     | block_size = 127 
[TDSE] Runing TDSE-SH-linear (length gauge, dipole form). step 10000 energy = -0.4963988355021225, norm_value = 1.0 + 0.0im, bound_norm=0.999991, free_norm=9.0e-6 + 0.0im
     | block_size = 128 
[TDSE] Runing TDSE-SH-linear (length gauge, dipole form). step 10200 energy = -0.49610925443940795, norm_value = 1.0 + 0.0im, bound_norm=0.999902, free_norm=9.8e-5 + 0.0im
     | block_size = 123 
[TDSE] Runing TDSE-SH-linear (length gauge, dipole form). step 10400 energy = -0.4955435656874335, norm_value = 1.0 + 0.0im, bound_norm=0.999736, free_norm=0.000264 + 0.0im
     | block_size = 128 
[TDSE] Runing TDSE-SH-linear (length gauge, dipole form). step 10600 energy = -0.4948372458872767, norm_value = 1.0 + 0.0im, bound_norm=0.999543, free_norm=0.000457 + 0.0im
     | block_size = 138 
[TDSE] Runing TDSE-SH-linear (length gauge, dipole form). step 10800 energy = -0.494197579834008, norm_value = 1.0 + 0.0im, bound_norm=0.999384, free_norm=0.000616 + 0.0im
     | block_size = 145 
[TDSE] Runing TDSE-SH-linear (length gauge, dipole form). step 11000 energy = -0.49385414654074794, norm_value = 1.0 + 0.0im, bound_norm=0.999304, free_norm=0.000696 + 0.0im
     | block_size = 140 
[TDSE] Runing TDSE-SH-linear (length gauge, dipole form). step 11200 energy = -0.49395832438087545, norm_value = 1.0 + 0.0im, bound_norm=0.999323, free_norm=0.000677 + 0.0im
     | block_size = 134 
[TDSE] Runing TDSE-SH-linear (length gauge, dipole form). step 11400 energy = -0.4944815661010644, norm_value = 1.0 + 0.0im, bound_norm=0.999444, free_norm=0.000556 + 0.0im
     | block_size = 143 
[TDSE] Runing TDSE-SH-linear (length gauge, dipole form). step 11600 energy = -0.4952144586244268, norm_value = 1.0 + 0.0im, bound_norm=0.999642, free_norm=0.000358 + 0.0im
     | block_size = 153 
[TDSE] Runing TDSE-SH-linear (length gauge, dipole form). step 11800 energy = -0.49590096565323233, norm_value = 1.0 + 0.0im, bound_norm=0.999839, free_norm=0.000161 + 0.0im
     | block_size = 163 
[TDSE] Runing TDSE-SH-linear (length gauge, dipole form). step 12000 energy = -0.4963368803812782, norm_value = 1.0 + 0.0im, bound_norm=0.999969, free_norm=3.1e-5 + 0.0im
     | block_size = 173 
[TDSE] Runing TDSE-SH-linear (length gauge, dipole form). step 12200 energy = -0.4963883007900572, norm_value = 1.0 + 0.0im, bound_norm=0.999986, free_norm=1.4e-5 + 0.0im
     | block_size = 175 
[TDSE] Runing TDSE-SH-linear (length gauge, dipole form). step 12400 energy = -0.49602654365796417, norm_value = 1.0 + 0.0im, bound_norm=0.999876, free_norm=0.000124 + 0.0im
     | block_size = 173 
[TDSE] Runing TDSE-SH-linear (length gauge, dipole form). step 12600 energy = -0.4953332167253207, norm_value = 1.0 + 0.0im, bound_norm=0.999675, free_norm=0.000325 + 0.0im
     | block_size = 183 
[TDSE] Runing TDSE-SH-linear (length gauge, dipole form). step 12800 energy = -0.49449103875854566, norm_value = 1.0 + 0.0im, bound_norm=0.999451, free_norm=0.000549 + 0.0im
     | block_size = 193 
[TDSE] Runing TDSE-SH-linear (length gauge, dipole form). step 13000 energy = -0.4937560691211132, norm_value = 1.0 + 0.0im, bound_norm=0.999277, free_norm=0.000723 + 0.0im
     | block_size = 200 
[TDSE] Runing TDSE-SH-linear (length gauge, dipole form). step 13200 energy = -0.4934072352515334, norm_value = 1.0 + 0.0im, bound_norm=0.999202, free_norm=0.000798 + 0.0im
     | block_size = 200 
[TDSE] Runing TDSE-SH-linear (length gauge, dipole form). step 13400 energy = -0.493598905971477, norm_value = 1.0 + 0.0im, bound_norm=0.999236, free_norm=0.000764 + 0.0im
     | block_size = 200 
[TDSE] Runing TDSE-SH-linear (length gauge, dipole form). step 13600 energy = -0.49425593629705866, norm_value = 1.0 + 0.0im, bound_norm=0.999375, free_norm=0.000625 + 0.0im
     | block_size = 200 
[TDSE] Runing TDSE-SH-linear (length gauge, dipole form). step 13800 energy = -0.49510013090385563, norm_value = 1.0 + 0.0im, bound_norm=0.9996, free_norm=0.0004 + 0.0im
     | block_size = 200 
[TDSE] Runing TDSE-SH-linear (length gauge, dipole form). step 14000 energy = -0.49585130167675534, norm_value = 1.0 + 0.0im, bound_norm=0.999819, free_norm=0.000181 + 0.0im
     | block_size = 200 
[TDSE] Runing TDSE-SH-linear (length gauge, dipole form). step 14200 energy = -0.4963152245951073, norm_value = 1.0 + 0.0im, bound_norm=0.999956, free_norm=4.4e-5 + 0.0im
     | block_size = 200 
[TDSE] Runing TDSE-SH-linear (length gauge, dipole form). step 14400 energy = -0.4963777551264636, norm_value = 1.0 + 0.0im, bound_norm=0.999976, free_norm=2.4e-5 + 0.0im
     | block_size = 200 
[TDSE] Runing TDSE-SH-linear (length gauge, dipole form). step 14600 energy = -0.4960378159133346, norm_value = 1.0 + 0.0im, bound_norm=0.999873, free_norm=0.000127 + 0.0im
     | block_size = 200 
[TDSE] Runing TDSE-SH-linear (length gauge, dipole form). step 14800 energy = -0.4954031124696438, norm_value = 1.0 + 0.0im, bound_norm=0.999687, free_norm=0.000313 + 0.0im
     | block_size = 200 
[TDSE] Runing TDSE-SH-linear (length gauge, dipole form). step 15000 energy = -0.4946655243158566, norm_value = 1.0 + 0.0im, bound_norm=0.999488, free_norm=0.000512 + 0.0im
     | block_size = 200 
[TDSE] Runing TDSE-SH-linear (length gauge, dipole form). step 15200 energy = -0.49406249214624837, norm_value = 1.0 + 0.0im, bound_norm=0.999341, free_norm=0.000659 + 0.0im
     | block_size = 200 
[TDSE] Runing TDSE-SH-linear (length gauge, dipole form). step 15400 energy = -0.49382498364085603, norm_value = 1.0 + 0.0im, bound_norm=0.999286, free_norm=0.000714 + 0.0im
     | block_size = 200 
[TDSE] Runing TDSE-SH-linear (length gauge, dipole form). step 15600 energy = -0.4940492726585223, norm_value = 1.0 + 0.0im, bound_norm=0.999333, free_norm=0.000667 + 0.0im
     | block_size = 200 
[TDSE] Runing TDSE-SH-linear (length gauge, dipole form). step 15800 energy = -0.4946303615912421, norm_value = 1.0 + 0.0im, bound_norm=0.999468, free_norm=0.000532 + 0.0im
     | block_size = 200 
[TDSE] Runing TDSE-SH-linear (length gauge, dipole form). step 16000 energy = -0.49534185089615823, norm_value = 1.0 + 0.0im, bound_norm=0.999666, free_norm=0.000334 + 0.0im
     | block_size = 200 
[TDSE] Runing TDSE-SH-linear (length gauge, dipole form). step 16200 energy = -0.4959585955509253, norm_value = 1.0 + 0.0im, bound_norm=0.999845, free_norm=0.000155 + 0.0im
     | block_size = 200 
[TDSE] Runing TDSE-SH-linear (length gauge, dipole form). step 16400 energy = -0.49633034270460424, norm_value = 1.0 + 0.0im, bound_norm=0.999958, free_norm=4.2e-5 + 0.0im
     | block_size = 200 
[TDSE] Runing TDSE-SH-linear (length gauge, dipole form). step 16600 energy = -0.4963858472651956, norm_value = 1.0 + 0.0im, bound_norm=0.999975, free_norm=2.5e-5 + 0.0im
     | block_size = 200 
[TDSE] Runing TDSE-SH-linear (length gauge, dipole form). step 16800 energy = -0.4961477098671499, norm_value = 1.0 + 0.0im, bound_norm=0.999902, free_norm=9.8e-5 + 0.0im
     | block_size = 200 
[TDSE] Runing TDSE-SH-linear (length gauge, dipole form). step 17000 energy = -0.4957132479219074, norm_value = 1.0 + 0.0im, bound_norm=0.999773, free_norm=0.000227 + 0.0im
     | block_size = 200 
[TDSE] Runing TDSE-SH-linear (length gauge, dipole form). step 17200 energy = -0.49524248384533326, norm_value = 1.0 + 0.0im, bound_norm=0.99964, free_norm=0.00036 + 0.0im
     | block_size = 200 
[TDSE] Runing TDSE-SH-linear (length gauge, dipole form). step 17400 energy = -0.49489327726474835, norm_value = 1.0 + 0.0im, bound_norm=0.999547, free_norm=0.000453 + 0.0im
     | block_size = 200 
[TDSE] Runing TDSE-SH-linear (length gauge, dipole form). step 17600 energy = -0.49479651217123494, norm_value = 1.0 + 0.0im, bound_norm=0.999516, free_norm=0.000484 + 0.0im
     | block_size = 200 
[TDSE] Runing TDSE-SH-linear (length gauge, dipole form). step 17800 energy = -0.4949670314403193, norm_value = 1.0 + 0.0im, bound_norm=0.999569, free_norm=0.000431 + 0.0im
     | block_size = 200 
[TDSE] Runing TDSE-SH-linear (length gauge, dipole form). step 18000 energy = -0.4953516511142394, norm_value = 1.0 + 0.0im, bound_norm=0.999671, free_norm=0.000329 + 0.0im
     | block_size = 200 
[TDSE] Runing TDSE-SH-linear (length gauge, dipole form). step 18200 energy = -0.4957781757091347, norm_value = 1.0 + 0.0im, bound_norm=0.999792, free_norm=0.000208 + 0.0im
     | block_size = 200 
[TDSE] Runing TDSE-SH-linear (length gauge, dipole form). step 18400 energy = -0.4961557549362275, norm_value = 1.0 + 0.0im, bound_norm=0.999901, free_norm=9.9e-5 + 0.0im
     | block_size = 200 
[TDSE] Runing TDSE-SH-linear (length gauge, dipole form). step 18600 energy = -0.49636843939175435, norm_value = 1.0 + 0.0im, bound_norm=0.999968, free_norm=3.2e-5 + 0.0im
     | block_size = 200 
[TDSE] Runing TDSE-SH-linear (length gauge, dipole form). step 18800 energy = -0.4964052255885847, norm_value = 1.0 + 0.0im, bound_norm=0.999979, free_norm=2.1e-5 + 0.0im
     | block_size = 200 
[TDSE] Runing TDSE-SH-linear (length gauge, dipole form). step 19000 energy = -0.4962850077359179, norm_value = 1.0 + 0.0im, bound_norm=0.999942, free_norm=5.8e-5 + 0.0im
     | block_size = 200 
[TDSE] Runing TDSE-SH-linear (length gauge, dipole form). step 19200 energy = -0.49608039562720097, norm_value = 1.0 + 0.0im, bound_norm=0.99988, free_norm=0.00012 + 0.0im
     | block_size = 200 
[TDSE] Runing TDSE-SH-linear (length gauge, dipole form). step 19400 energy = -0.4958641643842057, norm_value = 1.0 + 0.0im, bound_norm=0.999813, free_norm=0.000187 + 0.0im
     | block_size = 200 
[TDSE] Runing TDSE-SH-linear (length gauge, dipole form). step 19600 energy = -0.4957290554140708, norm_value = 1.0 + 0.0im, bound_norm=0.999773, free_norm=0.000227 + 0.0im
     | block_size = 200 
[TDSE] Runing TDSE-SH-linear (length gauge, dipole form). step 19800 energy = -0.4957162818854288, norm_value = 1.0 + 0.0im, bound_norm=0.999775, free_norm=0.000225 + 0.0im
     | block_size = 200 
[TDSE] Runing TDSE-SH-linear (length gauge, dipole form). step 20000 energy = -0.49581568162775913, norm_value = 1.0 + 0.0im, bound_norm=0.999803, free_norm=0.000197 + 0.0im
     | block_size = 200 
[TDSE] Runing TDSE-SH-linear (length gauge, dipole form). step 20200 energy = -0.4959842117592329, norm_value = 1.0 + 0.0im, bound_norm=0.999851, free_norm=0.000149 + 0.0im
     | block_size = 200 
[TDSE] Runing TDSE-SH-linear (length gauge, dipole form). step 20400 energy = -0.49617122836813005, norm_value = 1.0 + 0.0im, bound_norm=0.999904, free_norm=9.6e-5 + 0.0im
     | block_size = 200 
[TDSE] Runing TDSE-SH-linear (length gauge, dipole form). step 20600 energy = -0.4963157378133045, norm_value = 1.0 + 0.0im, bound_norm=0.99995, free_norm=5.0e-5 + 0.0im
     | block_size = 200 
[TDSE] Runing TDSE-SH-linear (length gauge, dipole form). step 20800 energy = -0.49640279160173256, norm_value = 1.0 + 0.0im, bound_norm=0.999976, free_norm=2.4e-5 + 0.0im
     | block_size = 200 
[TDSE] Runing TDSE-SH-linear (length gauge, dipole form). step 21000 energy = -0.4964164790750978, norm_value = 1.0 + 0.0im, bound_norm=0.999981, free_norm=1.9e-5 + 0.0im
     | block_size = 200 
[TDSE] Runing TDSE-SH-linear (length gauge, dipole form). step 21200 energy = -0.4963784705775578, norm_value = 1.0 + 0.0im, bound_norm=0.999968, free_norm=3.2e-5 + 0.0im
     | block_size = 200 
[TDSE] Runing TDSE-SH-linear (length gauge, dipole form). step 21400 energy = -0.4963153528262933, norm_value = 1.0 + 0.0im, bound_norm=0.99995, free_norm=5.0e-5 + 0.0im
     | block_size = 200 
[TDSE] Runing TDSE-SH-linear (length gauge, dipole form). step 21600 energy = -0.49626879752502384, norm_value = 1.0 + 0.0im, bound_norm=0.999934, free_norm=6.6e-5 + 0.0im
     | block_size = 200 
[TDSE] Runing TDSE-SH-linear (length gauge, dipole form). step 21800 energy = -0.4962376690809156, norm_value = 1.0 + 0.0im, bound_norm=0.999927, free_norm=7.3e-5 + 0.0im
     | block_size = 200 
[TDSE] Runing TDSE-SH-linear (length gauge, dipole form). step 22000 energy = -0.49624747453818696, norm_value = 1.0 + 0.0im, bound_norm=0.999927, free_norm=7.3e-5 + 0.0im
     | block_size = 200 
[TDSE] Runing TDSE-SH-linear (length gauge, dipole form). step 22200 energy = -0.4962796196519939, norm_value = 1.0 + 0.0im, bound_norm=0.999936, free_norm=6.4e-5 + 0.0im
     | block_size = 200 
[TDSE] Runing TDSE-SH-linear (length gauge, dipole form). step 22400 energy = -0.49632516655581066, norm_value = 1.0 + 0.0im, bound_norm=0.999952, free_norm=4.8e-5 + 0.0im
     | block_size = 200 
[TDSE] Runing TDSE-SH-linear (length gauge, dipole form). step 22600 energy = -0.49637075477138315, norm_value = 1.0 + 0.0im, bound_norm=0.999965, free_norm=3.5e-5 + 0.0im
     | block_size = 200 
[TDSE] Runing TDSE-SH-linear (length gauge, dipole form). step 22800 energy = -0.4964030881602626, norm_value = 1.0 + 0.0im, bound_norm=0.999976, free_norm=2.4e-5 + 0.0im
     | block_size = 200 
[TDSE] Runing TDSE-SH-linear (length gauge, dipole form). step 23000 energy = -0.4964193239897225, norm_value = 1.0 + 0.0im, bound_norm=0.999981, free_norm=1.9e-5 + 0.0im
     | block_size = 200 
[TDSE] Runing TDSE-SH-linear (length gauge, dipole form). step 23200 energy = -0.49642213812956304, norm_value = 1.0 + 0.0im, bound_norm=0.999982, free_norm=1.8e-5 + 0.0im
     | block_size = 200 
[TDSE] Runing TDSE-SH-linear (length gauge, dipole form). step 23400 energy = -0.49641692887659455, norm_value = 1.0 + 0.0im, bound_norm=0.99998, free_norm=2.0e-5 + 0.0im
     | block_size = 200 
[TDSE] Runing TDSE-SH-linear (length gauge, dipole form). step 23600 energy = -0.4964098494835159, norm_value = 1.0 + 0.0im, bound_norm=0.999978, free_norm=2.2e-5 + 0.0im
     | block_size = 200 
[TDSE] Runing TDSE-SH-linear (length gauge, dipole form). step 23800 energy = -0.49640698558070623, norm_value = 1.0 + 0.0im, bound_norm=0.999977, free_norm=2.3e-5 + 0.0im
     | block_size = 200 
[TDSE] Runing TDSE-SH-linear (length gauge, dipole form). step 24000 energy = -0.4964065329730299, norm_value = 1.0 + 0.0im, bound_norm=0.999977, free_norm=2.3e-5 + 0.0im
     | block_size = 200 
[TDSE] Runing TDSE-SH-linear (length gauge, dipole form). step 24200 energy = -0.4964095339233069, norm_value = 1.0 + 0.0im, bound_norm=0.999978, free_norm=2.2e-5 + 0.0im
     | block_size = 200 
[TDSE] Runing TDSE-SH-linear (length gauge, dipole form). step 24400 energy = -0.4964136557179041, norm_value = 1.0 + 0.0im, bound_norm=0.999979, free_norm=2.1e-5 + 0.0im
     | block_size = 200 
[TDSE] Runing TDSE-SH-linear (length gauge, dipole form). step 24600 energy = -0.4964177077257005, norm_value = 1.0 + 0.0im, bound_norm=0.999981, free_norm=1.9e-5 + 0.0im
     | block_size = 200 
[TDSE] Runing TDSE-SH-linear (length gauge, dipole form). step 24800 energy = -0.49642108060890366, norm_value = 1.0 + 0.0im, bound_norm=0.999982, free_norm=1.8e-5 + 0.0im
     | block_size = 200 
[TDSE] Runing TDSE-SH-linear (length gauge, dipole form). step 25000 energy = -0.49642214803113505, norm_value = 1.0 + 0.0im, bound_norm=0.999982, free_norm=1.8e-5 + 0.0im
     | block_size = 200 
[TDSE] Runing TDSE-SH-linear (length gauge, dipole form). step 25200 energy = -0.4964226463649916, norm_value = 1.0 + 0.0im, bound_norm=0.999982, free_norm=1.8e-5 + 0.0im
     | block_size = 200 
[TDSE] Runing TDSE-SH-linear (length gauge, dipole form). step 25400 energy = -0.496422712206208, norm_value = 1.0 + 0.0im, bound_norm=0.999982, free_norm=1.8e-5 + 0.0im
     | block_size = 200 
[TDSE] Runing TDSE-SH-linear (length gauge, dipole form). step 25600 energy = -0.4964227058471719, norm_value = 1.0 + 0.0im, bound_norm=0.999982, free_norm=1.8e-5 + 0.0im
     | block_size = 200 
[TDSE] Runing TDSE-SH-linear (length gauge, dipole form). step 25800 energy = -0.49642267286950287, norm_value = 1.0 + 0.0im, bound_norm=0.999982, free_norm=1.8e-5 + 0.0im
     | block_size = 200 
[TDSE] Runing TDSE-SH-linear (length gauge, dipole form). step 26000 energy = -0.4964227190644248, norm_value = 1.0 + 0.0im, bound_norm=0.999982, free_norm=1.8e-5 + 0.0im
     | block_size = 200 
[TDSE] Runing TDSE-SH-linear (length gauge, dipole form). step 26200 energy = -0.4964227235775114, norm_value = 1.0 + 0.0im, bound_norm=0.999982, free_norm=1.8e-5 + 0.0im
     | block_size = 200 
[TDSE] Runing TDSE-SH-linear (length gauge, dipole form). step 26400 energy = -0.4964227282648262, norm_value = 1.0 + 0.0im, bound_norm=0.999982, free_norm=1.8e-5 + 0.0im
     | block_size = 200 
Sample 2026_5_15_hg_massive_0.0375_0.0_0.0285_6.0_short_range does not exist. Exceute a new sample.
[ITP]: 10000.496424741636
[ITP]: 3.468948764850932e-6
[ITP]: 2.0119768988635656e-6
[ITP]: 1.2363970314233086e-6
[ITP]: 7.802127368616851e-7
[ITP]: 5.004886823867238e-7
[ITP]: 3.247063635747338e-7
[ITP]: 2.1241854042397534e-7
[ITP]: 1.3984492786001113e-7
[ITP]: 9.25260389417204e-8
[ITP]: 6.146357944825098e-8
[ITP]: 4.0962812142275595e-8
[ITP]: 2.737382170936442e-8
[ITP]: 1.8334269435982264e-8
[ITP]: 1.2303307206362746e-8
[ITP]: 8.269649631742482e-9
[ITP]: 5.566198502116038e-9
[ITP]: 3.7510526906814334e-9
[ITP]: 2.530471499007092e-9
[ITP]: 1.7086173587088638e-9
[ITP]: 1.154605577813328e-9
[ITP]: 7.807770541212733e-10
[ITP]: 5.283077308959605e-10
[ITP]: 3.576713369923823e-10
[ITP]: 2.422650968725293e-10
[ITP]: 1.6416579207145787e-10
[ITP]: 1.1128536980820058e-10
[ITP]: 7.546496760824084e-11
[ITP]: 5.119060730862657e-11
[ITP]: 3.4733049769641866e-11
[ITP]: 2.3571977703085167e-11
[ITP]: 1.6002199565434694e-11
[ITP]: 1.086369882941085e-11
[ITP]: 7.378653243961253e-12
[ITP]: 5.010714065889488e-12
[ITP]: 3.4039993046519612e-12
[ITP]: 2.313038649504051e-12
[ITP]: 1.570410468332284e-12
[ITP]: 1.0681455719918631e-12
[ITP]: 7.265299473147024e-13
[ITP]: 4.919398222114069e-13
[ITP]: 3.346212196220222e-13
[ITP]: 2.2842838731662596e-13
[ITP]: 1.5498713423767185e-13
[ITP]: 1.0536016503692736e-13
[ITP]: 7.188694084447889e-14
[ITP]: 4.801714581503802e-14
[ITP]: 3.347322419244847e-14
[ITP]: 2.3148150063434514e-14
[ITP]: 1.4432899320127035e-14
[ITP]: 1.1102230246251565e-14
[ITP]: 7.16093850883226e-15
[ITP]: 4.440892098500626e-15
[ITP]: 2.6645352591003757e-15
[ITP]: 2.831068712794149e-15
[ITP]: 1.4988010832439613e-15
[ITP]: 6.661338147750939e-16
[ITP]: 7.771561172376096e-16
[ITP]: 5.551115123125783e-16
[ITP]: 2.220446049250313e-16
[ITP]: 4.440892098500626e-16
[ITP]: 6.106226635438361e-16
[ITP]: 7.216449660063518e-16
[ITP]: 4.440892098500626e-16
[ITP]: 4.440892098500626e-16
[ITP]: 3.3306690738754696e-16
[ITP]: 1.1102230246251565e-15
[ITP]: 1.1102230246251565e-16
[ITP]: 7.216449660063518e-16
[ITP]: 1.1102230246251565e-16
[ITP]: 8.326672684688674e-16
[ITP]: 7.216449660063518e-16
[ITP]: 2.7755575615628914e-16
[ITP]: 4.996003610813204e-16
[ITP]: 4.440892098500626e-16
[ITP]: 4.440892098500626e-16
[ITP]: 1.6653345369377348e-16
[ITP]: 4.996003610813204e-16
[ITP]: 1.1657341758564144e-15
[ITP]: 1.1102230246251565e-16
[ITP]: 0.0
[TDSE] Runing TDSE-SH-linear (length gauge, dipole form). step 0 energy = -0.4964336949924361, norm_value = 1.0 + 0.0im, bound_norm=1.0, free_norm=0.0 + 0.0im
     | block_size = 3 
[TDSE] Runing TDSE-SH-linear (length gauge, dipole form). step 200 energy = -0.49643369406372045, norm_value = 1.0 + 0.0im, bound_norm=1.0, free_norm=0.0 + 0.0im
     | block_size = 3 
[TDSE] Runing TDSE-SH-linear (length gauge, dipole form). step 400 energy = -0.49643368351418227, norm_value = 1.0 + 0.0im, bound_norm=1.0, free_norm=0.0 + 0.0im
     | block_size = 4 
[TDSE] Runing TDSE-SH-linear (length gauge, dipole form). step 600 energy = -0.49643365873333556, norm_value = 1.0 + 0.0im, bound_norm=1.0, free_norm=0.0 + 0.0im
     | block_size = 4 
[TDSE] Runing TDSE-SH-linear (length gauge, dipole form). step 800 energy = -0.4964336495303279, norm_value = 1.0 + 0.0im, bound_norm=1.0, free_norm=0.0 + 0.0im
     | block_size = 4 
[TDSE] Runing TDSE-SH-linear (length gauge, dipole form). step 1000 energy = -0.49643367734311905, norm_value = 1.0 + 0.0im, bound_norm=1.0, free_norm=0.0 + 0.0im
     | block_size = 4 
[TDSE] Runing TDSE-SH-linear (length gauge, dipole form). step 1200 energy = -0.49643366628454, norm_value = 1.0 + 0.0im, bound_norm=1.0, free_norm=0.0 + 0.0im
     | block_size = 4 
[TDSE] Runing TDSE-SH-linear (length gauge, dipole form). step 1400 energy = -0.4964332948488071, norm_value = 1.0 + 0.0im, bound_norm=1.0, free_norm=0.0 + 0.0im
     | block_size = 4 
[TDSE] Runing TDSE-SH-linear (length gauge, dipole form). step 1600 energy = -0.4964320202133761, norm_value = 1.0 + 0.0im, bound_norm=0.999999, free_norm=1.0e-6 + 0.0im
     | block_size = 4 
[TDSE] Runing TDSE-SH-linear (length gauge, dipole form). step 1800 energy = -0.4964292479622488, norm_value = 1.0 + 0.0im, bound_norm=0.999999, free_norm=1.0e-6 + 0.0im
     | block_size = 5 
[TDSE] Runing TDSE-SH-linear (length gauge, dipole form). step 2000 energy = -0.49642494365115963, norm_value = 1.0 + 0.0im, bound_norm=0.999997, free_norm=3.0e-6 + 0.0im
     | block_size = 6 
[TDSE] Runing TDSE-SH-linear (length gauge, dipole form). step 2200 energy = -0.4964197990770444, norm_value = 1.0 + 0.0im, bound_norm=0.999996, free_norm=4.0e-6 + 0.0im
     | block_size = 8 
[TDSE] Runing TDSE-SH-linear (length gauge, dipole form). step 2400 energy = -0.49641562387861105, norm_value = 1.0 + 0.0im, bound_norm=0.999994, free_norm=6.0e-6 + 0.0im
     | block_size = 10 
[TDSE] Runing TDSE-SH-linear (length gauge, dipole form). step 2600 energy = -0.49641461412326193, norm_value = 1.0 + 0.0im, bound_norm=0.999994, free_norm=6.0e-6 + 0.0im
     | block_size = 12 
[TDSE] Runing TDSE-SH-linear (length gauge, dipole form). step 2800 energy = -0.496418037166293, norm_value = 1.0 + 0.0im, bound_norm=0.999995, free_norm=5.0e-6 + 0.0im
     | block_size = 14 
[TDSE] Runing TDSE-SH-linear (length gauge, dipole form). step 3000 energy = -0.496425198205323, norm_value = 1.0 + 0.0im, bound_norm=0.999997, free_norm=3.0e-6 + 0.0im
     | block_size = 16 
[TDSE] Runing TDSE-SH-linear (length gauge, dipole form). step 3200 energy = -0.49643204093255944, norm_value = 1.0 + 0.0im, bound_norm=1.0, free_norm=0.0 + 0.0im
     | block_size = 17 
[TDSE] Runing TDSE-SH-linear (length gauge, dipole form). step 3400 energy = -0.4964320833020895, norm_value = 1.0 + 0.0im, bound_norm=1.0, free_norm=0.0 + 0.0im
     | block_size = 17 
[TDSE] Runing TDSE-SH-linear (length gauge, dipole form). step 3600 energy = -0.4964182188305479, norm_value = 1.0 + 0.0im, bound_norm=0.999995, free_norm=5.0e-6 + 0.0im
     | block_size = 15 
[TDSE] Runing TDSE-SH-linear (length gauge, dipole form). step 3800 energy = -0.49638635065627157, norm_value = 1.0 + 0.0im, bound_norm=0.999985, free_norm=1.5e-5 + 0.0im
     | block_size = 12 
[TDSE] Runing TDSE-SH-linear (length gauge, dipole form). step 4000 energy = -0.4963382332072418, norm_value = 1.0 + 0.0im, bound_norm=0.999971, free_norm=2.9e-5 + 0.0im
     | block_size = 8 
[TDSE] Runing TDSE-SH-linear (length gauge, dipole form). step 4200 energy = -0.49628377971886845, norm_value = 1.0 + 0.0im, bound_norm=0.999954, free_norm=4.6e-5 + 0.0im
     | block_size = 13 
[TDSE] Runing TDSE-SH-linear (length gauge, dipole form). step 4400 energy = -0.49623910936113336, norm_value = 1.0 + 0.0im, bound_norm=0.99994, free_norm=6.0e-5 + 0.0im
     | block_size = 23 
[TDSE] Runing TDSE-SH-linear (length gauge, dipole form). step 4600 energy = -0.496221225439454, norm_value = 1.0 + 0.0im, bound_norm=0.999935, free_norm=6.5e-5 + 0.0im
     | block_size = 33 
[TDSE] Runing TDSE-SH-linear (length gauge, dipole form). step 4800 energy = -0.4962414445189169, norm_value = 1.0 + 0.0im, bound_norm=0.999941, free_norm=5.9e-5 + 0.0im
     | block_size = 43 
[TDSE] Runing TDSE-SH-linear (length gauge, dipole form). step 5000 energy = -0.49629657638367114, norm_value = 1.0 + 0.0im, bound_norm=0.999958, free_norm=4.2e-5 + 0.0im
     | block_size = 51 
[TDSE] Runing TDSE-SH-linear (length gauge, dipole form). step 5200 energy = -0.49636745795269893, norm_value = 1.0 + 0.0im, bound_norm=0.99998, free_norm=2.0e-5 + 0.0im
     | block_size = 57 
[TDSE] Runing TDSE-SH-linear (length gauge, dipole form). step 5400 energy = -0.4964218355421227, norm_value = 1.0 + 0.0im, bound_norm=0.999997, free_norm=3.0e-6 + 0.0im
     | block_size = 61 
[TDSE] Runing TDSE-SH-linear (length gauge, dipole form). step 5600 energy = -0.4964245156984399, norm_value = 1.0 + 0.0im, bound_norm=0.999997, free_norm=3.0e-6 + 0.0im
     | block_size = 61 
[TDSE] Runing TDSE-SH-linear (length gauge, dipole form). step 5800 energy = -0.496350392419865, norm_value = 1.0 + 0.0im, bound_norm=0.999975, free_norm=2.5e-5 + 0.0im
     | block_size = 57 
[TDSE] Runing TDSE-SH-linear (length gauge, dipole form). step 6000 energy = -0.49619645936560725, norm_value = 1.0 + 0.0im, bound_norm=0.999928, free_norm=7.2e-5 + 0.0im
     | block_size = 49 
[TDSE] Runing TDSE-SH-linear (length gauge, dipole form). step 6200 energy = -0.4959887438718202, norm_value = 1.0 + 0.0im, bound_norm=0.999865, free_norm=0.000135 + 0.0im
     | block_size = 36 
[TDSE] Runing TDSE-SH-linear (length gauge, dipole form). step 6400 energy = -0.495780350465903, norm_value = 1.0 + 0.0im, bound_norm=0.999804, free_norm=0.000196 + 0.0im
     | block_size = 22 
[TDSE] Runing TDSE-SH-linear (length gauge, dipole form). step 6600 energy = -0.49563884984872836, norm_value = 1.0 + 0.0im, bound_norm=0.999764, free_norm=0.000236 + 0.0im
     | block_size = 31 
[TDSE] Runing TDSE-SH-linear (length gauge, dipole form). step 6800 energy = -0.4956198031155958, norm_value = 1.0 + 0.0im, bound_norm=0.999759, free_norm=0.000241 + 0.0im
     | block_size = 41 
[TDSE] Runing TDSE-SH-linear (length gauge, dipole form). step 7000 energy = -0.4957418196550957, norm_value = 1.0 + 0.0im, bound_norm=0.999794, free_norm=0.000206 + 0.0im
     | block_size = 51 
[TDSE] Runing TDSE-SH-linear (length gauge, dipole form). step 7200 energy = -0.4959691003078359, norm_value = 1.0 + 0.0im, bound_norm=0.99986, free_norm=0.00014 + 0.0im
     | block_size = 61 
[TDSE] Runing TDSE-SH-linear (length gauge, dipole form). step 7400 energy = -0.49622050853550537, norm_value = 1.0 + 0.0im, bound_norm=0.999935, free_norm=6.5e-5 + 0.0im
     | block_size = 71 
[TDSE] Runing TDSE-SH-linear (length gauge, dipole form). step 7600 energy = -0.49639623443854564, norm_value = 1.0 + 0.0im, bound_norm=0.999989, free_norm=1.1e-5 + 0.0im
     | block_size = 77 
[TDSE] Runing TDSE-SH-linear (length gauge, dipole form). step 7800 energy = -0.49640975705537155, norm_value = 1.0 + 0.0im, bound_norm=0.999993, free_norm=7.0e-6 + 0.0im
     | block_size = 78 
[TDSE] Runing TDSE-SH-linear (length gauge, dipole form). step 8000 energy = -0.49621571139215515, norm_value = 1.0 + 0.0im, bound_norm=0.999934, free_norm=6.6e-5 + 0.0im
     | block_size = 71 
[TDSE] Runing TDSE-SH-linear (length gauge, dipole form). step 8200 energy = -0.4958283677085411, norm_value = 1.0 + 0.0im, bound_norm=0.999818, free_norm=0.000182 + 0.0im
     | block_size = 67 
[TDSE] Runing TDSE-SH-linear (length gauge, dipole form). step 8400 energy = -0.4953293594578353, norm_value = 1.0 + 0.0im, bound_norm=0.999676, free_norm=0.000324 + 0.0im
     | block_size = 69 
[TDSE] Runing TDSE-SH-linear (length gauge, dipole form). step 8600 energy = -0.49485761343356044, norm_value = 1.0 + 0.0im, bound_norm=0.99955, free_norm=0.00045 + 0.0im
     | block_size = 79 
[TDSE] Runing TDSE-SH-linear (length gauge, dipole form). step 8800 energy = -0.49457481959512706, norm_value = 1.0 + 0.0im, bound_norm=0.999477, free_norm=0.000523 + 0.0im
     | block_size = 89 
[TDSE] Runing TDSE-SH-linear (length gauge, dipole form). step 9000 energy = -0.4945997855436766, norm_value = 1.0 + 0.0im, bound_norm=0.999483, free_norm=0.000517 + 0.0im
     | block_size = 99 
[TDSE] Runing TDSE-SH-linear (length gauge, dipole form). step 9200 energy = -0.49493985604119733, norm_value = 1.0 + 0.0im, bound_norm=0.99957, free_norm=0.00043 + 0.0im
     | block_size = 109 
[TDSE] Runing TDSE-SH-linear (length gauge, dipole form). step 9400 energy = -0.49547230536505954, norm_value = 1.0 + 0.0im, bound_norm=0.999717, free_norm=0.000283 + 0.0im
     | block_size = 119 
[TDSE] Runing TDSE-SH-linear (length gauge, dipole form). step 9600 energy = -0.49600683542128454, norm_value = 1.0 + 0.0im, bound_norm=0.999871, free_norm=0.000129 + 0.0im
     | block_size = 129 
[TDSE] Runing TDSE-SH-linear (length gauge, dipole form). step 9800 energy = -0.4963587859215555, norm_value = 1.0 + 0.0im, bound_norm=0.999978, free_norm=2.2e-5 + 0.0im
     | block_size = 138 
[TDSE] Runing TDSE-SH-linear (length gauge, dipole form). step 10000 energy = -0.4963935768568709, norm_value = 1.0 + 0.0im, bound_norm=0.999989, free_norm=1.1e-5 + 0.0im
     | block_size = 139 
[TDSE] Runing TDSE-SH-linear (length gauge, dipole form). step 10200 energy = -0.49606056415819916, norm_value = 1.0 + 0.0im, bound_norm=0.999887, free_norm=0.000113 + 0.0im
     | block_size = 135 
[TDSE] Runing TDSE-SH-linear (length gauge, dipole form). step 10400 energy = -0.49540755032574735, norm_value = 1.0 + 0.0im, bound_norm=0.999698, free_norm=0.000302 + 0.0im
     | block_size = 142 
[TDSE] Runing TDSE-SH-linear (length gauge, dipole form). step 10600 energy = -0.4945859934682074, norm_value = 1.0 + 0.0im, bound_norm=0.999478, free_norm=0.000522 + 0.0im
     | block_size = 152 
[TDSE] Runing TDSE-SH-linear (length gauge, dipole form). step 10800 energy = -0.49383290442625677, norm_value = 1.0 + 0.0im, bound_norm=0.999297, free_norm=0.000703 + 0.0im
     | block_size = 158 
[TDSE] Runing TDSE-SH-linear (length gauge, dipole form). step 11000 energy = -0.4934218159649765, norm_value = 1.0 + 0.0im, bound_norm=0.999208, free_norm=0.000792 + 0.0im
     | block_size = 157 
[TDSE] Runing TDSE-SH-linear (length gauge, dipole form). step 11200 energy = -0.49354098781048555, norm_value = 1.0 + 0.0im, bound_norm=0.999227, free_norm=0.000773 + 0.0im
     | block_size = 152 
[TDSE] Runing TDSE-SH-linear (length gauge, dipole form). step 11400 energy = -0.49416065707699747, norm_value = 1.0 + 0.0im, bound_norm=0.999355, free_norm=0.000645 + 0.0im
     | block_size = 162 
[TDSE] Runing TDSE-SH-linear (length gauge, dipole form). step 11600 energy = -0.4950210165518104, norm_value = 1.0 + 0.0im, bound_norm=0.999579, free_norm=0.000421 + 0.0im
     | block_size = 172 
[TDSE] Runing TDSE-SH-linear (length gauge, dipole form). step 11800 energy = -0.4958132231115376, norm_value = 1.0 + 0.0im, bound_norm=0.99981, free_norm=0.00019 + 0.0im
     | block_size = 182 
[TDSE] Runing TDSE-SH-linear (length gauge, dipole form). step 12000 energy = -0.4963141350982108, norm_value = 1.0 + 0.0im, bound_norm=0.999957, free_norm=4.3e-5 + 0.0im
     | block_size = 192 
[TDSE] Runing TDSE-SH-linear (length gauge, dipole form). step 12200 energy = -0.49637335381630393, norm_value = 1.0 + 0.0im, bound_norm=0.999977, free_norm=2.3e-5 + 0.0im
     | block_size = 194 
[TDSE] Runing TDSE-SH-linear (length gauge, dipole form). step 12400 energy = -0.49595702903263233, norm_value = 1.0 + 0.0im, bound_norm=0.999851, free_norm=0.000149 + 0.0im
     | block_size = 194 
[TDSE] Runing TDSE-SH-linear (length gauge, dipole form). step 12600 energy = -0.4951585393525686, norm_value = 1.0 + 0.0im, bound_norm=0.999621, free_norm=0.000379 + 0.0im
     | block_size = 200 
[TDSE] Runing TDSE-SH-linear (length gauge, dipole form). step 12800 energy = -0.49417671537804525, norm_value = 1.0 + 0.0im, bound_norm=0.999367, free_norm=0.000633 + 0.0im
     | block_size = 200 
[TDSE] Runing TDSE-SH-linear (length gauge, dipole form). step 13000 energy = -0.4933042136480939, norm_value = 1.0 + 0.0im, bound_norm=0.999171, free_norm=0.000829 + 0.0im
     | block_size = 200 
[TDSE] Runing TDSE-SH-linear (length gauge, dipole form). step 13200 energy = -0.4928800725054215, norm_value = 1.0 + 0.0im, bound_norm=0.999087, free_norm=0.000913 + 0.0im
     | block_size = 200 
[TDSE] Runing TDSE-SH-linear (length gauge, dipole form). step 13400 energy = -0.4930973493588688, norm_value = 1.0 + 0.0im, bound_norm=0.999117, free_norm=0.000883 + 0.0im
     | block_size = 200 
[TDSE] Runing TDSE-SH-linear (length gauge, dipole form). step 13600 energy = -0.4938747316528394, norm_value = 1.0 + 0.0im, bound_norm=0.999257, free_norm=0.000743 + 0.0im
     | block_size = 200 
[TDSE] Runing TDSE-SH-linear (length gauge, dipole form). step 13800 energy = -0.49486639704121943, norm_value = 1.0 + 0.0im, bound_norm=0.999509, free_norm=0.000491 + 0.0im
     | block_size = 200 
[TDSE] Runing TDSE-SH-linear (length gauge, dipole form). step 14000 energy = -0.49572815086158106, norm_value = 1.0 + 0.0im, bound_norm=0.999767, free_norm=0.000233 + 0.0im
     | block_size = 200 
[TDSE] Runing TDSE-SH-linear (length gauge, dipole form). step 14200 energy = -0.4962578140548666, norm_value = 1.0 + 0.0im, bound_norm=0.999921, free_norm=7.9e-5 + 0.0im
     | block_size = 200 
[TDSE] Runing TDSE-SH-linear (length gauge, dipole form). step 14400 energy = -0.49632952069033265, norm_value = 1.0 + 0.0im, bound_norm=0.999945, free_norm=5.5e-5 + 0.0im
     | block_size = 200 
[TDSE] Runing TDSE-SH-linear (length gauge, dipole form). step 14600 energy = -0.49594048290431425, norm_value = 1.0 + 0.0im, bound_norm=0.999828, free_norm=0.000172 + 0.0im
     | block_size = 200 
[TDSE] Runing TDSE-SH-linear (length gauge, dipole form). step 14800 energy = -0.49521586257614947, norm_value = 1.0 + 0.0im, bound_norm=0.999615, free_norm=0.000385 + 0.0im
     | block_size = 200 
[TDSE] Runing TDSE-SH-linear (length gauge, dipole form). step 15000 energy = -0.4943615313962825, norm_value = 1.0 + 0.0im, bound_norm=0.999388, free_norm=0.000612 + 0.0im
     | block_size = 200 
[TDSE] Runing TDSE-SH-linear (length gauge, dipole form). step 15200 energy = -0.49365393543966923, norm_value = 1.0 + 0.0im, bound_norm=0.99922, free_norm=0.00078 + 0.0im
     | block_size = 200 
[TDSE] Runing TDSE-SH-linear (length gauge, dipole form). step 15400 energy = -0.4933679943132585, norm_value = 1.0 + 0.0im, bound_norm=0.99916, free_norm=0.00084 + 0.0im
     | block_size = 200 
[TDSE] Runing TDSE-SH-linear (length gauge, dipole form). step 15600 energy = -0.4936335288707242, norm_value = 1.0 + 0.0im, bound_norm=0.999211, free_norm=0.000789 + 0.0im
     | block_size = 200 
[TDSE] Runing TDSE-SH-linear (length gauge, dipole form). step 15800 energy = -0.4943114103122331, norm_value = 1.0 + 0.0im, bound_norm=0.999353, free_norm=0.000647 + 0.0im
     | block_size = 200 
[TDSE] Runing TDSE-SH-linear (length gauge, dipole form). step 16000 energy = -0.49514092580386343, norm_value = 1.0 + 0.0im, bound_norm=0.999579, free_norm=0.000421 + 0.0im
     | block_size = 200 
[TDSE] Runing TDSE-SH-linear (length gauge, dipole form). step 16200 energy = -0.49584511694727734, norm_value = 1.0 + 0.0im, bound_norm=0.999789, free_norm=0.000211 + 0.0im
     | block_size = 200 
[TDSE] Runing TDSE-SH-linear (length gauge, dipole form). step 16400 energy = -0.496268568699428, norm_value = 1.0 + 0.0im, bound_norm=0.999916, free_norm=8.4e-5 + 0.0im
     | block_size = 200 
[TDSE] Runing TDSE-SH-linear (length gauge, dipole form). step 16600 energy = -0.49633190248347514, norm_value = 1.0 + 0.0im, bound_norm=0.999937, free_norm=6.3e-5 + 0.0im
     | block_size = 200 
[TDSE] Runing TDSE-SH-linear (length gauge, dipole form). step 16800 energy = -0.49606141940604237, norm_value = 1.0 + 0.0im, bound_norm=0.999854, free_norm=0.000146 + 0.0im
     | block_size = 200 
[TDSE] Runing TDSE-SH-linear (length gauge, dipole form). step 17000 energy = -0.4955662887934475, norm_value = 1.0 + 0.0im, bound_norm=0.999705, free_norm=0.000295 + 0.0im
     | block_size = 200 
[TDSE] Runing TDSE-SH-linear (length gauge, dipole form). step 17200 energy = -0.49502736186357243, norm_value = 1.0 + 0.0im, bound_norm=0.999554, free_norm=0.000446 + 0.0im
     | block_size = 200 
[TDSE] Runing TDSE-SH-linear (length gauge, dipole form). step 17400 energy = -0.4946284887887934, norm_value = 1.0 + 0.0im, bound_norm=0.999443, free_norm=0.000557 + 0.0im
     | block_size = 200 
[TDSE] Runing TDSE-SH-linear (length gauge, dipole form). step 17600 energy = -0.4945013463100206, norm_value = 1.0 + 0.0im, bound_norm=0.999411, free_norm=0.000589 + 0.0im
     | block_size = 200 
[TDSE] Runing TDSE-SH-linear (length gauge, dipole form). step 17800 energy = -0.4947305204388688, norm_value = 1.0 + 0.0im, bound_norm=0.999466, free_norm=0.000534 + 0.0im
     | block_size = 200 
[TDSE] Runing TDSE-SH-linear (length gauge, dipole form). step 18000 energy = -0.4951498308736895, norm_value = 1.0 + 0.0im, bound_norm=0.999593, free_norm=0.000407 + 0.0im
     | block_size = 200 
[TDSE] Runing TDSE-SH-linear (length gauge, dipole form). step 18200 energy = -0.49566771250674324, norm_value = 1.0 + 0.0im, bound_norm=0.999732, free_norm=0.000268 + 0.0im
     | block_size = 200 
[TDSE] Runing TDSE-SH-linear (length gauge, dipole form). step 18400 energy = -0.49607812688291625, norm_value = 1.0 + 0.0im, bound_norm=0.999854, free_norm=0.000146 + 0.0im
     | block_size = 200 
[TDSE] Runing TDSE-SH-linear (length gauge, dipole form). step 18600 energy = -0.49632796945667307, norm_value = 1.0 + 0.0im, bound_norm=0.999929, free_norm=7.1e-5 + 0.0im
     | block_size = 200 
[TDSE] Runing TDSE-SH-linear (length gauge, dipole form). step 18800 energy = -0.4963665010820989, norm_value = 1.0 + 0.0im, bound_norm=0.999941, free_norm=5.9e-5 + 0.0im
     | block_size = 200 
[TDSE] Runing TDSE-SH-linear (length gauge, dipole form). step 19000 energy = -0.49623504691499376, norm_value = 1.0 + 0.0im, bound_norm=0.9999, free_norm=0.0001 + 0.0im
     | block_size = 200 
[TDSE] Runing TDSE-SH-linear (length gauge, dipole form). step 19200 energy = -0.4959897971324959, norm_value = 1.0 + 0.0im, bound_norm=0.999827, free_norm=0.000173 + 0.0im
     | block_size = 200 
[TDSE] Runing TDSE-SH-linear (length gauge, dipole form). step 19400 energy = -0.49575959725495616, norm_value = 1.0 + 0.0im, bound_norm=0.999752, free_norm=0.000248 + 0.0im
     | block_size = 200 
[TDSE] Runing TDSE-SH-linear (length gauge, dipole form). step 19600 energy = -0.49559593976803906, norm_value = 1.0 + 0.0im, bound_norm=0.999709, free_norm=0.000291 + 0.0im
     | block_size = 200 
[TDSE] Runing TDSE-SH-linear (length gauge, dipole form). step 19800 energy = -0.4955831821721325, norm_value = 1.0 + 0.0im, bound_norm=0.999705, free_norm=0.000295 + 0.0im
     | block_size = 200 
[TDSE] Runing TDSE-SH-linear (length gauge, dipole form). step 20000 energy = -0.49569867740584705, norm_value = 1.0 + 0.0im, bound_norm=0.999743, free_norm=0.000257 + 0.0im
     | block_size = 200 
[TDSE] Runing TDSE-SH-linear (length gauge, dipole form). step 20200 energy = -0.4959015267582772, norm_value = 1.0 + 0.0im, bound_norm=0.999795, free_norm=0.000205 + 0.0im
     | block_size = 200 
[TDSE] Runing TDSE-SH-linear (length gauge, dipole form). step 20400 energy = -0.496103929598526, norm_value = 1.0 + 0.0im, bound_norm=0.999853, free_norm=0.000147 + 0.0im
     | block_size = 200 
[TDSE] Runing TDSE-SH-linear (length gauge, dipole form). step 20600 energy = -0.4962745373180777, norm_value = 1.0 + 0.0im, bound_norm=0.999906, free_norm=9.4e-5 + 0.0im
     | block_size = 200 
[TDSE] Runing TDSE-SH-linear (length gauge, dipole form). step 20800 energy = -0.4963701152554061, norm_value = 1.0 + 0.0im, bound_norm=0.999937, free_norm=6.3e-5 + 0.0im
     | block_size = 200 
[TDSE] Runing TDSE-SH-linear (length gauge, dipole form). step 21000 energy = -0.4963879296035031, norm_value = 1.0 + 0.0im, bound_norm=0.999944, free_norm=5.6e-5 + 0.0im
     | block_size = 200 
[TDSE] Runing TDSE-SH-linear (length gauge, dipole form). step 21200 energy = -0.49634241218020764, norm_value = 1.0 + 0.0im, bound_norm=0.999929, free_norm=7.1e-5 + 0.0im
     | block_size = 200 
[TDSE] Runing TDSE-SH-linear (length gauge, dipole form). step 21400 energy = -0.4962742081123176, norm_value = 1.0 + 0.0im, bound_norm=0.999905, free_norm=9.5e-5 + 0.0im
     | block_size = 200 
[TDSE] Runing TDSE-SH-linear (length gauge, dipole form). step 21600 energy = -0.4962161229359073, norm_value = 1.0 + 0.0im, bound_norm=0.999889, free_norm=0.000111 + 0.0im
     | block_size = 200 
[TDSE] Runing TDSE-SH-linear (length gauge, dipole form). step 21800 energy = -0.4961850493077502, norm_value = 1.0 + 0.0im, bound_norm=0.99988, free_norm=0.00012 + 0.0im
     | block_size = 200 
[TDSE] Runing TDSE-SH-linear (length gauge, dipole form). step 22000 energy = -0.49619949887197373, norm_value = 1.0 + 0.0im, bound_norm=0.999883, free_norm=0.000117 + 0.0im
     | block_size = 200 
[TDSE] Runing TDSE-SH-linear (length gauge, dipole form). step 22200 energy = -0.4962334296823263, norm_value = 1.0 + 0.0im, bound_norm=0.999895, free_norm=0.000105 + 0.0im
     | block_size = 200 
[TDSE] Runing TDSE-SH-linear (length gauge, dipole form). step 22400 energy = -0.4962900595227719, norm_value = 1.0 + 0.0im, bound_norm=0.99991, free_norm=9.0e-5 + 0.0im
     | block_size = 200 
[TDSE] Runing TDSE-SH-linear (length gauge, dipole form). step 22600 energy = -0.49633861624129205, norm_value = 1.0 + 0.0im, bound_norm=0.999926, free_norm=7.4e-5 + 0.0im
     | block_size = 200 
[TDSE] Runing TDSE-SH-linear (length gauge, dipole form). step 22800 energy = -0.4963758857390428, norm_value = 1.0 + 0.0im, bound_norm=0.999937, free_norm=6.3e-5 + 0.0im
     | block_size = 200 
[TDSE] Runing TDSE-SH-linear (length gauge, dipole form). step 23000 energy = -0.4963952368941015, norm_value = 1.0 + 0.0im, bound_norm=0.999943, free_norm=5.7e-5 + 0.0im
     | block_size = 200 
[TDSE] Runing TDSE-SH-linear (length gauge, dipole form). step 23200 energy = -0.49639812818025725, norm_value = 1.0 + 0.0im, bound_norm=0.999945, free_norm=5.5e-5 + 0.0im
     | block_size = 200 
[TDSE] Runing TDSE-SH-linear (length gauge, dipole form). step 23400 energy = -0.4963928073445135, norm_value = 1.0 + 0.0im, bound_norm=0.999943, free_norm=5.7e-5 + 0.0im
     | block_size = 200 
[TDSE] Runing TDSE-SH-linear (length gauge, dipole form). step 23600 energy = -0.49638450780479854, norm_value = 1.0 + 0.0im, bound_norm=0.999941, free_norm=5.9e-5 + 0.0im
     | block_size = 200 
[TDSE] Runing TDSE-SH-linear (length gauge, dipole form). step 23800 energy = -0.496380567534101, norm_value = 1.0 + 0.0im, bound_norm=0.999939, free_norm=6.1e-5 + 0.0im
     | block_size = 200 
[TDSE] Runing TDSE-SH-linear (length gauge, dipole form). step 24000 energy = -0.49637952078975184, norm_value = 1.0 + 0.0im, bound_norm=0.999939, free_norm=6.1e-5 + 0.0im
     | block_size = 200 
[TDSE] Runing TDSE-SH-linear (length gauge, dipole form). step 24200 energy = -0.49638532482929587, norm_value = 1.0 + 0.0im, bound_norm=0.99994, free_norm=6.0e-5 + 0.0im
     | block_size = 200 
[TDSE] Runing TDSE-SH-linear (length gauge, dipole form). step 24400 energy = -0.4963892117971202, norm_value = 1.0 + 0.0im, bound_norm=0.999941, free_norm=5.9e-5 + 0.0im
     | block_size = 200 
[TDSE] Runing TDSE-SH-linear (length gauge, dipole form). step 24600 energy = -0.4963928987779804, norm_value = 1.0 + 0.0im, bound_norm=0.999943, free_norm=5.7e-5 + 0.0im
     | block_size = 200 
[TDSE] Runing TDSE-SH-linear (length gauge, dipole form). step 24800 energy = -0.4963973513972635, norm_value = 1.0 + 0.0im, bound_norm=0.999944, free_norm=5.6e-5 + 0.0im
     | block_size = 200 
[TDSE] Runing TDSE-SH-linear (length gauge, dipole form). step 25000 energy = -0.4963984799118334, norm_value = 1.0 + 0.0im, bound_norm=0.999945, free_norm=5.5e-5 + 0.0im
     | block_size = 200 
[TDSE] Runing TDSE-SH-linear (length gauge, dipole form). step 25200 energy = -0.49639921610037924, norm_value = 1.0 + 0.0im, bound_norm=0.999945, free_norm=5.5e-5 + 0.0im
     | block_size = 200 
[TDSE] Runing TDSE-SH-linear (length gauge, dipole form). step 25400 energy = -0.4963991890486193, norm_value = 1.0 + 0.0im, bound_norm=0.999945, free_norm=5.5e-5 + 0.0im
     | block_size = 200 
[TDSE] Runing TDSE-SH-linear (length gauge, dipole form). step 25600 energy = -0.4963992548721013, norm_value = 1.0 + 0.0im, bound_norm=0.999945, free_norm=5.5e-5 + 0.0im
     | block_size = 200 
[TDSE] Runing TDSE-SH-linear (length gauge, dipole form). step 25800 energy = -0.49639912217831483, norm_value = 1.0 + 0.0im, bound_norm=0.999945, free_norm=5.5e-5 + 0.0im
     | block_size = 200 
[TDSE] Runing TDSE-SH-linear (length gauge, dipole form). step 26000 energy = -0.4963992465003156, norm_value = 1.0 + 0.0im, bound_norm=0.999945, free_norm=5.5e-5 + 0.0im
     | block_size = 200 
[TDSE] Runing TDSE-SH-linear (length gauge, dipole form). step 26200 energy = -0.4963992255050087, norm_value = 1.0 + 0.0im, bound_norm=0.999945, free_norm=5.5e-5 + 0.0im
     | block_size = 200 
[TDSE] Runing TDSE-SH-linear (length gauge, dipole form). step 26400 energy = -0.49639923404486924, norm_value = 1.0 + 0.0im, bound_norm=0.999945, free_norm=5.5e-5 + 0.0im
     | block_size = 200 
Sample 2026_5_15_hg_massive_0.04_0.0_0.0285_6.0_short_range does not exist. Exceute a new sample.
[ITP]: 10000.496424741636
[ITP]: 3.468948764850932e-6
[ITP]: 2.0119768988635656e-6
[ITP]: 1.2363970314233086e-6
[ITP]: 7.802127368616851e-7
[ITP]: 5.004886823867238e-7
[ITP]: 3.247063635747338e-7
[ITP]: 2.1241854042397534e-7
[ITP]: 1.3984492786001113e-7
[ITP]: 9.25260389417204e-8
[ITP]: 6.146357944825098e-8
[ITP]: 4.0962812142275595e-8
[ITP]: 2.737382170936442e-8
[ITP]: 1.8334269435982264e-8
[ITP]: 1.2303307206362746e-8
[ITP]: 8.269649631742482e-9
[ITP]: 5.566198502116038e-9
[ITP]: 3.7510526906814334e-9
[ITP]: 2.530471499007092e-9
[ITP]: 1.7086173587088638e-9
[ITP]: 1.154605577813328e-9
[ITP]: 7.807770541212733e-10
[ITP]: 5.283077308959605e-10
[ITP]: 3.576713369923823e-10
[ITP]: 2.422650968725293e-10
[ITP]: 1.6416579207145787e-10
[ITP]: 1.1128536980820058e-10
[ITP]: 7.546496760824084e-11
[ITP]: 5.119060730862657e-11
[ITP]: 3.4733049769641866e-11
[ITP]: 2.3571977703085167e-11
[ITP]: 1.6002199565434694e-11
[ITP]: 1.086369882941085e-11
[ITP]: 7.378653243961253e-12
[ITP]: 5.010714065889488e-12
[ITP]: 3.4039993046519612e-12
[ITP]: 2.313038649504051e-12
[ITP]: 1.570410468332284e-12
[ITP]: 1.0681455719918631e-12
[ITP]: 7.265299473147024e-13
[ITP]: 4.919398222114069e-13
[ITP]: 3.346212196220222e-13
[ITP]: 2.2842838731662596e-13
[ITP]: 1.5498713423767185e-13
[ITP]: 1.0536016503692736e-13
[ITP]: 7.188694084447889e-14
[ITP]: 4.801714581503802e-14
[ITP]: 3.347322419244847e-14
[ITP]: 2.3148150063434514e-14
[ITP]: 1.4432899320127035e-14
[ITP]: 1.1102230246251565e-14
[ITP]: 7.16093850883226e-15
[ITP]: 4.440892098500626e-15
[ITP]: 2.6645352591003757e-15
[ITP]: 2.831068712794149e-15
[ITP]: 1.4988010832439613e-15
[ITP]: 6.661338147750939e-16
[ITP]: 7.771561172376096e-16
[ITP]: 5.551115123125783e-16
[ITP]: 2.220446049250313e-16
[ITP]: 4.440892098500626e-16
[ITP]: 6.106226635438361e-16
[ITP]: 7.216449660063518e-16
[ITP]: 4.440892098500626e-16
[ITP]: 4.440892098500626e-16
[ITP]: 3.3306690738754696e-16
[ITP]: 1.1102230246251565e-15
[ITP]: 1.1102230246251565e-16
[ITP]: 7.216449660063518e-16
[ITP]: 1.1102230246251565e-16
[ITP]: 8.326672684688674e-16
[ITP]: 7.216449660063518e-16
[ITP]: 2.7755575615628914e-16
[ITP]: 4.996003610813204e-16
[ITP]: 4.440892098500626e-16
[ITP]: 4.440892098500626e-16
[ITP]: 1.6653345369377348e-16
[ITP]: 4.996003610813204e-16
[ITP]: 1.1657341758564144e-15
[ITP]: 1.1102230246251565e-16
[ITP]: 0.0
[TDSE] Runing TDSE-SH-linear (length gauge, dipole form). step 0 energy = -0.4964336949924361, norm_value = 1.0 + 0.0im, bound_norm=1.0, free_norm=0.0 + 0.0im
     | block_size = 3 
[TDSE] Runing TDSE-SH-linear (length gauge, dipole form). step 200 energy = -0.4964336939357647, norm_value = 1.0 + 0.0im, bound_norm=1.0, free_norm=0.0 + 0.0im
     | block_size = 3 
[TDSE] Runing TDSE-SH-linear (length gauge, dipole form). step 400 energy = -0.4964336819327365, norm_value = 1.0 + 0.0im, bound_norm=1.0, free_norm=0.0 + 0.0im
     | block_size = 4 
[TDSE] Runing TDSE-SH-linear (length gauge, dipole form). step 600 energy = -0.4964336537376373, norm_value = 1.0 + 0.0im, bound_norm=1.0, free_norm=0.0 + 0.0im
     | block_size = 4 
[TDSE] Runing TDSE-SH-linear (length gauge, dipole form). step 800 energy = -0.49643364326664524, norm_value = 1.0 + 0.0im, bound_norm=1.0, free_norm=0.0 + 0.0im
     | block_size = 4 
[TDSE] Runing TDSE-SH-linear (length gauge, dipole form). step 1000 energy = -0.49643367491145124, norm_value = 1.0 + 0.0im, bound_norm=1.0, free_norm=0.0 + 0.0im
     | block_size = 4 
[TDSE] Runing TDSE-SH-linear (length gauge, dipole form). step 1200 energy = -0.4964336623292442, norm_value = 1.0 + 0.0im, bound_norm=1.0, free_norm=0.0 + 0.0im
     | block_size = 4 
[TDSE] Runing TDSE-SH-linear (length gauge, dipole form). step 1400 energy = -0.49643323971755987, norm_value = 1.0 + 0.0im, bound_norm=1.0, free_norm=0.0 + 0.0im
     | block_size = 4 
[TDSE] Runing TDSE-SH-linear (length gauge, dipole form). step 1600 energy = -0.496431789454969, norm_value = 1.0 + 0.0im, bound_norm=0.999999, free_norm=1.0e-6 + 0.0im
     | block_size = 4 
[TDSE] Runing TDSE-SH-linear (length gauge, dipole form). step 1800 energy = -0.49642863517506186, norm_value = 1.0 + 0.0im, bound_norm=0.999998, free_norm=2.0e-6 + 0.0im
     | block_size = 5 
[TDSE] Runing TDSE-SH-linear (length gauge, dipole form). step 2000 energy = -0.4964237375338122, norm_value = 1.0 + 0.0im, bound_norm=0.999997, free_norm=3.0e-6 + 0.0im
     | block_size = 6 
[TDSE] Runing TDSE-SH-linear (length gauge, dipole form). step 2200 energy = -0.4964178835567535, norm_value = 1.0 + 0.0im, bound_norm=0.999995, free_norm=5.0e-6 + 0.0im
     | block_size = 8 
[TDSE] Runing TDSE-SH-linear (length gauge, dipole form). step 2400 energy = -0.4964131324339944, norm_value = 1.0 + 0.0im, bound_norm=0.999994, free_norm=6.0e-6 + 0.0im
     | block_size = 10 
[TDSE] Runing TDSE-SH-linear (length gauge, dipole form). step 2600 energy = -0.4964119831271472, norm_value = 1.0 + 0.0im, bound_norm=0.999993, free_norm=7.0e-6 + 0.0im
     | block_size = 13 
[TDSE] Runing TDSE-SH-linear (length gauge, dipole form). step 2800 energy = -0.49641587894000766, norm_value = 1.0 + 0.0im, bound_norm=0.999995, free_norm=5.0e-6 + 0.0im
     | block_size = 15 
[TDSE] Runing TDSE-SH-linear (length gauge, dipole form). step 3000 energy = -0.4964240268113987, norm_value = 1.0 + 0.0im, bound_norm=0.999997, free_norm=3.0e-6 + 0.0im
     | block_size = 17 
[TDSE] Runing TDSE-SH-linear (length gauge, dipole form). step 3200 energy = -0.4964318130884571, norm_value = 1.0 + 0.0im, bound_norm=0.999999, free_norm=1.0e-6 + 0.0im
     | block_size = 18 
[TDSE] Runing TDSE-SH-linear (length gauge, dipole form). step 3400 energy = -0.4964318610088396, norm_value = 1.0 + 0.0im, bound_norm=0.999999, free_norm=1.0e-6 + 0.0im
     | block_size = 18 
[TDSE] Runing TDSE-SH-linear (length gauge, dipole form). step 3600 energy = -0.4964160861422435, norm_value = 1.0 + 0.0im, bound_norm=0.999995, free_norm=5.0e-6 + 0.0im
     | block_size = 16 
[TDSE] Runing TDSE-SH-linear (length gauge, dipole form). step 3800 energy = -0.49637981769631895, norm_value = 1.0 + 0.0im, bound_norm=0.999983, free_norm=1.7e-5 + 0.0im
     | block_size = 12 
[TDSE] Runing TDSE-SH-linear (length gauge, dipole form). step 4000 energy = -0.49632503616808876, norm_value = 1.0 + 0.0im, bound_norm=0.999967, free_norm=3.3e-5 + 0.0im
     | block_size = 8 
[TDSE] Runing TDSE-SH-linear (length gauge, dipole form). step 4200 energy = -0.49626301110222004, norm_value = 1.0 + 0.0im, bound_norm=0.999948, free_norm=5.2e-5 + 0.0im
     | block_size = 14 
[TDSE] Runing TDSE-SH-linear (length gauge, dipole form). step 4400 energy = -0.4962121005781773, norm_value = 1.0 + 0.0im, bound_norm=0.999932, free_norm=6.8e-5 + 0.0im
     | block_size = 24 
[TDSE] Runing TDSE-SH-linear (length gauge, dipole form). step 4600 energy = -0.49619171631220116, norm_value = 1.0 + 0.0im, bound_norm=0.999926, free_norm=7.4e-5 + 0.0im
     | block_size = 34 
[TDSE] Runing TDSE-SH-linear (length gauge, dipole form). step 4800 energy = -0.4962147582945724, norm_value = 1.0 + 0.0im, bound_norm=0.999933, free_norm=6.7e-5 + 0.0im
     | block_size = 44 
[TDSE] Runing TDSE-SH-linear (length gauge, dipole form). step 5000 energy = -0.4962775896775469, norm_value = 1.0 + 0.0im, bound_norm=0.999952, free_norm=4.8e-5 + 0.0im
     | block_size = 53 
[TDSE] Runing TDSE-SH-linear (length gauge, dipole form). step 5200 energy = -0.49635831195476016, norm_value = 1.0 + 0.0im, bound_norm=0.999977, free_norm=2.3e-5 + 0.0im
     | block_size = 59 
[TDSE] Runing TDSE-SH-linear (length gauge, dipole form). step 5400 energy = -0.4964202014130391, norm_value = 1.0 + 0.0im, bound_norm=0.999996, free_norm=4.0e-6 + 0.0im
     | block_size = 64 
[TDSE] Runing TDSE-SH-linear (length gauge, dipole form). step 5600 energy = -0.4964232498537302, norm_value = 1.0 + 0.0im, bound_norm=0.999997, free_norm=3.0e-6 + 0.0im
     | block_size = 64 
[TDSE] Runing TDSE-SH-linear (length gauge, dipole form). step 5800 energy = -0.4963388939007936, norm_value = 1.0 + 0.0im, bound_norm=0.999971, free_norm=2.9e-5 + 0.0im
     | block_size = 59 
[TDSE] Runing TDSE-SH-linear (length gauge, dipole form). step 6000 energy = -0.4961635108806198, norm_value = 1.0 + 0.0im, bound_norm=0.999918, free_norm=8.2e-5 + 0.0im
     | block_size = 51 
[TDSE] Runing TDSE-SH-linear (length gauge, dipole form). step 6200 energy = -0.4959264285250498, norm_value = 1.0 + 0.0im, bound_norm=0.999847, free_norm=0.000153 + 0.0im
     | block_size = 37 
[TDSE] Runing TDSE-SH-linear (length gauge, dipole form). step 6400 energy = -0.4956880705872911, norm_value = 1.0 + 0.0im, bound_norm=0.999778, free_norm=0.000222 + 0.0im
     | block_size = 24 
[TDSE] Runing TDSE-SH-linear (length gauge, dipole form). step 6600 energy = -0.4955258421560555, norm_value = 1.0 + 0.0im, bound_norm=0.999732, free_norm=0.000268 + 0.0im
     | block_size = 33 
[TDSE] Runing TDSE-SH-linear (length gauge, dipole form). step 6800 energy = -0.49550397101920823, norm_value = 1.0 + 0.0im, bound_norm=0.999726, free_norm=0.000274 + 0.0im
     | block_size = 43 
[TDSE] Runing TDSE-SH-linear (length gauge, dipole form). step 7000 energy = -0.4956438808436324, norm_value = 1.0 + 0.0im, bound_norm=0.999766, free_norm=0.000234 + 0.0im
     | block_size = 53 
[TDSE] Runing TDSE-SH-linear (length gauge, dipole form). step 7200 energy = -0.49590397988701446, norm_value = 1.0 + 0.0im, bound_norm=0.999841, free_norm=0.000159 + 0.0im
     | block_size = 63 
[TDSE] Runing TDSE-SH-linear (length gauge, dipole form). step 7400 energy = -0.49619093092288297, norm_value = 1.0 + 0.0im, bound_norm=0.999927, free_norm=7.3e-5 + 0.0im
     | block_size = 73 
[TDSE] Runing TDSE-SH-linear (length gauge, dipole form). step 7600 energy = -0.4963910773272635, norm_value = 1.0 + 0.0im, bound_norm=0.999988, free_norm=1.2e-5 + 0.0im
     | block_size = 80 
[TDSE] Runing TDSE-SH-linear (length gauge, dipole form). step 7800 energy = -0.4964064641084868, norm_value = 1.0 + 0.0im, bound_norm=0.999993, free_norm=7.0e-6 + 0.0im
     | block_size = 81 
[TDSE] Runing TDSE-SH-linear (length gauge, dipole form). step 8000 energy = -0.4961855021375014, norm_value = 1.0 + 0.0im, bound_norm=0.999925, free_norm=7.5e-5 + 0.0im
     | block_size = 75 
[TDSE] Runing TDSE-SH-linear (length gauge, dipole form). step 8200 energy = -0.4957432089738463, norm_value = 1.0 + 0.0im, bound_norm=0.999793, free_norm=0.000207 + 0.0im
     | block_size = 70 
[TDSE] Runing TDSE-SH-linear (length gauge, dipole form). step 8400 energy = -0.4951707430443675, norm_value = 1.0 + 0.0im, bound_norm=0.999633, free_norm=0.000367 + 0.0im
     | block_size = 76 
[TDSE] Runing TDSE-SH-linear (length gauge, dipole form). step 8600 energy = -0.4946261028612814, norm_value = 1.0 + 0.0im, bound_norm=0.99949, free_norm=0.00051 + 0.0im
     | block_size = 86 
[TDSE] Runing TDSE-SH-linear (length gauge, dipole form). step 8800 energy = -0.49429707177975246, norm_value = 1.0 + 0.0im, bound_norm=0.999408, free_norm=0.000592 + 0.0im
     | block_size = 96 
[TDSE] Runing TDSE-SH-linear (length gauge, dipole form). step 9000 energy = -0.4943252723375783, norm_value = 1.0 + 0.0im, bound_norm=0.999414, free_norm=0.000586 + 0.0im
     | block_size = 106 
[TDSE] Runing TDSE-SH-linear (length gauge, dipole form). step 9200 energy = -0.4947203803255413, norm_value = 1.0 + 0.0im, bound_norm=0.999511, free_norm=0.000489 + 0.0im
     | block_size = 116 
[TDSE] Runing TDSE-SH-linear (length gauge, dipole form). step 9400 energy = -0.4953350535476678, norm_value = 1.0 + 0.0im, bound_norm=0.999678, free_norm=0.000322 + 0.0im
     | block_size = 126 
[TDSE] Runing TDSE-SH-linear (length gauge, dipole form). step 9600 energy = -0.4959466700826455, norm_value = 1.0 + 0.0im, bound_norm=0.999854, free_norm=0.000146 + 0.0im
     | block_size = 136 
[TDSE] Runing TDSE-SH-linear (length gauge, dipole form). step 9800 energy = -0.4963479879421261, norm_value = 1.0 + 0.0im, bound_norm=0.999975, free_norm=2.5e-5 + 0.0im
     | block_size = 146 
[TDSE] Runing TDSE-SH-linear (length gauge, dipole form). step 10000 energy = -0.4963876280950684, norm_value = 1.0 + 0.0im, bound_norm=0.999987, free_norm=1.3e-5 + 0.0im
     | block_size = 147 
[TDSE] Runing TDSE-SH-linear (length gauge, dipole form). step 10200 energy = -0.49600791918592935, norm_value = 1.0 + 0.0im, bound_norm=0.999872, free_norm=0.000128 + 0.0im
     | block_size = 143 
[TDSE] Runing TDSE-SH-linear (length gauge, dipole form). step 10400 energy = -0.4952607919364964, norm_value = 1.0 + 0.0im, bound_norm=0.999656, free_norm=0.000344 + 0.0im
     | block_size = 152 
[TDSE] Runing TDSE-SH-linear (length gauge, dipole form). step 10600 energy = -0.4943125488380079, norm_value = 1.0 + 0.0im, bound_norm=0.999409, free_norm=0.000591 + 0.0im
     | block_size = 162 
[TDSE] Runing TDSE-SH-linear (length gauge, dipole form). step 10800 energy = -0.49343080835355496, norm_value = 1.0 + 0.0im, bound_norm=0.999207, free_norm=0.000793 + 0.0im
     | block_size = 171 
[TDSE] Runing TDSE-SH-linear (length gauge, dipole form). step 11000 energy = -0.49293897481454574, norm_value = 1.0 + 0.0im, bound_norm=0.999109, free_norm=0.000891 + 0.0im
     | block_size = 171 
[TDSE] Runing TDSE-SH-linear (length gauge, dipole form). step 11200 energy = -0.49306983015864525, norm_value = 1.0 + 0.0im, bound_norm=0.999124, free_norm=0.000876 + 0.0im
     | block_size = 171 
[TDSE] Runing TDSE-SH-linear (length gauge, dipole form). step 11400 energy = -0.49379694878249475, norm_value = 1.0 + 0.0im, bound_norm=0.999252, free_norm=0.000748 + 0.0im
     | block_size = 181 
[TDSE] Runing TDSE-SH-linear (length gauge, dipole form). step 11600 energy = -0.4948006184288423, norm_value = 1.0 + 0.0im, bound_norm=0.999498, free_norm=0.000502 + 0.0im
     | block_size = 191 
[TDSE] Runing TDSE-SH-linear (length gauge, dipole form). step 11800 energy = -0.4957051887576994, norm_value = 1.0 + 0.0im, bound_norm=0.999768, free_norm=0.000232 + 0.0im
     | block_size = 200 
[TDSE] Runing TDSE-SH-linear (length gauge, dipole form). step 12000 energy = -0.4962734748957108, norm_value = 1.0 + 0.0im, bound_norm=0.999931, free_norm=6.9e-5 + 0.0im
     | block_size = 200 
[TDSE] Runing TDSE-SH-linear (length gauge, dipole form). step 12200 energy = -0.4963410933013656, norm_value = 1.0 + 0.0im, bound_norm=0.999955, free_norm=4.5e-5 + 0.0im
     | block_size = 200 
[TDSE] Runing TDSE-SH-linear (length gauge, dipole form). step 12400 energy = -0.4958673893241771, norm_value = 1.0 + 0.0im, bound_norm=0.999812, free_norm=0.000188 + 0.0im
     | block_size = 200 
[TDSE] Runing TDSE-SH-linear (length gauge, dipole form). step 12600 energy = -0.494959101253547, norm_value = 1.0 + 0.0im, bound_norm=0.999552, free_norm=0.000448 + 0.0im
     | block_size = 200 
[TDSE] Runing TDSE-SH-linear (length gauge, dipole form). step 12800 energy = -0.49382406262157097, norm_value = 1.0 + 0.0im, bound_norm=0.999268, free_norm=0.000732 + 0.0im
     | block_size = 200 
[TDSE] Runing TDSE-SH-linear (length gauge, dipole form). step 13000 energy = -0.4927941632497431, norm_value = 1.0 + 0.0im, bound_norm=0.999047, free_norm=0.000953 + 0.0im
     | block_size = 200 
[TDSE] Runing TDSE-SH-linear (length gauge, dipole form). step 13200 energy = -0.4922745256303361, norm_value = 1.0 + 0.0im, bound_norm=0.998955, free_norm=0.001045 + 0.0im
     | block_size = 200 
[TDSE] Runing TDSE-SH-linear (length gauge, dipole form). step 13400 energy = -0.49250814952136335, norm_value = 1.0 + 0.0im, bound_norm=0.998972, free_norm=0.001028 + 0.0im
     | block_size = 200 
[TDSE] Runing TDSE-SH-linear (length gauge, dipole form). step 13600 energy = -0.4934126376053238, norm_value = 1.0 + 0.0im, bound_norm=0.9991, free_norm=0.0009 + 0.0im
     | block_size = 200 
[TDSE] Runing TDSE-SH-linear (length gauge, dipole form). step 13800 energy = -0.49456391741842465, norm_value = 1.0 + 0.0im, bound_norm=0.999366, free_norm=0.000634 + 0.0im
     | block_size = 200 
[TDSE] Runing TDSE-SH-linear (length gauge, dipole form). step 14000 energy = -0.49553307243146494, norm_value = 1.0 + 0.0im, bound_norm=0.999671, free_norm=0.000329 + 0.0im
     | block_size = 200 
[TDSE] Runing TDSE-SH-linear (length gauge, dipole form). step 14200 energy = -0.49612426707907137, norm_value = 1.0 + 0.0im, bound_norm=0.99984, free_norm=0.00016 + 0.0im
     | block_size = 200 
[TDSE] Runing TDSE-SH-linear (length gauge, dipole form). step 14400 energy = -0.49620507739810427, norm_value = 1.0 + 0.0im, bound_norm=0.999869, free_norm=0.000131 + 0.0im
     | block_size = 200 
[TDSE] Runing TDSE-SH-linear (length gauge, dipole form). step 14600 energy = -0.49576870182435095, norm_value = 1.0 + 0.0im, bound_norm=0.999736, free_norm=0.000264 + 0.0im
     | block_size = 200 
[TDSE] Runing TDSE-SH-linear (length gauge, dipole form). step 14800 energy = -0.49496060771236705, norm_value = 1.0 + 0.0im, bound_norm=0.999497, free_norm=0.000503 + 0.0im
     | block_size = 200 
[TDSE] Runing TDSE-SH-linear (length gauge, dipole form). step 15000 energy = -0.49398980727686304, norm_value = 1.0 + 0.0im, bound_norm=0.999239, free_norm=0.000761 + 0.0im
     | block_size = 200 
[TDSE] Runing TDSE-SH-linear (length gauge, dipole form). step 15200 energy = -0.49316869758299764, norm_value = 1.0 + 0.0im, bound_norm=0.999054, free_norm=0.000946 + 0.0im
     | block_size = 200 
[TDSE] Runing TDSE-SH-linear (length gauge, dipole form). step 15400 energy = -0.49283498265731224, norm_value = 1.0 + 0.0im, bound_norm=0.998987, free_norm=0.001013 + 0.0im
     | block_size = 200 
[TDSE] Runing TDSE-SH-linear (length gauge, dipole form). step 15600 energy = -0.4931251396073592, norm_value = 1.0 + 0.0im, bound_norm=0.99902, free_norm=0.00098 + 0.0im
     | block_size = 200 
[TDSE] Runing TDSE-SH-linear (length gauge, dipole form). step 15800 energy = -0.4939147591241624, norm_value = 1.0 + 0.0im, bound_norm=0.999169, free_norm=0.000831 + 0.0im
     | block_size = 200 
[TDSE] Runing TDSE-SH-linear (length gauge, dipole form). step 16000 energy = -0.4948615131058312, norm_value = 1.0 + 0.0im, bound_norm=0.999431, free_norm=0.000569 + 0.0im
     | block_size = 200 
[TDSE] Runing TDSE-SH-linear (length gauge, dipole form). step 16200 energy = -0.4956491585395462, norm_value = 1.0 + 0.0im, bound_norm=0.999674, free_norm=0.000326 + 0.0im
     | block_size = 200 
[TDSE] Runing TDSE-SH-linear (length gauge, dipole form). step 16400 energy = -0.4961184919894727, norm_value = 1.0 + 0.0im, bound_norm=0.999816, free_norm=0.000184 + 0.0im
     | block_size = 200 
[TDSE] Runing TDSE-SH-linear (length gauge, dipole form). step 16600 energy = -0.49618936243666845, norm_value = 1.0 + 0.0im, bound_norm=0.99984, free_norm=0.00016 + 0.0im
     | block_size = 200 
[TDSE] Runing TDSE-SH-linear (length gauge, dipole form). step 16800 energy = -0.4958867317794118, norm_value = 1.0 + 0.0im, bound_norm=0.999744, free_norm=0.000256 + 0.0im
     | block_size = 200 
[TDSE] Runing TDSE-SH-linear (length gauge, dipole form). step 17000 energy = -0.4953429473400785, norm_value = 1.0 + 0.0im, bound_norm=0.999578, free_norm=0.000422 + 0.0im
     | block_size = 200 
[TDSE] Runing TDSE-SH-linear (length gauge, dipole form). step 17200 energy = -0.49474396239505564, norm_value = 1.0 + 0.0im, bound_norm=0.999411, free_norm=0.000589 + 0.0im
     | block_size = 200 
[TDSE] Runing TDSE-SH-linear (length gauge, dipole form). step 17400 energy = -0.4942856525788032, norm_value = 1.0 + 0.0im, bound_norm=0.999283, free_norm=0.000717 + 0.0im
     | block_size = 200 
[TDSE] Runing TDSE-SH-linear (length gauge, dipole form). step 17600 energy = -0.4941563818514554, norm_value = 1.0 + 0.0im, bound_norm=0.999256, free_norm=0.000744 + 0.0im
     | block_size = 200 
[TDSE] Runing TDSE-SH-linear (length gauge, dipole form). step 17800 energy = -0.49441905987242873, norm_value = 1.0 + 0.0im, bound_norm=0.999305, free_norm=0.000695 + 0.0im
     | block_size = 200 
[TDSE] Runing TDSE-SH-linear (length gauge, dipole form). step 18000 energy = -0.4949048944035406, norm_value = 1.0 + 0.0im, bound_norm=0.999433, free_norm=0.000567 + 0.0im
     | block_size = 200 
[TDSE] Runing TDSE-SH-linear (length gauge, dipole form). step 18200 energy = -0.49548151324917483, norm_value = 1.0 + 0.0im, bound_norm=0.999602, free_norm=0.000398 + 0.0im
     | block_size = 200 
[TDSE] Runing TDSE-SH-linear (length gauge, dipole form). step 18400 energy = -0.49594072758183033, norm_value = 1.0 + 0.0im, bound_norm=0.999744, free_norm=0.000256 + 0.0im
     | block_size = 200 
[TDSE] Runing TDSE-SH-linear (length gauge, dipole form). step 18600 energy = -0.49622492006932223, norm_value = 1.0 + 0.0im, bound_norm=0.999829, free_norm=0.000171 + 0.0im
     | block_size = 200 
[TDSE] Runing TDSE-SH-linear (length gauge, dipole form). step 18800 energy = -0.4962660677120083, norm_value = 1.0 + 0.0im, bound_norm=0.999843, free_norm=0.000157 + 0.0im
     | block_size = 200 
[TDSE] Runing TDSE-SH-linear (length gauge, dipole form). step 19000 energy = -0.4961169132265544, norm_value = 1.0 + 0.0im, bound_norm=0.999796, free_norm=0.000204 + 0.0im
     | block_size = 200 
[TDSE] Runing TDSE-SH-linear (length gauge, dipole form). step 19200 energy = -0.49584952448517283, norm_value = 1.0 + 0.0im, bound_norm=0.999713, free_norm=0.000287 + 0.0im
     | block_size = 200 
[TDSE] Runing TDSE-SH-linear (length gauge, dipole form). step 19400 energy = -0.4956031572964123, norm_value = 1.0 + 0.0im, bound_norm=0.999636, free_norm=0.000364 + 0.0im
     | block_size = 200 
[TDSE] Runing TDSE-SH-linear (length gauge, dipole form). step 19600 energy = -0.49541695355074367, norm_value = 1.0 + 0.0im, bound_norm=0.999592, free_norm=0.000408 + 0.0im
     | block_size = 200 
[TDSE] Runing TDSE-SH-linear (length gauge, dipole form). step 19800 energy = -0.4954024355469699, norm_value = 1.0 + 0.0im, bound_norm=0.999572, free_norm=0.000428 + 0.0im
     | block_size = 200 
[TDSE] Runing TDSE-SH-linear (length gauge, dipole form). step 20000 energy = -0.49553111751664214, norm_value = 1.0 + 0.0im, bound_norm=0.999615, free_norm=0.000385 + 0.0im
     | block_size = 200 
[TDSE] Runing TDSE-SH-linear (length gauge, dipole form). step 20200 energy = -0.49576242371250495, norm_value = 1.0 + 0.0im, bound_norm=0.999675, free_norm=0.000325 + 0.0im
     | block_size = 200 
[TDSE] Runing TDSE-SH-linear (length gauge, dipole form). step 20400 energy = -0.4960000562214415, norm_value = 1.0 + 0.0im, bound_norm=0.999753, free_norm=0.000247 + 0.0im
     | block_size = 200 
[TDSE] Runing TDSE-SH-linear (length gauge, dipole form). step 20600 energy = -0.4961860014786735, norm_value = 1.0 + 0.0im, bound_norm=0.999806, free_norm=0.000194 + 0.0im
     | block_size = 200 
[TDSE] Runing TDSE-SH-linear (length gauge, dipole form). step 20800 energy = -0.49629198462038954, norm_value = 1.0 + 0.0im, bound_norm=0.99984, free_norm=0.00016 + 0.0im
     | block_size = 200 
[TDSE] Runing TDSE-SH-linear (length gauge, dipole form). step 21000 energy = -0.4963101209950175, norm_value = 1.0 + 0.0im, bound_norm=0.999846, free_norm=0.000154 + 0.0im
     | block_size = 200 
[TDSE] Runing TDSE-SH-linear (length gauge, dipole form). step 21200 energy = -0.49626399939310767, norm_value = 1.0 + 0.0im, bound_norm=0.999834, free_norm=0.000166 + 0.0im
     | block_size = 200 
[TDSE] Runing TDSE-SH-linear (length gauge, dipole form). step 21400 energy = -0.49618819451226254, norm_value = 1.0 + 0.0im, bound_norm=0.999808, free_norm=0.000192 + 0.0im
     | block_size = 200 
[TDSE] Runing TDSE-SH-linear (length gauge, dipole form). step 21600 energy = -0.4961256873105959, norm_value = 1.0 + 0.0im, bound_norm=0.999787, free_norm=0.000213 + 0.0im
     | block_size = 200 
[TDSE] Runing TDSE-SH-linear (length gauge, dipole form). step 21800 energy = -0.4960873211718123, norm_value = 1.0 + 0.0im, bound_norm=0.999778, free_norm=0.000222 + 0.0im
     | block_size = 200 
[TDSE] Runing TDSE-SH-linear (length gauge, dipole form). step 22000 energy = -0.49610911120646595, norm_value = 1.0 + 0.0im, bound_norm=0.999781, free_norm=0.000219 + 0.0im
     | block_size = 200 
[TDSE] Runing TDSE-SH-linear (length gauge, dipole form). step 22200 energy = -0.49615247267925194, norm_value = 1.0 + 0.0im, bound_norm=0.999794, free_norm=0.000206 + 0.0im
     | block_size = 200 
[TDSE] Runing TDSE-SH-linear (length gauge, dipole form). step 22400 energy = -0.49621018347550233, norm_value = 1.0 + 0.0im, bound_norm=0.999812, free_norm=0.000188 + 0.0im
     | block_size = 200 
[TDSE] Runing TDSE-SH-linear (length gauge, dipole form). step 22600 energy = -0.496275724349975, norm_value = 1.0 + 0.0im, bound_norm=0.99983, free_norm=0.00017 + 0.0im
     | block_size = 200 
[TDSE] Runing TDSE-SH-linear (length gauge, dipole form). step 22800 energy = -0.49630903086204436, norm_value = 1.0 + 0.0im, bound_norm=0.999841, free_norm=0.000159 + 0.0im
     | block_size = 200 
[TDSE] Runing TDSE-SH-linear (length gauge, dipole form). step 23000 energy = -0.49633199491435936, norm_value = 1.0 + 0.0im, bound_norm=0.999847, free_norm=0.000153 + 0.0im
     | block_size = 200 
[TDSE] Runing TDSE-SH-linear (length gauge, dipole form). step 23200 energy = -0.4963343842569471, norm_value = 1.0 + 0.0im, bound_norm=0.999848, free_norm=0.000152 + 0.0im
     | block_size = 200 
[TDSE] Runing TDSE-SH-linear (length gauge, dipole form). step 23400 energy = -0.4963295574893542, norm_value = 1.0 + 0.0im, bound_norm=0.999846, free_norm=0.000154 + 0.0im
     | block_size = 200 
[TDSE] Runing TDSE-SH-linear (length gauge, dipole form). step 23600 energy = -0.4963195076756428, norm_value = 1.0 + 0.0im, bound_norm=0.999844, free_norm=0.000156 + 0.0im
     | block_size = 200 
[TDSE] Runing TDSE-SH-linear (length gauge, dipole form). step 23800 energy = -0.4963174445069755, norm_value = 1.0 + 0.0im, bound_norm=0.999842, free_norm=0.000158 + 0.0im
     | block_size = 200 
[TDSE] Runing TDSE-SH-linear (length gauge, dipole form). step 24000 energy = -0.49631594616538016, norm_value = 1.0 + 0.0im, bound_norm=0.999842, free_norm=0.000158 + 0.0im
     | block_size = 200 
[TDSE] Runing TDSE-SH-linear (length gauge, dipole form). step 24200 energy = -0.496317907795708, norm_value = 1.0 + 0.0im, bound_norm=0.999843, free_norm=0.000157 + 0.0im
     | block_size = 200 
[TDSE] Runing TDSE-SH-linear (length gauge, dipole form). step 24400 energy = -0.49632838931090684, norm_value = 1.0 + 0.0im, bound_norm=0.999844, free_norm=0.000156 + 0.0im
     | block_size = 200 
[TDSE] Runing TDSE-SH-linear (length gauge, dipole form). step 24600 energy = -0.4963306236940064, norm_value = 1.0 + 0.0im, bound_norm=0.999846, free_norm=0.000154 + 0.0im
     | block_size = 200 
[TDSE] Runing TDSE-SH-linear (length gauge, dipole form). step 24800 energy = -0.49633513649480426, norm_value = 1.0 + 0.0im, bound_norm=0.999848, free_norm=0.000152 + 0.0im
     | block_size = 200 
[TDSE] Runing TDSE-SH-linear (length gauge, dipole form). step 25000 energy = -0.49633685323300836, norm_value = 1.0 + 0.0im, bound_norm=0.999848, free_norm=0.000152 + 0.0im
     | block_size = 200 
[TDSE] Runing TDSE-SH-linear (length gauge, dipole form). step 25200 energy = -0.4963373045430084, norm_value = 1.0 + 0.0im, bound_norm=0.999848, free_norm=0.000152 + 0.0im
     | block_size = 200 
[TDSE] Runing TDSE-SH-linear (length gauge, dipole form). step 25400 energy = -0.49633746684083396, norm_value = 1.0 + 0.0im, bound_norm=0.999848, free_norm=0.000152 + 0.0im
     | block_size = 200 
[TDSE] Runing TDSE-SH-linear (length gauge, dipole form). step 25600 energy = -0.4963375136298513, norm_value = 1.0 + 0.0im, bound_norm=0.999848, free_norm=0.000152 + 0.0im
     | block_size = 200 
[TDSE] Runing TDSE-SH-linear (length gauge, dipole form). step 25800 energy = -0.4963374833129238, norm_value = 1.0 + 0.0im, bound_norm=0.999848, free_norm=0.000152 + 0.0im
     | block_size = 200 
[TDSE] Runing TDSE-SH-linear (length gauge, dipole form). step 26000 energy = -0.4963374491111791, norm_value = 1.0 + 0.0im, bound_norm=0.999848, free_norm=0.000152 + 0.0im
     | block_size = 200 
[TDSE] Runing TDSE-SH-linear (length gauge, dipole form). step 26200 energy = -0.49633755834602966, norm_value = 1.0 + 0.0im, bound_norm=0.999848, free_norm=0.000152 + 0.0im
     | block_size = 200 
[TDSE] Runing TDSE-SH-linear (length gauge, dipole form). step 26400 energy = -0.49633752895785654, norm_value = 1.0 + 0.0im, bound_norm=0.999848, free_norm=0.000152 + 0.0im
     | block_size = 200 
Sample 2026_5_15_hg_massive_0.0425_0.0_0.0285_6.0_short_range does not exist. Exceute a new sample.
[ITP]: 10000.496424741636
[ITP]: 3.468948764850932e-6
[ITP]: 2.0119768988635656e-6
[ITP]: 1.2363970314233086e-6
[ITP]: 7.802127368616851e-7
[ITP]: 5.004886823867238e-7
[ITP]: 3.247063635747338e-7
[ITP]: 2.1241854042397534e-7
[ITP]: 1.3984492786001113e-7
[ITP]: 9.25260389417204e-8
[ITP]: 6.146357944825098e-8
[ITP]: 4.0962812142275595e-8
[ITP]: 2.737382170936442e-8
[ITP]: 1.8334269435982264e-8
[ITP]: 1.2303307206362746e-8
[ITP]: 8.269649631742482e-9
[ITP]: 5.566198502116038e-9
[ITP]: 3.7510526906814334e-9
[ITP]: 2.530471499007092e-9
[ITP]: 1.7086173587088638e-9
[ITP]: 1.154605577813328e-9
[ITP]: 7.807770541212733e-10
[ITP]: 5.283077308959605e-10
[ITP]: 3.576713369923823e-10
[ITP]: 2.422650968725293e-10
[ITP]: 1.6416579207145787e-10
[ITP]: 1.1128536980820058e-10
[ITP]: 7.546496760824084e-11
[ITP]: 5.119060730862657e-11
[ITP]: 3.4733049769641866e-11
[ITP]: 2.3571977703085167e-11
[ITP]: 1.6002199565434694e-11
[ITP]: 1.086369882941085e-11
[ITP]: 7.378653243961253e-12
[ITP]: 5.010714065889488e-12
[ITP]: 3.4039993046519612e-12
[ITP]: 2.313038649504051e-12
[ITP]: 1.570410468332284e-12
[ITP]: 1.0681455719918631e-12
[ITP]: 7.265299473147024e-13
[ITP]: 4.919398222114069e-13
[ITP]: 3.346212196220222e-13
[ITP]: 2.2842838731662596e-13
[ITP]: 1.5498713423767185e-13
[ITP]: 1.0536016503692736e-13
[ITP]: 7.188694084447889e-14
[ITP]: 4.801714581503802e-14
[ITP]: 3.347322419244847e-14
[ITP]: 2.3148150063434514e-14
[ITP]: 1.4432899320127035e-14
[ITP]: 1.1102230246251565e-14
[ITP]: 7.16093850883226e-15
[ITP]: 4.440892098500626e-15
[ITP]: 2.6645352591003757e-15
[ITP]: 2.831068712794149e-15
[ITP]: 1.4988010832439613e-15
[ITP]: 6.661338147750939e-16
[ITP]: 7.771561172376096e-16
[ITP]: 5.551115123125783e-16
[ITP]: 2.220446049250313e-16
[ITP]: 4.440892098500626e-16
[ITP]: 6.106226635438361e-16
[ITP]: 7.216449660063518e-16
[ITP]: 4.440892098500626e-16
[ITP]: 4.440892098500626e-16
[ITP]: 3.3306690738754696e-16
[ITP]: 1.1102230246251565e-15
[ITP]: 1.1102230246251565e-16
[ITP]: 7.216449660063518e-16
[ITP]: 1.1102230246251565e-16
[ITP]: 8.326672684688674e-16
[ITP]: 7.216449660063518e-16
[ITP]: 2.7755575615628914e-16
[ITP]: 4.996003610813204e-16
[ITP]: 4.440892098500626e-16
[ITP]: 4.440892098500626e-16
[ITP]: 1.6653345369377348e-16
[ITP]: 4.996003610813204e-16
[ITP]: 1.1657341758564144e-15
[ITP]: 1.1102230246251565e-16
[ITP]: 0.0
[TDSE] Runing TDSE-SH-linear (length gauge, dipole form). step 0 energy = -0.4964336949924361, norm_value = 1.0 + 0.0im, bound_norm=1.0, free_norm=0.0 + 0.0im
     | block_size = 3 
[TDSE] Runing TDSE-SH-linear (length gauge, dipole form). step 200 energy = -0.49643369379955377, norm_value = 1.0 + 0.0im, bound_norm=1.0, free_norm=0.0 + 0.0im
     | block_size = 3 
[TDSE] Runing TDSE-SH-linear (length gauge, dipole form). step 400 energy = -0.4964336802492603, norm_value = 1.0 + 0.0im, bound_norm=1.0, free_norm=0.0 + 0.0im
     | block_size = 4 
[TDSE] Runing TDSE-SH-linear (length gauge, dipole form). step 600 energy = -0.4964336484196314, norm_value = 1.0 + 0.0im, bound_norm=1.0, free_norm=0.0 + 0.0im
     | block_size = 4 
[TDSE] Runing TDSE-SH-linear (length gauge, dipole form). step 800 energy = -0.49643363659884737, norm_value = 1.0 + 0.0im, bound_norm=1.0, free_norm=0.0 + 0.0im
     | block_size = 4 
[TDSE] Runing TDSE-SH-linear (length gauge, dipole form). step 1000 energy = -0.49643367232290364, norm_value = 1.0 + 0.0im, bound_norm=1.0, free_norm=0.0 + 0.0im
     | block_size = 4 
[TDSE] Runing TDSE-SH-linear (length gauge, dipole form). step 1200 energy = -0.4964336581187717, norm_value = 1.0 + 0.0im, bound_norm=1.0, free_norm=0.0 + 0.0im
     | block_size = 4 
[TDSE] Runing TDSE-SH-linear (length gauge, dipole form). step 1400 energy = -0.4964331810293636, norm_value = 1.0 + 0.0im, bound_norm=1.0, free_norm=0.0 + 0.0im
     | block_size = 4 
[TDSE] Runing TDSE-SH-linear (length gauge, dipole form). step 1600 energy = -0.4964315438059695, norm_value = 1.0 + 0.0im, bound_norm=0.999999, free_norm=1.0e-6 + 0.0im
     | block_size = 5 
[TDSE] Runing TDSE-SH-linear (length gauge, dipole form). step 1800 energy = -0.4964279828305161, norm_value = 1.0 + 0.0im, bound_norm=0.999998, free_norm=2.0e-6 + 0.0im
     | block_size = 5 
[TDSE] Runing TDSE-SH-linear (length gauge, dipole form). step 2000 energy = -0.4964224535020561, norm_value = 1.0 + 0.0im, bound_norm=0.999997, free_norm=3.0e-6 + 0.0im
     | block_size = 7 
[TDSE] Runing TDSE-SH-linear (length gauge, dipole form). step 2200 energy = -0.4964158441955924, norm_value = 1.0 + 0.0im, bound_norm=0.999994, free_norm=6.0e-6 + 0.0im
     | block_size = 8 
[TDSE] Runing TDSE-SH-linear (length gauge, dipole form). step 2400 energy = -0.496410479811754, norm_value = 1.0 + 0.0im, bound_norm=0.999993, free_norm=7.0e-6 + 0.0im
     | block_size = 11 
[TDSE] Runing TDSE-SH-linear (length gauge, dipole form). step 2600 energy = -0.49640918183598504, norm_value = 1.0 + 0.0im, bound_norm=0.999992, free_norm=8.0e-6 + 0.0im
     | block_size = 13 
[TDSE] Runing TDSE-SH-linear (length gauge, dipole form). step 2800 energy = -0.4964135812230826, norm_value = 1.0 + 0.0im, bound_norm=0.999994, free_norm=6.0e-6 + 0.0im
     | block_size = 16 
[TDSE] Runing TDSE-SH-linear (length gauge, dipole form). step 3000 energy = -0.4964227796617791, norm_value = 1.0 + 0.0im, bound_norm=0.999997, free_norm=3.0e-6 + 0.0im
     | block_size = 18 
[TDSE] Runing TDSE-SH-linear (length gauge, dipole form). step 3200 energy = -0.4964315705572337, norm_value = 1.0 + 0.0im, bound_norm=0.999999, free_norm=1.0e-6 + 0.0im
     | block_size = 19 
[TDSE] Runing TDSE-SH-linear (length gauge, dipole form). step 3400 energy = -0.4964316243249277, norm_value = 1.0 + 0.0im, bound_norm=0.999999, free_norm=1.0e-6 + 0.0im
     | block_size = 19 
[TDSE] Runing TDSE-SH-linear (length gauge, dipole form). step 3600 energy = -0.49641381576096677, norm_value = 1.0 + 0.0im, bound_norm=0.999994, free_norm=6.0e-6 + 0.0im
     | block_size = 17 
[TDSE] Runing TDSE-SH-linear (length gauge, dipole form). step 3800 energy = -0.49637286049777063, norm_value = 1.0 + 0.0im, bound_norm=0.999981, free_norm=1.9e-5 + 0.0im
     | block_size = 13 
[TDSE] Runing TDSE-SH-linear (length gauge, dipole form). step 4000 energy = -0.4963109758022969, norm_value = 1.0 + 0.0im, bound_norm=0.999962, free_norm=3.8e-5 + 0.0im
     | block_size = 9 
[TDSE] Runing TDSE-SH-linear (length gauge, dipole form). step 4200 energy = -0.4962408720590237, norm_value = 1.0 + 0.0im, bound_norm=0.999941, free_norm=5.9e-5 + 0.0im
     | block_size = 15 
[TDSE] Runing TDSE-SH-linear (length gauge, dipole form). step 4400 energy = -0.4961832954094176, norm_value = 1.0 + 0.0im, bound_norm=0.999924, free_norm=7.6e-5 + 0.0im
     | block_size = 25 
[TDSE] Runing TDSE-SH-linear (length gauge, dipole form). step 4600 energy = -0.496160239218013, norm_value = 1.0 + 0.0im, bound_norm=0.999917, free_norm=8.3e-5 + 0.0im
     | block_size = 35 
[TDSE] Runing TDSE-SH-linear (length gauge, dipole form). step 4800 energy = -0.49618629668796654, norm_value = 1.0 + 0.0im, bound_norm=0.999925, free_norm=7.5e-5 + 0.0im
     | block_size = 45 
[TDSE] Runing TDSE-SH-linear (length gauge, dipole form). step 5000 energy = -0.496257352592638, norm_value = 1.0 + 0.0im, bound_norm=0.999946, free_norm=5.4e-5 + 0.0im
     | block_size = 55 
[TDSE] Runing TDSE-SH-linear (length gauge, dipole form). step 5200 energy = -0.49634857010681416, norm_value = 1.0 + 0.0im, bound_norm=0.999974, free_norm=2.6e-5 + 0.0im
     | block_size = 62 
[TDSE] Runing TDSE-SH-linear (length gauge, dipole form). step 5400 energy = -0.49641846202641615, norm_value = 1.0 + 0.0im, bound_norm=0.999996, free_norm=4.0e-6 + 0.0im
     | block_size = 66 
[TDSE] Runing TDSE-SH-linear (length gauge, dipole form). step 5600 energy = -0.4964219023610072, norm_value = 1.0 + 0.0im, bound_norm=0.999997, free_norm=3.0e-6 + 0.0im
     | block_size = 66 
[TDSE] Runing TDSE-SH-linear (length gauge, dipole form). step 5800 energy = -0.4963266482245119, norm_value = 1.0 + 0.0im, bound_norm=0.999967, free_norm=3.3e-5 + 0.0im
     | block_size = 62 
[TDSE] Runing TDSE-SH-linear (length gauge, dipole form). step 6000 energy = -0.496128365631384, norm_value = 1.0 + 0.0im, bound_norm=0.999907, free_norm=9.3e-5 + 0.0im
     | block_size = 52 
[TDSE] Runing TDSE-SH-linear (length gauge, dipole form). step 6200 energy = -0.4958598171832776, norm_value = 1.0 + 0.0im, bound_norm=0.999827, free_norm=0.000173 + 0.0im
     | block_size = 40 
[TDSE] Runing TDSE-SH-linear (length gauge, dipole form). step 6400 energy = -0.49558919723241046, norm_value = 1.0 + 0.0im, bound_norm=0.99975, free_norm=0.00025 + 0.0im
     | block_size = 26 
[TDSE] Runing TDSE-SH-linear (length gauge, dipole form). step 6600 energy = -0.49540453844719634, norm_value = 1.0 + 0.0im, bound_norm=0.999698, free_norm=0.000302 + 0.0im
     | block_size = 35 
[TDSE] Runing TDSE-SH-linear (length gauge, dipole form). step 6800 energy = -0.4953795921074778, norm_value = 1.0 + 0.0im, bound_norm=0.999691, free_norm=0.000309 + 0.0im
     | block_size = 45 
[TDSE] Runing TDSE-SH-linear (length gauge, dipole form). step 7000 energy = -0.4955388832584446, norm_value = 1.0 + 0.0im, bound_norm=0.999736, free_norm=0.000264 + 0.0im
     | block_size = 55 
[TDSE] Runing TDSE-SH-linear (length gauge, dipole form). step 7200 energy = -0.4958343569635542, norm_value = 1.0 + 0.0im, bound_norm=0.999821, free_norm=0.000179 + 0.0im
     | block_size = 65 
[TDSE] Runing TDSE-SH-linear (length gauge, dipole form). step 7400 energy = -0.4961593876454996, norm_value = 1.0 + 0.0im, bound_norm=0.999917, free_norm=8.3e-5 + 0.0im
     | block_size = 75 
[TDSE] Runing TDSE-SH-linear (length gauge, dipole form). step 7600 energy = -0.4963855892358504, norm_value = 1.0 + 0.0im, bound_norm=0.999986, free_norm=1.4e-5 + 0.0im
     | block_size = 83 
[TDSE] Runing TDSE-SH-linear (length gauge, dipole form). step 7800 energy = -0.4964029613992269, norm_value = 1.0 + 0.0im, bound_norm=0.999992, free_norm=8.0e-6 + 0.0im
     | block_size = 83 
[TDSE] Runing TDSE-SH-linear (length gauge, dipole form). step 8000 energy = -0.49615329290659277, norm_value = 1.0 + 0.0im, bound_norm=0.999915, free_norm=8.5e-5 + 0.0im
     | block_size = 77 
[TDSE] Runing TDSE-SH-linear (length gauge, dipole form). step 8200 energy = -0.4956520735848652, norm_value = 1.0 + 0.0im, bound_norm=0.999767, free_norm=0.000233 + 0.0im
     | block_size = 73 
[TDSE] Runing TDSE-SH-linear (length gauge, dipole form). step 8400 energy = -0.4950000444991171, norm_value = 1.0 + 0.0im, bound_norm=0.999586, free_norm=0.000414 + 0.0im
     | block_size = 81 
[TDSE] Runing TDSE-SH-linear (length gauge, dipole form). step 8600 energy = -0.49437522416099117, norm_value = 1.0 + 0.0im, bound_norm=0.999427, free_norm=0.000573 + 0.0im
     | block_size = 91 
[TDSE] Runing TDSE-SH-linear (length gauge, dipole form). step 8800 energy = -0.4939942223285881, norm_value = 1.0 + 0.0im, bound_norm=0.999336, free_norm=0.000664 + 0.0im
     | block_size = 101 
[TDSE] Runing TDSE-SH-linear (length gauge, dipole form). step 9000 energy = -0.4940251680804933, norm_value = 1.0 + 0.0im, bound_norm=0.999341, free_norm=0.000659 + 0.0im
     | block_size = 111 
[TDSE] Runing TDSE-SH-linear (length gauge, dipole form). step 9200 energy = -0.4944815908839542, norm_value = 1.0 + 0.0im, bound_norm=0.999446, free_norm=0.000554 + 0.0im
     | block_size = 121 
[TDSE] Runing TDSE-SH-linear (length gauge, dipole form). step 9400 energy = -0.4951870837286361, norm_value = 1.0 + 0.0im, bound_norm=0.999635, free_norm=0.000365 + 0.0im
     | block_size = 131 
[TDSE] Runing TDSE-SH-linear (length gauge, dipole form). step 9600 energy = -0.4958815130191169, norm_value = 1.0 + 0.0im, bound_norm=0.999834, free_norm=0.000166 + 0.0im
     | block_size = 141 
[TDSE] Runing TDSE-SH-linear (length gauge, dipole form). step 9800 energy = -0.49633543439521655, norm_value = 1.0 + 0.0im, bound_norm=0.99997, free_norm=3.0e-5 + 0.0im
     | block_size = 151 
[TDSE] Runing TDSE-SH-linear (length gauge, dipole form). step 10000 energy = -0.49638030975013325, norm_value = 1.0 + 0.0im, bound_norm=0.999984, free_norm=1.6e-5 + 0.0im
     | block_size = 152 
[TDSE] Runing TDSE-SH-linear (length gauge, dipole form). step 10200 energy = -0.49595060391904044, norm_value = 1.0 + 0.0im, bound_norm=0.999854, free_norm=0.000146 + 0.0im
     | block_size = 149 
[TDSE] Runing TDSE-SH-linear (length gauge, dipole form). step 10400 energy = -0.4951027181074887, norm_value = 1.0 + 0.0im, bound_norm=0.999612, free_norm=0.000388 + 0.0im
     | block_size = 159 
[TDSE] Runing TDSE-SH-linear (length gauge, dipole form). step 10600 energy = -0.4940153393126119, norm_value = 1.0 + 0.0im, bound_norm=0.999335, free_norm=0.000665 + 0.0im
     | block_size = 169 
[TDSE] Runing TDSE-SH-linear (length gauge, dipole form). step 10800 energy = -0.49298728805981185, norm_value = 1.0 + 0.0im, bound_norm=0.999111, free_norm=0.000889 + 0.0im
     | block_size = 179 
[TDSE] Runing TDSE-SH-linear (length gauge, dipole form). step 11000 energy = -0.4923974350326745, norm_value = 1.0 + 0.0im, bound_norm=0.999004, free_norm=0.000996 + 0.0im
     | block_size = 181 
[TDSE] Runing TDSE-SH-linear (length gauge, dipole form). step 11200 energy = -0.4925312204356422, norm_value = 1.0 + 0.0im, bound_norm=0.999012, free_norm=0.000988 + 0.0im
     | block_size = 184 
[TDSE] Runing TDSE-SH-linear (length gauge, dipole form). step 11400 energy = -0.4933742688539707, norm_value = 1.0 + 0.0im, bound_norm=0.999128, free_norm=0.000872 + 0.0im
     | block_size = 194 
[TDSE] Runing TDSE-SH-linear (length gauge, dipole form). step 11600 energy = -0.49453610709770496, norm_value = 1.0 + 0.0im, bound_norm=0.999382, free_norm=0.000618 + 0.0im
     | block_size = 200 
[TDSE] Runing TDSE-SH-linear (length gauge, dipole form). step 11800 energy = -0.49555669978584604, norm_value = 1.0 + 0.0im, bound_norm=0.999697, free_norm=0.000303 + 0.0im
     | block_size = 200 
[TDSE] Runing TDSE-SH-linear (length gauge, dipole form). step 12000 energy = -0.4961911091375682, norm_value = 1.0 + 0.0im, bound_norm=0.999878, free_norm=0.000122 + 0.0im
     | block_size = 200 
[TDSE] Runing TDSE-SH-linear (length gauge, dipole form). step 12200 energy = -0.49626750609336506, norm_value = 1.0 + 0.0im, bound_norm=0.999905, free_norm=9.5e-5 + 0.0im
     | block_size = 200 
[TDSE] Runing TDSE-SH-linear (length gauge, dipole form). step 12400 energy = -0.4957362401600698, norm_value = 1.0 + 0.0im, bound_norm=0.999745, free_norm=0.000255 + 0.0im
     | block_size = 200 
[TDSE] Runing TDSE-SH-linear (length gauge, dipole form). step 12600 energy = -0.49471779957224465, norm_value = 1.0 + 0.0im, bound_norm=0.999454, free_norm=0.000546 + 0.0im
     | block_size = 200 
[TDSE] Runing TDSE-SH-linear (length gauge, dipole form). step 12800 energy = -0.49341776254335423, norm_value = 1.0 + 0.0im, bound_norm=0.999139, free_norm=0.000861 + 0.0im
     | block_size = 200 
[TDSE] Runing TDSE-SH-linear (length gauge, dipole form). step 13000 energy = -0.492209389316041, norm_value = 1.0 + 0.0im, bound_norm=0.998892, free_norm=0.001108 + 0.0im
     | block_size = 200 
[TDSE] Runing TDSE-SH-linear (length gauge, dipole form). step 13200 energy = -0.4915674446820842, norm_value = 1.0 + 0.0im, bound_norm=0.998787, free_norm=0.001213 + 0.0im
     | block_size = 200 
[TDSE] Runing TDSE-SH-linear (length gauge, dipole form). step 13400 energy = -0.49179237709574514, norm_value = 1.0 + 0.0im, bound_norm=0.998776, free_norm=0.001224 + 0.0im
     | block_size = 200 
[TDSE] Runing TDSE-SH-linear (length gauge, dipole form). step 13600 energy = -0.49281334398037246, norm_value = 1.0 + 0.0im, bound_norm=0.998867, free_norm=0.001133 + 0.0im
     | block_size = 200 
[TDSE] Runing TDSE-SH-linear (length gauge, dipole form). step 13800 energy = -0.49412065063875593, norm_value = 1.0 + 0.0im, bound_norm=0.999123, free_norm=0.000877 + 0.0im
     | block_size = 200 
[TDSE] Runing TDSE-SH-linear (length gauge, dipole form). step 14000 energy = -0.4951803048320754, norm_value = 1.0 + 0.0im, bound_norm=0.999477, free_norm=0.000523 + 0.0im
     | block_size = 200 
[TDSE] Runing TDSE-SH-linear (length gauge, dipole form). step 14200 energy = -0.49581551828227505, norm_value = 1.0 + 0.0im, bound_norm=0.999666, free_norm=0.000334 + 0.0im
     | block_size = 200 
[TDSE] Runing TDSE-SH-linear (length gauge, dipole form). step 14400 energy = -0.4959040421014455, norm_value = 1.0 + 0.0im, bound_norm=0.999699, free_norm=0.000301 + 0.0im
     | block_size = 200 
[TDSE] Runing TDSE-SH-linear (length gauge, dipole form). step 14600 energy = -0.49543231083751677, norm_value = 1.0 + 0.0im, bound_norm=0.999549, free_norm=0.000451 + 0.0im
     | block_size = 200 
[TDSE] Runing TDSE-SH-linear (length gauge, dipole form). step 14800 energy = -0.4945622164830394, norm_value = 1.0 + 0.0im, bound_norm=0.999282, free_norm=0.000718 + 0.0im
     | block_size = 200 
[TDSE] Runing TDSE-SH-linear (length gauge, dipole form). step 15000 energy = -0.4934901234884214, norm_value = 1.0 + 0.0im, bound_norm=0.998995, free_norm=0.001005 + 0.0im
     | block_size = 200 
[TDSE] Runing TDSE-SH-linear (length gauge, dipole form). step 15200 energy = -0.4925564449751906, norm_value = 1.0 + 0.0im, bound_norm=0.998783, free_norm=0.001217 + 0.0im
     | block_size = 200 
[TDSE] Runing TDSE-SH-linear (length gauge, dipole form). step 15400 energy = -0.492185453261859, norm_value = 1.0 + 0.0im, bound_norm=0.998714, free_norm=0.001286 + 0.0im
     | block_size = 200 
[TDSE] Runing TDSE-SH-linear (length gauge, dipole form). step 15600 energy = -0.49248631702082313, norm_value = 1.0 + 0.0im, bound_norm=0.998725, free_norm=0.001275 + 0.0im
     | block_size = 200 
[TDSE] Runing TDSE-SH-linear (length gauge, dipole form). step 15800 energy = -0.49340356623381226, norm_value = 1.0 + 0.0im, bound_norm=0.998885, free_norm=0.001115 + 0.0im
     | block_size = 200 
[TDSE] Runing TDSE-SH-linear (length gauge, dipole form). step 16000 energy = -0.4944243669844074, norm_value = 1.0 + 0.0im, bound_norm=0.999164, free_norm=0.000836 + 0.0im
     | block_size = 200 
[TDSE] Runing TDSE-SH-linear (length gauge, dipole form). step 16200 energy = -0.49527394824548215, norm_value = 1.0 + 0.0im, bound_norm=0.99944, free_norm=0.00056 + 0.0im
     | block_size = 200 
[TDSE] Runing TDSE-SH-linear (length gauge, dipole form). step 16400 energy = -0.4957720159895168, norm_value = 1.0 + 0.0im, bound_norm=0.999597, free_norm=0.000403 + 0.0im
     | block_size = 200 
[TDSE] Runing TDSE-SH-linear (length gauge, dipole form). step 16600 energy = -0.4958476449396316, norm_value = 1.0 + 0.0im, bound_norm=0.999625, free_norm=0.000375 + 0.0im
     | block_size = 200 
[TDSE] Runing TDSE-SH-linear (length gauge, dipole form). step 16800 energy = -0.4955256111210327, norm_value = 1.0 + 0.0im, bound_norm=0.999518, free_norm=0.000482 + 0.0im
     | block_size = 200 
[TDSE] Runing TDSE-SH-linear (length gauge, dipole form). step 17000 energy = -0.4949546012947561, norm_value = 1.0 + 0.0im, bound_norm=0.999328, free_norm=0.000672 + 0.0im
     | block_size = 200 
[TDSE] Runing TDSE-SH-linear (length gauge, dipole form). step 17200 energy = -0.494313829194641, norm_value = 1.0 + 0.0im, bound_norm=0.999143, free_norm=0.000857 + 0.0im
     | block_size = 200 
[TDSE] Runing TDSE-SH-linear (length gauge, dipole form). step 17400 energy = -0.4938221938203392, norm_value = 1.0 + 0.0im, bound_norm=0.999, free_norm=0.001 + 0.0im
     | block_size = 200 
[TDSE] Runing TDSE-SH-linear (length gauge, dipole form). step 17600 energy = -0.4937157894124194, norm_value = 1.0 + 0.0im, bound_norm=0.998982, free_norm=0.001018 + 0.0im
     | block_size = 200 
[TDSE] Runing TDSE-SH-linear (length gauge, dipole form). step 17800 energy = -0.494007139923546, norm_value = 1.0 + 0.0im, bound_norm=0.999035, free_norm=0.000965 + 0.0im
     | block_size = 200 
[TDSE] Runing TDSE-SH-linear (length gauge, dipole form). step 18000 energy = -0.49456234589037423, norm_value = 1.0 + 0.0im, bound_norm=0.999159, free_norm=0.000841 + 0.0im
     | block_size = 200 
[TDSE] Runing TDSE-SH-linear (length gauge, dipole form). step 18200 energy = -0.4951806031172401, norm_value = 1.0 + 0.0im, bound_norm=0.999357, free_norm=0.000643 + 0.0im
     | block_size = 200 
[TDSE] Runing TDSE-SH-linear (length gauge, dipole form). step 18400 energy = -0.49568129844182823, norm_value = 1.0 + 0.0im, bound_norm=0.999515, free_norm=0.000485 + 0.0im
     | block_size = 200 
[TDSE] Runing TDSE-SH-linear (length gauge, dipole form). step 18600 energy = -0.4959838001556716, norm_value = 1.0 + 0.0im, bound_norm=0.999609, free_norm=0.000391 + 0.0im
     | block_size = 200 
[TDSE] Runing TDSE-SH-linear (length gauge, dipole form). step 18800 energy = -0.49602806959192874, norm_value = 1.0 + 0.0im, bound_norm=0.999626, free_norm=0.000374 + 0.0im
     | block_size = 200 
[TDSE] Runing TDSE-SH-linear (length gauge, dipole form). step 19000 energy = -0.4958662848027852, norm_value = 1.0 + 0.0im, bound_norm=0.99957, free_norm=0.00043 + 0.0im
     | block_size = 200 
[TDSE] Runing TDSE-SH-linear (length gauge, dipole form). step 19200 energy = -0.49558765832874846, norm_value = 1.0 + 0.0im, bound_norm=0.999475, free_norm=0.000525 + 0.0im
     | block_size = 200 
[TDSE] Runing TDSE-SH-linear (length gauge, dipole form). step 19400 energy = -0.49532673225880547, norm_value = 1.0 + 0.0im, bound_norm=0.999396, free_norm=0.000604 + 0.0im
     | block_size = 200 
[TDSE] Runing TDSE-SH-linear (length gauge, dipole form). step 19600 energy = -0.4951570302720623, norm_value = 1.0 + 0.0im, bound_norm=0.999345, free_norm=0.000655 + 0.0im
     | block_size = 200 
[TDSE] Runing TDSE-SH-linear (length gauge, dipole form). step 19800 energy = -0.49513721119900655, norm_value = 1.0 + 0.0im, bound_norm=0.999328, free_norm=0.000672 + 0.0im
     | block_size = 200 
[TDSE] Runing TDSE-SH-linear (length gauge, dipole form). step 20000 energy = -0.495298719542864, norm_value = 1.0 + 0.0im, bound_norm=0.999357, free_norm=0.000643 + 0.0im
     | block_size = 200 
[TDSE] Runing TDSE-SH-linear (length gauge, dipole form). step 20200 energy = -0.49550258306023476, norm_value = 1.0 + 0.0im, bound_norm=0.999431, free_norm=0.000569 + 0.0im
     | block_size = 200 
[TDSE] Runing TDSE-SH-linear (length gauge, dipole form). step 20400 energy = -0.495802260922153, norm_value = 1.0 + 0.0im, bound_norm=0.999517, free_norm=0.000483 + 0.0im
     | block_size = 200 
[TDSE] Runing TDSE-SH-linear (length gauge, dipole form). step 20600 energy = -0.4959916645216886, norm_value = 1.0 + 0.0im, bound_norm=0.999588, free_norm=0.000412 + 0.0im
     | block_size = 200 
[TDSE] Runing TDSE-SH-linear (length gauge, dipole form). step 20800 energy = -0.49611477659753966, norm_value = 1.0 + 0.0im, bound_norm=0.999626, free_norm=0.000374 + 0.0im
     | block_size = 200 
[TDSE] Runing TDSE-SH-linear (length gauge, dipole form). step 21000 energy = -0.4961275791854535, norm_value = 1.0 + 0.0im, bound_norm=0.99963, free_norm=0.00037 + 0.0im
     | block_size = 200 
[TDSE] Runing TDSE-SH-linear (length gauge, dipole form). step 21200 energy = -0.49608620929605785, norm_value = 1.0 + 0.0im, bound_norm=0.999611, free_norm=0.000389 + 0.0im
     | block_size = 200 
[TDSE] Runing TDSE-SH-linear (length gauge, dipole form). step 21400 energy = -0.4959940403784933, norm_value = 1.0 + 0.0im, bound_norm=0.999586, free_norm=0.000414 + 0.0im
     | block_size = 200 
[TDSE] Runing TDSE-SH-linear (length gauge, dipole form). step 21600 energy = -0.4959413529884537, norm_value = 1.0 + 0.0im, bound_norm=0.999557, free_norm=0.000443 + 0.0im
     | block_size = 200 
[TDSE] Runing TDSE-SH-linear (length gauge, dipole form). step 21800 energy = -0.49591466445193677, norm_value = 1.0 + 0.0im, bound_norm=0.999552, free_norm=0.000448 + 0.0im
     | block_size = 200 
[TDSE] Runing TDSE-SH-linear (length gauge, dipole form). step 22000 energy = -0.49591843842928485, norm_value = 1.0 + 0.0im, bound_norm=0.999552, free_norm=0.000448 + 0.0im
     | block_size = 200 
[TDSE] Runing TDSE-SH-linear (length gauge, dipole form). step 22200 energy = -0.495998236584549, norm_value = 1.0 + 0.0im, bound_norm=0.999567, free_norm=0.000433 + 0.0im
     | block_size = 200 
[TDSE] Runing TDSE-SH-linear (length gauge, dipole form). step 22400 energy = -0.4960507965961776, norm_value = 1.0 + 0.0im, bound_norm=0.999592, free_norm=0.000408 + 0.0im
     | block_size = 200 
[TDSE] Runing TDSE-SH-linear (length gauge, dipole form). step 22600 energy = -0.49611382311915697, norm_value = 1.0 + 0.0im, bound_norm=0.999609, free_norm=0.000391 + 0.0im
     | block_size = 200 
[TDSE] Runing TDSE-SH-linear (length gauge, dipole form). step 22800 energy = -0.4961690048808128, norm_value = 1.0 + 0.0im, bound_norm=0.999626, free_norm=0.000374 + 0.0im
     | block_size = 200 
[TDSE] Runing TDSE-SH-linear (length gauge, dipole form). step 23000 energy = -0.4961860431449006, norm_value = 1.0 + 0.0im, bound_norm=0.999632, free_norm=0.000368 + 0.0im
     | block_size = 200 
[TDSE] Runing TDSE-SH-linear (length gauge, dipole form). step 23200 energy = -0.4961911169978337, norm_value = 1.0 + 0.0im, bound_norm=0.999633, free_norm=0.000367 + 0.0im
     | block_size = 200 
[TDSE] Runing TDSE-SH-linear (length gauge, dipole form). step 23400 energy = -0.4961834695775645, norm_value = 1.0 + 0.0im, bound_norm=0.999632, free_norm=0.000368 + 0.0im
     | block_size = 200 
[TDSE] Runing TDSE-SH-linear (length gauge, dipole form). step 23600 energy = -0.4961775931246463, norm_value = 1.0 + 0.0im, bound_norm=0.999628, free_norm=0.000372 + 0.0im
     | block_size = 200 
[TDSE] Runing TDSE-SH-linear (length gauge, dipole form). step 23800 energy = -0.4961671272004407, norm_value = 1.0 + 0.0im, bound_norm=0.999627, free_norm=0.000373 + 0.0im
     | block_size = 200 
[TDSE] Runing TDSE-SH-linear (length gauge, dipole form). step 24000 energy = -0.4961750129171901, norm_value = 1.0 + 0.0im, bound_norm=0.999626, free_norm=0.000374 + 0.0im
     | block_size = 200 
[TDSE] Runing TDSE-SH-linear (length gauge, dipole form). step 24200 energy = -0.49617677698527823, norm_value = 1.0 + 0.0im, bound_norm=0.999626, free_norm=0.000374 + 0.0im
     | block_size = 200 
[TDSE] Runing TDSE-SH-linear (length gauge, dipole form). step 24400 energy = -0.4961825733050936, norm_value = 1.0 + 0.0im, bound_norm=0.999628, free_norm=0.000372 + 0.0im
     | block_size = 200 
[TDSE] Runing TDSE-SH-linear (length gauge, dipole form). step 24600 energy = -0.49619137109886524, norm_value = 1.0 + 0.0im, bound_norm=0.99963, free_norm=0.00037 + 0.0im
     | block_size = 200 
[TDSE] Runing TDSE-SH-linear (length gauge, dipole form). step 24800 energy = -0.4961926225196395, norm_value = 1.0 + 0.0im, bound_norm=0.999631, free_norm=0.000369 + 0.0im
     | block_size = 200 
[TDSE] Runing TDSE-SH-linear (length gauge, dipole form). step 25000 energy = -0.4961966890678795, norm_value = 1.0 + 0.0im, bound_norm=0.999632, free_norm=0.000368 + 0.0im
     | block_size = 200 
[TDSE] Runing TDSE-SH-linear (length gauge, dipole form). step 25200 energy = -0.49619653541945213, norm_value = 1.0 + 0.0im, bound_norm=0.999632, free_norm=0.000368 + 0.0im
     | block_size = 200 
[TDSE] Runing TDSE-SH-linear (length gauge, dipole form). step 25400 energy = -0.4961968123464745, norm_value = 1.0 + 0.0im, bound_norm=0.999632, free_norm=0.000368 + 0.0im
     | block_size = 200 
[TDSE] Runing TDSE-SH-linear (length gauge, dipole form). step 25600 energy = -0.4961964924970465, norm_value = 1.0 + 0.0im, bound_norm=0.999632, free_norm=0.000368 + 0.0im
     | block_size = 200 
[TDSE] Runing TDSE-SH-linear (length gauge, dipole form). step 25800 energy = -0.49619689412271656, norm_value = 1.0 + 0.0im, bound_norm=0.999632, free_norm=0.000368 + 0.0im
     | block_size = 200 
[TDSE] Runing TDSE-SH-linear (length gauge, dipole form). step 26000 energy = -0.49619671409399135, norm_value = 1.0 + 0.0im, bound_norm=0.999632, free_norm=0.000368 + 0.0im
     | block_size = 200 
[TDSE] Runing TDSE-SH-linear (length gauge, dipole form). step 26200 energy = -0.49619678899243735, norm_value = 1.0 + 0.0im, bound_norm=0.999632, free_norm=0.000368 + 0.0im
     | block_size = 200 
[TDSE] Runing TDSE-SH-linear (length gauge, dipole form). step 26400 energy = -0.4961967896798279, norm_value = 1.0 + 0.0im, bound_norm=0.999632, free_norm=0.000368 + 0.0im
     | block_size = 200 
Sample 2026_5_15_hg_massive_0.045_0.0_0.0285_6.0_short_range does not exist. Exceute a new sample.
[ITP]: 10000.496424741636
[ITP]: 3.468948764850932e-6
[ITP]: 2.0119768988635656e-6
[ITP]: 1.2363970314233086e-6
[ITP]: 7.802127368616851e-7
[ITP]: 5.004886823867238e-7
[ITP]: 3.247063635747338e-7
[ITP]: 2.1241854042397534e-7
[ITP]: 1.3984492786001113e-7
[ITP]: 9.25260389417204e-8
[ITP]: 6.146357944825098e-8
[ITP]: 4.0962812142275595e-8
[ITP]: 2.737382170936442e-8
[ITP]: 1.8334269435982264e-8
[ITP]: 1.2303307206362746e-8
[ITP]: 8.269649631742482e-9
[ITP]: 5.566198502116038e-9
[ITP]: 3.7510526906814334e-9
[ITP]: 2.530471499007092e-9
[ITP]: 1.7086173587088638e-9
[ITP]: 1.154605577813328e-9
[ITP]: 7.807770541212733e-10
[ITP]: 5.283077308959605e-10
[ITP]: 3.576713369923823e-10
[ITP]: 2.422650968725293e-10
[ITP]: 1.6416579207145787e-10
[ITP]: 1.1128536980820058e-10
[ITP]: 7.546496760824084e-11
[ITP]: 5.119060730862657e-11
[ITP]: 3.4733049769641866e-11
[ITP]: 2.3571977703085167e-11
[ITP]: 1.6002199565434694e-11
[ITP]: 1.086369882941085e-11
[ITP]: 7.378653243961253e-12
[ITP]: 5.010714065889488e-12
[ITP]: 3.4039993046519612e-12
[ITP]: 2.313038649504051e-12
[ITP]: 1.570410468332284e-12
[ITP]: 1.0681455719918631e-12
[ITP]: 7.265299473147024e-13
[ITP]: 4.919398222114069e-13
[ITP]: 3.346212196220222e-13
[ITP]: 2.2842838731662596e-13
[ITP]: 1.5498713423767185e-13
[ITP]: 1.0536016503692736e-13
[ITP]: 7.188694084447889e-14
[ITP]: 4.801714581503802e-14
[ITP]: 3.347322419244847e-14
[ITP]: 2.3148150063434514e-14
[ITP]: 1.4432899320127035e-14
[ITP]: 1.1102230246251565e-14
[ITP]: 7.16093850883226e-15
[ITP]: 4.440892098500626e-15
[ITP]: 2.6645352591003757e-15
[ITP]: 2.831068712794149e-15
[ITP]: 1.4988010832439613e-15
[ITP]: 6.661338147750939e-16
[ITP]: 7.771561172376096e-16
[ITP]: 5.551115123125783e-16
[ITP]: 2.220446049250313e-16
[ITP]: 4.440892098500626e-16
[ITP]: 6.106226635438361e-16
[ITP]: 7.216449660063518e-16
[ITP]: 4.440892098500626e-16
[ITP]: 4.440892098500626e-16
[ITP]: 3.3306690738754696e-16
[ITP]: 1.1102230246251565e-15
[ITP]: 1.1102230246251565e-16
[ITP]: 7.216449660063518e-16
[ITP]: 1.1102230246251565e-16
[ITP]: 8.326672684688674e-16
[ITP]: 7.216449660063518e-16
[ITP]: 2.7755575615628914e-16
[ITP]: 4.996003610813204e-16
[ITP]: 4.440892098500626e-16
[ITP]: 4.440892098500626e-16
[ITP]: 1.6653345369377348e-16
[ITP]: 4.996003610813204e-16
[ITP]: 1.1657341758564144e-15
[ITP]: 1.1102230246251565e-16
[ITP]: 0.0
[TDSE] Runing TDSE-SH-linear (length gauge, dipole form). step 0 energy = -0.4964336949924361, norm_value = 1.0 + 0.0im, bound_norm=1.0, free_norm=0.0 + 0.0im
     | block_size = 3 
[TDSE] Runing TDSE-SH-linear (length gauge, dipole form). step 200 energy = -0.4964336936550893, norm_value = 1.0 + 0.0im, bound_norm=1.0, free_norm=0.0 + 0.0im
     | block_size = 3 
[TDSE] Runing TDSE-SH-linear (length gauge, dipole form). step 400 energy = -0.49643367846375963, norm_value = 1.0 + 0.0im, bound_norm=1.0, free_norm=0.0 + 0.0im
     | block_size = 4 
[TDSE] Runing TDSE-SH-linear (length gauge, dipole form). step 600 energy = -0.4964336427793265, norm_value = 1.0 + 0.0im, bound_norm=1.0, free_norm=0.0 + 0.0im
     | block_size = 4 
[TDSE] Runing TDSE-SH-linear (length gauge, dipole form). step 800 energy = -0.4964336295269404, norm_value = 1.0 + 0.0im, bound_norm=1.0, free_norm=0.0 + 0.0im
     | block_size = 4 
[TDSE] Runing TDSE-SH-linear (length gauge, dipole form). step 1000 energy = -0.4964336695774844, norm_value = 1.0 + 0.0im, bound_norm=1.0, free_norm=0.0 + 0.0im
     | block_size = 4 
[TDSE] Runing TDSE-SH-linear (length gauge, dipole form). step 1200 energy = -0.49643365365313047, norm_value = 1.0 + 0.0im, bound_norm=1.0, free_norm=0.0 + 0.0im
     | block_size = 4 
[TDSE] Runing TDSE-SH-linear (length gauge, dipole form). step 1400 energy = -0.49643311878420787, norm_value = 1.0 + 0.0im, bound_norm=1.0, free_norm=0.0 + 0.0im
     | block_size = 4 
[TDSE] Runing TDSE-SH-linear (length gauge, dipole form). step 1600 energy = -0.4964312832658356, norm_value = 1.0 + 0.0im, bound_norm=0.999999, free_norm=1.0e-6 + 0.0im
     | block_size = 5 
[TDSE] Runing TDSE-SH-linear (length gauge, dipole form). step 1800 energy = -0.49642729092436777, norm_value = 1.0 + 0.0im, bound_norm=0.999998, free_norm=2.0e-6 + 0.0im
     | block_size = 5 
[TDSE] Runing TDSE-SH-linear (length gauge, dipole form). step 2000 energy = -0.4964210915370681, norm_value = 1.0 + 0.0im, bound_norm=0.999996, free_norm=4.0e-6 + 0.0im
     | block_size = 7 
[TDSE] Runing TDSE-SH-linear (length gauge, dipole form). step 2200 energy = -0.4964136809449457, norm_value = 1.0 + 0.0im, bound_norm=0.999994, free_norm=6.0e-6 + 0.0im
     | block_size = 9 
[TDSE] Runing TDSE-SH-linear (length gauge, dipole form). step 2400 energy = -0.49640766592915864, norm_value = 1.0 + 0.0im, bound_norm=0.999992, free_norm=8.0e-6 + 0.0im
     | block_size = 11 
[TDSE] Runing TDSE-SH-linear (length gauge, dipole form). step 2600 energy = -0.49640621014576547, norm_value = 1.0 + 0.0im, bound_norm=0.999992, free_norm=8.0e-6 + 0.0im
     | block_size = 14 
[TDSE] Runing TDSE-SH-linear (length gauge, dipole form). step 2800 energy = -0.4964111439671035, norm_value = 1.0 + 0.0im, bound_norm=0.999993, free_norm=7.0e-6 + 0.0im
     | block_size = 16 
[TDSE] Runing TDSE-SH-linear (length gauge, dipole form). step 3000 energy = -0.4964214567262307, norm_value = 1.0 + 0.0im, bound_norm=0.999996, free_norm=4.0e-6 + 0.0im
     | block_size = 18 
[TDSE] Runing TDSE-SH-linear (length gauge, dipole form). step 3200 energy = -0.49643131334142215, norm_value = 1.0 + 0.0im, bound_norm=0.999999, free_norm=1.0e-6 + 0.0im
     | block_size = 20 
[TDSE] Runing TDSE-SH-linear (length gauge, dipole form). step 3400 energy = -0.49643137324524655, norm_value = 1.0 + 0.0im, bound_norm=0.999999, free_norm=1.0e-6 + 0.0im
     | block_size = 20 
[TDSE] Runing TDSE-SH-linear (length gauge, dipole form). step 3600 energy = -0.49641140767259856, norm_value = 1.0 + 0.0im, bound_norm=0.999993, free_norm=7.0e-6 + 0.0im
     | block_size = 18 
[TDSE] Runing TDSE-SH-linear (length gauge, dipole form). step 3800 energy = -0.496365478517358, norm_value = 1.0 + 0.0im, bound_norm=0.999979, free_norm=2.1e-5 + 0.0im
     | block_size = 14 
[TDSE] Runing TDSE-SH-linear (length gauge, dipole form). step 4000 energy = -0.49629604984703996, norm_value = 1.0 + 0.0im, bound_norm=0.999958, free_norm=4.2e-5 + 0.0im
     | block_size = 9 
[TDSE] Runing TDSE-SH-linear (length gauge, dipole form). step 4200 energy = -0.4962173567483393, norm_value = 1.0 + 0.0im, bound_norm=0.999934, free_norm=6.6e-5 + 0.0im
     | block_size = 15 
[TDSE] Runing TDSE-SH-linear (length gauge, dipole form). step 4400 energy = -0.4961526834194824, norm_value = 1.0 + 0.0im, bound_norm=0.999914, free_norm=8.6e-5 + 0.0im
     | block_size = 25 
[TDSE] Runing TDSE-SH-linear (length gauge, dipole form). step 4600 energy = -0.49612678156911477, norm_value = 1.0 + 0.0im, bound_norm=0.999907, free_norm=9.3e-5 + 0.0im
     | block_size = 35 
[TDSE] Runing TDSE-SH-linear (length gauge, dipole form). step 4800 energy = -0.49615604927952706, norm_value = 1.0 + 0.0im, bound_norm=0.999916, free_norm=8.4e-5 + 0.0im
     | block_size = 45 
[TDSE] Runing TDSE-SH-linear (length gauge, dipole form). step 5000 energy = -0.4962358601090415, norm_value = 1.0 + 0.0im, bound_norm=0.99994, free_norm=6.0e-5 + 0.0im
     | block_size = 55 
[TDSE] Runing TDSE-SH-linear (length gauge, dipole form). step 5200 energy = -0.4963382311949277, norm_value = 1.0 + 0.0im, bound_norm=0.999971, free_norm=2.9e-5 + 0.0im
     | block_size = 62 
[TDSE] Runing TDSE-SH-linear (length gauge, dipole form). step 5400 energy = -0.49641661738244564, norm_value = 1.0 + 0.0im, bound_norm=0.999995, free_norm=5.0e-6 + 0.0im
     | block_size = 67 
[TDSE] Runing TDSE-SH-linear (length gauge, dipole form). step 5600 energy = -0.4964204732767983, norm_value = 1.0 + 0.0im, bound_norm=0.999996, free_norm=4.0e-6 + 0.0im
     | block_size = 67 
[TDSE] Runing TDSE-SH-linear (length gauge, dipole form). step 5800 energy = -0.49631365397673, norm_value = 1.0 + 0.0im, bound_norm=0.999963, free_norm=3.7e-5 + 0.0im
     | block_size = 62 
[TDSE] Runing TDSE-SH-linear (length gauge, dipole form). step 6000 energy = -0.4960910101299577, norm_value = 1.0 + 0.0im, bound_norm=0.999896, free_norm=0.000104 + 0.0im
     | block_size = 52 
[TDSE] Runing TDSE-SH-linear (length gauge, dipole form). step 6200 energy = -0.49578885734155365, norm_value = 1.0 + 0.0im, bound_norm=0.999807, free_norm=0.000193 + 0.0im
     | block_size = 42 
[TDSE] Runing TDSE-SH-linear (length gauge, dipole form). step 6400 energy = -0.4954835962699584, norm_value = 1.0 + 0.0im, bound_norm=0.99972, free_norm=0.00028 + 0.0im
     | block_size = 32 
[TDSE] Runing TDSE-SH-linear (length gauge, dipole form). step 6600 energy = -0.495274713395123, norm_value = 1.0 + 0.0im, bound_norm=0.999662, free_norm=0.000338 + 0.0im
     | block_size = 38 
[TDSE] Runing TDSE-SH-linear (length gauge, dipole form). step 6800 energy = -0.49524641988123574, norm_value = 1.0 + 0.0im, bound_norm=0.999655, free_norm=0.000345 + 0.0im
     | block_size = 48 
[TDSE] Runing TDSE-SH-linear (length gauge, dipole form). step 7000 energy = -0.4954266601039516, norm_value = 1.0 + 0.0im, bound_norm=0.999704, free_norm=0.000296 + 0.0im
     | block_size = 58 
[TDSE] Runing TDSE-SH-linear (length gauge, dipole form). step 7200 energy = -0.49576017381424226, norm_value = 1.0 + 0.0im, bound_norm=0.999799, free_norm=0.000201 + 0.0im
     | block_size = 68 
[TDSE] Runing TDSE-SH-linear (length gauge, dipole form). step 7400 energy = -0.49612586534041664, norm_value = 1.0 + 0.0im, bound_norm=0.999907, free_norm=9.3e-5 + 0.0im
     | block_size = 78 
[TDSE] Runing TDSE-SH-linear (length gauge, dipole form). step 7600 energy = -0.49637977063539396, norm_value = 1.0 + 0.0im, bound_norm=0.999985, free_norm=1.5e-5 + 0.0im
     | block_size = 86 
[TDSE] Runing TDSE-SH-linear (length gauge, dipole form). step 7800 energy = -0.496399249368482, norm_value = 1.0 + 0.0im, bound_norm=0.999991, free_norm=9.0e-6 + 0.0im
     | block_size = 86 
[TDSE] Runing TDSE-SH-linear (length gauge, dipole form). step 8000 energy = -0.49611906976263453, norm_value = 1.0 + 0.0im, bound_norm=0.999905, free_norm=9.5e-5 + 0.0im
     | block_size = 80 
[TDSE] Runing TDSE-SH-linear (length gauge, dipole form). step 8200 energy = -0.49555486444188485, norm_value = 1.0 + 0.0im, bound_norm=0.999739, free_norm=0.000261 + 0.0im
     | block_size = 78 
[TDSE] Runing TDSE-SH-linear (length gauge, dipole form). step 8400 energy = -0.49481687242536154, norm_value = 1.0 + 0.0im, bound_norm=0.999538, free_norm=0.000462 + 0.0im
     | block_size = 87 
[TDSE] Runing TDSE-SH-linear (length gauge, dipole form). step 8600 energy = -0.4941039042083983, norm_value = 1.0 + 0.0im, bound_norm=0.999361, free_norm=0.000639 + 0.0im
     | block_size = 97 
[TDSE] Runing TDSE-SH-linear (length gauge, dipole form). step 8800 energy = -0.4936641371793738, norm_value = 1.0 + 0.0im, bound_norm=0.999261, free_norm=0.000739 + 0.0im
     | block_size = 107 
[TDSE] Runing TDSE-SH-linear (length gauge, dipole form). step 9000 energy = -0.49369667236075654, norm_value = 1.0 + 0.0im, bound_norm=0.999265, free_norm=0.000735 + 0.0im
     | block_size = 117 
[TDSE] Runing TDSE-SH-linear (length gauge, dipole form). step 9200 energy = -0.49422100443012235, norm_value = 1.0 + 0.0im, bound_norm=0.999376, free_norm=0.000624 + 0.0im
     | block_size = 127 
[TDSE] Runing TDSE-SH-linear (length gauge, dipole form). step 9400 energy = -0.49502699006940937, norm_value = 1.0 + 0.0im, bound_norm=0.999585, free_norm=0.000415 + 0.0im
     | block_size = 137 
[TDSE] Runing TDSE-SH-linear (length gauge, dipole form). step 9600 energy = -0.4958099807397723, norm_value = 1.0 + 0.0im, bound_norm=0.999812, free_norm=0.000188 + 0.0im
     | block_size = 147 
[TDSE] Runing TDSE-SH-linear (length gauge, dipole form). step 9800 energy = -0.4963194486045089, norm_value = 1.0 + 0.0im, bound_norm=0.999962, free_norm=3.8e-5 + 0.0im
     | block_size = 157 
[TDSE] Runing TDSE-SH-linear (length gauge, dipole form). step 10000 energy = -0.4963699776015448, norm_value = 1.0 + 0.0im, bound_norm=0.999979, free_norm=2.1e-5 + 0.0im
     | block_size = 158 
[TDSE] Runing TDSE-SH-linear (length gauge, dipole form). step 10200 energy = -0.49588707958390527, norm_value = 1.0 + 0.0im, bound_norm=0.999833, free_norm=0.000167 + 0.0im
     | block_size = 156 
[TDSE] Runing TDSE-SH-linear (length gauge, dipole form). step 10400 energy = -0.4949320991553864, norm_value = 1.0 + 0.0im, bound_norm=0.999563, free_norm=0.000437 + 0.0im
     | block_size = 166 
[TDSE] Runing TDSE-SH-linear (length gauge, dipole form). step 10600 energy = -0.49369210016203785, norm_value = 1.0 + 0.0im, bound_norm=0.999257, free_norm=0.000743 + 0.0im
     | block_size = 176 
[TDSE] Runing TDSE-SH-linear (length gauge, dipole form). step 10800 energy = -0.49249718133438586, norm_value = 1.0 + 0.0im, bound_norm=0.99901, free_norm=0.00099 + 0.0im
     | block_size = 186 
[TDSE] Runing TDSE-SH-linear (length gauge, dipole form). step 11000 energy = -0.4917859213094518, norm_value = 1.0 + 0.0im, bound_norm=0.998892, free_norm=0.001108 + 0.0im
     | block_size = 193 
[TDSE] Runing TDSE-SH-linear (length gauge, dipole form). step 11200 energy = -0.4919053065146411, norm_value = 1.0 + 0.0im, bound_norm=0.99888, free_norm=0.00112 + 0.0im
     | block_size = 199 
[TDSE] Runing TDSE-SH-linear (length gauge, dipole form). step 11400 energy = -0.49286311941764244, norm_value = 1.0 + 0.0im, bound_norm=0.998965, free_norm=0.001035 + 0.0im
     | block_size = 200 
[TDSE] Runing TDSE-SH-linear (length gauge, dipole form). step 11600 energy = -0.49419276816544977, norm_value = 1.0 + 0.0im, bound_norm=0.999208, free_norm=0.000792 + 0.0im
     | block_size = 200 
[TDSE] Runing TDSE-SH-linear (length gauge, dipole form). step 11800 energy = -0.49532688833645994, norm_value = 1.0 + 0.0im, bound_norm=0.999567, free_norm=0.000433 + 0.0im
     | block_size = 200 
[TDSE] Runing TDSE-SH-linear (length gauge, dipole form). step 12000 energy = -0.4960191166025785, norm_value = 1.0 + 0.0im, bound_norm=0.99977, free_norm=0.00023 + 0.0im
     | block_size = 200 
[TDSE] Runing TDSE-SH-linear (length gauge, dipole form). step 12200 energy = -0.49610388362858154, norm_value = 1.0 + 0.0im, bound_norm=0.999799, free_norm=0.000201 + 0.0im
     | block_size = 200 
[TDSE] Runing TDSE-SH-linear (length gauge, dipole form). step 12400 energy = -0.4955205203202268, norm_value = 1.0 + 0.0im, bound_norm=0.99962, free_norm=0.00038 + 0.0im
     | block_size = 200 
[TDSE] Runing TDSE-SH-linear (length gauge, dipole form). step 12600 energy = -0.49439971072437744, norm_value = 1.0 + 0.0im, bound_norm=0.999298, free_norm=0.000702 + 0.0im
     | block_size = 200 
[TDSE] Runing TDSE-SH-linear (length gauge, dipole form). step 12800 energy = -0.4929302896471346, norm_value = 1.0 + 0.0im, bound_norm=0.998954, free_norm=0.001046 + 0.0im
     | block_size = 200 
[TDSE] Runing TDSE-SH-linear (length gauge, dipole form). step 13000 energy = -0.49152332889984424, norm_value = 1.0 + 0.0im, bound_norm=0.998675, free_norm=0.001325 + 0.0im
     | block_size = 200 
[TDSE] Runing TDSE-SH-linear (length gauge, dipole form). step 13200 energy = -0.4907232599563364, norm_value = 1.0 + 0.0im, bound_norm=0.998544, free_norm=0.001456 + 0.0im
     | block_size = 200 
[TDSE] Runing TDSE-SH-linear (length gauge, dipole form). step 13400 energy = -0.4908873317814255, norm_value = 1.0 + 0.0im, bound_norm=0.998478, free_norm=0.001522 + 0.0im
     | block_size = 200 
[TDSE] Runing TDSE-SH-linear (length gauge, dipole form). step 13600 energy = -0.4919816615501225, norm_value = 1.0 + 0.0im, bound_norm=0.998493, free_norm=0.001507 + 0.0im
     | block_size = 200 
[TDSE] Runing TDSE-SH-linear (length gauge, dipole form). step 13800 energy = -0.49340187739611285, norm_value = 1.0 + 0.0im, bound_norm=0.998701, free_norm=0.001299 + 0.0im
     | block_size = 200 
[TDSE] Runing TDSE-SH-linear (length gauge, dipole form). step 14000 energy = -0.4945020888599403, norm_value = 1.0 + 0.0im, bound_norm=0.999101, free_norm=0.000899 + 0.0im
     | block_size = 200 
[TDSE] Runing TDSE-SH-linear (length gauge, dipole form). step 14200 energy = -0.4951388996387944, norm_value = 1.0 + 0.0im, bound_norm=0.999315, free_norm=0.000685 + 0.0im
     | block_size = 200 
[TDSE] Runing TDSE-SH-linear (length gauge, dipole form). step 14400 energy = -0.49522998444670996, norm_value = 1.0 + 0.0im, bound_norm=0.99935, free_norm=0.00065 + 0.0im
     | block_size = 200 
[TDSE] Runing TDSE-SH-linear (length gauge, dipole form). step 14600 energy = -0.49475389635603195, norm_value = 1.0 + 0.0im, bound_norm=0.999181, free_norm=0.000819 + 0.0im
     | block_size = 200 
[TDSE] Runing TDSE-SH-linear (length gauge, dipole form). step 14800 energy = -0.49387592239661937, norm_value = 1.0 + 0.0im, bound_norm=0.998887, free_norm=0.001113 + 0.0im
     | block_size = 200 
[TDSE] Runing TDSE-SH-linear (length gauge, dipole form). step 15000 energy = -0.4927505042472291, norm_value = 1.0 + 0.0im, bound_norm=0.998567, free_norm=0.001433 + 0.0im
     | block_size = 200 
[TDSE] Runing TDSE-SH-linear (length gauge, dipole form). step 15200 energy = -0.4917439703960329, norm_value = 1.0 + 0.0im, bound_norm=0.998328, free_norm=0.001672 + 0.0im
     | block_size = 200 
[TDSE] Runing TDSE-SH-linear (length gauge, dipole form). step 15400 energy = -0.4912992338885948, norm_value = 1.0 + 0.0im, bound_norm=0.998254, free_norm=0.001746 + 0.0im
     | block_size = 200 
[TDSE] Runing TDSE-SH-linear (length gauge, dipole form). step 15600 energy = -0.4916505452759005, norm_value = 1.0 + 0.0im, bound_norm=0.998297, free_norm=0.001703 + 0.0im
     | block_size = 200 
[TDSE] Runing TDSE-SH-linear (length gauge, dipole form). step 15800 energy = -0.4925985813672854, norm_value = 1.0 + 0.0im, bound_norm=0.998378, free_norm=0.001622 + 0.0im
     | block_size = 200 
[TDSE] Runing TDSE-SH-linear (length gauge, dipole form). step 16000 energy = -0.49368963666047494, norm_value = 1.0 + 0.0im, bound_norm=0.998648, free_norm=0.001352 + 0.0im
     | block_size = 200 
[TDSE] Runing TDSE-SH-linear (length gauge, dipole form). step 16200 energy = -0.4945174101703721, norm_value = 1.0 + 0.0im, bound_norm=0.998976, free_norm=0.001024 + 0.0im
     | block_size = 200 
[TDSE] Runing TDSE-SH-linear (length gauge, dipole form). step 16400 energy = -0.4950089007475964, norm_value = 1.0 + 0.0im, bound_norm=0.999147, free_norm=0.000853 + 0.0im
     | block_size = 200 
[TDSE] Runing TDSE-SH-linear (length gauge, dipole form). step 16600 energy = -0.495080440317022, norm_value = 1.0 + 0.0im, bound_norm=0.99918, free_norm=0.00082 + 0.0im
     | block_size = 200 
[TDSE] Runing TDSE-SH-linear (length gauge, dipole form). step 16800 energy = -0.4947740923591701, norm_value = 1.0 + 0.0im, bound_norm=0.99906, free_norm=0.00094 + 0.0im
     | block_size = 200 
[TDSE] Runing TDSE-SH-linear (length gauge, dipole form). step 17000 energy = -0.49422895291414354, norm_value = 1.0 + 0.0im, bound_norm=0.998853, free_norm=0.001147 + 0.0im
     | block_size = 200 
[TDSE] Runing TDSE-SH-linear (length gauge, dipole form). step 17200 energy = -0.4936246879813731, norm_value = 1.0 + 0.0im, bound_norm=0.998643, free_norm=0.001357 + 0.0im
     | block_size = 200 
[TDSE] Runing TDSE-SH-linear (length gauge, dipole form). step 17400 energy = -0.4931310587861578, norm_value = 1.0 + 0.0im, bound_norm=0.998478, free_norm=0.001522 + 0.0im
     | block_size = 200 
[TDSE] Runing TDSE-SH-linear (length gauge, dipole form). step 17600 energy = -0.4930627531214931, norm_value = 1.0 + 0.0im, bound_norm=0.998468, free_norm=0.001532 + 0.0im
     | block_size = 200 
[TDSE] Runing TDSE-SH-linear (length gauge, dipole form). step 17800 energy = -0.4934195999098777, norm_value = 1.0 + 0.0im, bound_norm=0.998521, free_norm=0.001479 + 0.0im
     | block_size = 200 
[TDSE] Runing TDSE-SH-linear (length gauge, dipole form). step 18000 energy = -0.49401372547344674, norm_value = 1.0 + 0.0im, bound_norm=0.998668, free_norm=0.001332 + 0.0im
     | block_size = 200 
[TDSE] Runing TDSE-SH-linear (length gauge, dipole form). step 18200 energy = -0.4946732707509268, norm_value = 1.0 + 0.0im, bound_norm=0.998886, free_norm=0.001114 + 0.0im
     | block_size = 200 
[TDSE] Runing TDSE-SH-linear (length gauge, dipole form). step 18400 energy = -0.49515432208680854, norm_value = 1.0 + 0.0im, bound_norm=0.999053, free_norm=0.000947 + 0.0im
     | block_size = 200 
[TDSE] Runing TDSE-SH-linear (length gauge, dipole form). step 18600 energy = -0.4954582480356412, norm_value = 1.0 + 0.0im, bound_norm=0.999155, free_norm=0.000845 + 0.0im
     | block_size = 200 
[TDSE] Runing TDSE-SH-linear (length gauge, dipole form). step 18800 energy = -0.4954989302602414, norm_value = 1.0 + 0.0im, bound_norm=0.999174, free_norm=0.000826 + 0.0im
     | block_size = 200 
[TDSE] Runing TDSE-SH-linear (length gauge, dipole form). step 19000 energy = -0.4953491420045528, norm_value = 1.0 + 0.0im, bound_norm=0.999113, free_norm=0.000887 + 0.0im
     | block_size = 200 
[TDSE] Runing TDSE-SH-linear (length gauge, dipole form). step 19200 energy = -0.49507474444595684, norm_value = 1.0 + 0.0im, bound_norm=0.999006, free_norm=0.000994 + 0.0im
     | block_size = 200 
[TDSE] Runing TDSE-SH-linear (length gauge, dipole form). step 19400 energy = -0.49483355834975845, norm_value = 1.0 + 0.0im, bound_norm=0.998899, free_norm=0.001101 + 0.0im
     | block_size = 200 
[TDSE] Runing TDSE-SH-linear (length gauge, dipole form). step 19600 energy = -0.49466476972382406, norm_value = 1.0 + 0.0im, bound_norm=0.998851, free_norm=0.001149 + 0.0im
     | block_size = 200 
[TDSE] Runing TDSE-SH-linear (length gauge, dipole form). step 19800 energy = -0.49473347519409944, norm_value = 1.0 + 0.0im, bound_norm=0.998842, free_norm=0.001158 + 0.0im
     | block_size = 200 
[TDSE] Runing TDSE-SH-linear (length gauge, dipole form). step 20000 energy = -0.4948731525490367, norm_value = 1.0 + 0.0im, bound_norm=0.998903, free_norm=0.001097 + 0.0im
     | block_size = 200 
[TDSE] Runing TDSE-SH-linear (length gauge, dipole form). step 20200 energy = -0.4951619481691129, norm_value = 1.0 + 0.0im, bound_norm=0.998987, free_norm=0.001013 + 0.0im
     | block_size = 200 
[TDSE] Runing TDSE-SH-linear (length gauge, dipole form). step 20400 energy = -0.4953883011298107, norm_value = 1.0 + 0.0im, bound_norm=0.999053, free_norm=0.000947 + 0.0im
     | block_size = 200 
[TDSE] Runing TDSE-SH-linear (length gauge, dipole form). step 20600 energy = -0.4956134142448659, norm_value = 1.0 + 0.0im, bound_norm=0.999124, free_norm=0.000876 + 0.0im
     | block_size = 200 
[TDSE] Runing TDSE-SH-linear (length gauge, dipole form). step 20800 energy = -0.49571412653963537, norm_value = 1.0 + 0.0im, bound_norm=0.99917, free_norm=0.00083 + 0.0im
     | block_size = 200 
[TDSE] Runing TDSE-SH-linear (length gauge, dipole form). step 21000 energy = -0.49573827030844864, norm_value = 1.0 + 0.0im, bound_norm=0.99918, free_norm=0.00082 + 0.0im
     | block_size = 200 
[TDSE] Runing TDSE-SH-linear (length gauge, dipole form). step 21200 energy = -0.4956868095474635, norm_value = 1.0 + 0.0im, bound_norm=0.999159, free_norm=0.000841 + 0.0im
     | block_size = 200 
[TDSE] Runing TDSE-SH-linear (length gauge, dipole form). step 21400 energy = -0.4956290358406592, norm_value = 1.0 + 0.0im, bound_norm=0.999122, free_norm=0.000878 + 0.0im
     | block_size = 200 
[TDSE] Runing TDSE-SH-linear (length gauge, dipole form). step 21600 energy = -0.49555348519994163, norm_value = 1.0 + 0.0im, bound_norm=0.999109, free_norm=0.000891 + 0.0im
     | block_size = 200 
[TDSE] Runing TDSE-SH-linear (length gauge, dipole form). step 21800 energy = -0.4955729801375287, norm_value = 1.0 + 0.0im, bound_norm=0.999096, free_norm=0.000904 + 0.0im
     | block_size = 200 
[TDSE] Runing TDSE-SH-linear (length gauge, dipole form). step 22000 energy = -0.49560230986808845, norm_value = 1.0 + 0.0im, bound_norm=0.999098, free_norm=0.000902 + 0.0im
     | block_size = 200 
[TDSE] Runing TDSE-SH-linear (length gauge, dipole form). step 22200 energy = -0.49563834493824926, norm_value = 1.0 + 0.0im, bound_norm=0.999108, free_norm=0.000892 + 0.0im
     | block_size = 200 
[TDSE] Runing TDSE-SH-linear (length gauge, dipole form). step 22400 energy = -0.49574370624934244, norm_value = 1.0 + 0.0im, bound_norm=0.999135, free_norm=0.000865 + 0.0im
     | block_size = 200 
[TDSE] Runing TDSE-SH-linear (length gauge, dipole form). step 22600 energy = -0.4958052376788184, norm_value = 1.0 + 0.0im, bound_norm=0.999165, free_norm=0.000835 + 0.0im
     | block_size = 200 
[TDSE] Runing TDSE-SH-linear (length gauge, dipole form). step 22800 energy = -0.4958555093349572, norm_value = 1.0 + 0.0im, bound_norm=0.999176, free_norm=0.000824 + 0.0im
     | block_size = 200 
[TDSE] Runing TDSE-SH-linear (length gauge, dipole form). step 23000 energy = -0.49587745900866237, norm_value = 1.0 + 0.0im, bound_norm=0.999181, free_norm=0.000819 + 0.0im
     | block_size = 200 
[TDSE] Runing TDSE-SH-linear (length gauge, dipole form). step 23200 energy = -0.4958825307210087, norm_value = 1.0 + 0.0im, bound_norm=0.999185, free_norm=0.000815 + 0.0im
     | block_size = 200 
[TDSE] Runing TDSE-SH-linear (length gauge, dipole form). step 23400 energy = -0.4958744855091782, norm_value = 1.0 + 0.0im, bound_norm=0.999183, free_norm=0.000817 + 0.0im
     | block_size = 200 
[TDSE] Runing TDSE-SH-linear (length gauge, dipole form). step 23600 energy = -0.49586951160780035, norm_value = 1.0 + 0.0im, bound_norm=0.99918, free_norm=0.00082 + 0.0im
     | block_size = 200 
[TDSE] Runing TDSE-SH-linear (length gauge, dipole form). step 23800 energy = -0.49586518478697067, norm_value = 1.0 + 0.0im, bound_norm=0.999178, free_norm=0.000822 + 0.0im
     | block_size = 200 
[TDSE] Runing TDSE-SH-linear (length gauge, dipole form). step 24000 energy = -0.49586401647747, norm_value = 1.0 + 0.0im, bound_norm=0.999176, free_norm=0.000824 + 0.0im
     | block_size = 200 
[TDSE] Runing TDSE-SH-linear (length gauge, dipole form). step 24200 energy = -0.4958758801600129, norm_value = 1.0 + 0.0im, bound_norm=0.999178, free_norm=0.000822 + 0.0im
     | block_size = 200 
[TDSE] Runing TDSE-SH-linear (length gauge, dipole form). step 24400 energy = -0.49587877028847915, norm_value = 1.0 + 0.0im, bound_norm=0.99918, free_norm=0.00082 + 0.0im
     | block_size = 200 
[TDSE] Runing TDSE-SH-linear (length gauge, dipole form). step 24600 energy = -0.495889854861361, norm_value = 1.0 + 0.0im, bound_norm=0.999182, free_norm=0.000818 + 0.0im
     | block_size = 200 
[TDSE] Runing TDSE-SH-linear (length gauge, dipole form). step 24800 energy = -0.49589331265094755, norm_value = 1.0 + 0.0im, bound_norm=0.999182, free_norm=0.000818 + 0.0im
     | block_size = 200 
[TDSE] Runing TDSE-SH-linear (length gauge, dipole form). step 25000 energy = -0.4958942349355943, norm_value = 1.0 + 0.0im, bound_norm=0.999182, free_norm=0.000818 + 0.0im
     | block_size = 200 
[TDSE] Runing TDSE-SH-linear (length gauge, dipole form). step 25200 energy = -0.495895790724684, norm_value = 1.0 + 0.0im, bound_norm=0.999182, free_norm=0.000818 + 0.0im
     | block_size = 200 
[TDSE] Runing TDSE-SH-linear (length gauge, dipole form). step 25400 energy = -0.49589563003198395, norm_value = 1.0 + 0.0im, bound_norm=0.999182, free_norm=0.000818 + 0.0im
     | block_size = 200 
[TDSE] Runing TDSE-SH-linear (length gauge, dipole form). step 25600 energy = -0.4958956452567884, norm_value = 1.0 + 0.0im, bound_norm=0.999182, free_norm=0.000818 + 0.0im
     | block_size = 200 
[TDSE] Runing TDSE-SH-linear (length gauge, dipole form). step 25800 energy = -0.49589555797260426, norm_value = 1.0 + 0.0im, bound_norm=0.999182, free_norm=0.000818 + 0.0im
     | block_size = 200 
[TDSE] Runing TDSE-SH-linear (length gauge, dipole form). step 26000 energy = -0.49589581858824844, norm_value = 1.0 + 0.0im, bound_norm=0.999182, free_norm=0.000818 + 0.0im
     | block_size = 200 
[TDSE] Runing TDSE-SH-linear (length gauge, dipole form). step 26200 energy = -0.49589572724164166, norm_value = 1.0 + 0.0im, bound_norm=0.999182, free_norm=0.000818 + 0.0im
     | block_size = 200 
[TDSE] Runing TDSE-SH-linear (length gauge, dipole form). step 26400 energy = -0.49589579095815084, norm_value = 1.0 + 0.0im, bound_norm=0.999182, free_norm=0.000818 + 0.0im
     | block_size = 200 
Sample 2026_5_15_hg_massive_0.0475_0.0_0.0285_6.0_short_range does not exist. Exceute a new sample.
[ITP]: 10000.496424741636
[ITP]: 3.468948764850932e-6
[ITP]: 2.0119768988635656e-6
[ITP]: 1.2363970314233086e-6
[ITP]: 7.802127368616851e-7
[ITP]: 5.004886823867238e-7
[ITP]: 3.247063635747338e-7
[ITP]: 2.1241854042397534e-7
[ITP]: 1.3984492786001113e-7
[ITP]: 9.25260389417204e-8
[ITP]: 6.146357944825098e-8
[ITP]: 4.0962812142275595e-8
[ITP]: 2.737382170936442e-8
[ITP]: 1.8334269435982264e-8
[ITP]: 1.2303307206362746e-8
[ITP]: 8.269649631742482e-9
[ITP]: 5.566198502116038e-9
[ITP]: 3.7510526906814334e-9
[ITP]: 2.530471499007092e-9
[ITP]: 1.7086173587088638e-9
[ITP]: 1.154605577813328e-9
[ITP]: 7.807770541212733e-10
[ITP]: 5.283077308959605e-10
[ITP]: 3.576713369923823e-10
[ITP]: 2.422650968725293e-10
[ITP]: 1.6416579207145787e-10
[ITP]: 1.1128536980820058e-10
[ITP]: 7.546496760824084e-11
[ITP]: 5.119060730862657e-11
[ITP]: 3.4733049769641866e-11
[ITP]: 2.3571977703085167e-11
[ITP]: 1.6002199565434694e-11
[ITP]: 1.086369882941085e-11
[ITP]: 7.378653243961253e-12
[ITP]: 5.010714065889488e-12
[ITP]: 3.4039993046519612e-12
[ITP]: 2.313038649504051e-12
[ITP]: 1.570410468332284e-12
[ITP]: 1.0681455719918631e-12
[ITP]: 7.265299473147024e-13
[ITP]: 4.919398222114069e-13
[ITP]: 3.346212196220222e-13
[ITP]: 2.2842838731662596e-13
[ITP]: 1.5498713423767185e-13
[ITP]: 1.0536016503692736e-13
[ITP]: 7.188694084447889e-14
[ITP]: 4.801714581503802e-14
[ITP]: 3.347322419244847e-14
[ITP]: 2.3148150063434514e-14
[ITP]: 1.4432899320127035e-14
[ITP]: 1.1102230246251565e-14
[ITP]: 7.16093850883226e-15
[ITP]: 4.440892098500626e-15
[ITP]: 2.6645352591003757e-15
[ITP]: 2.831068712794149e-15
[ITP]: 1.4988010832439613e-15
[ITP]: 6.661338147750939e-16
[ITP]: 7.771561172376096e-16
[ITP]: 5.551115123125783e-16
[ITP]: 2.220446049250313e-16
[ITP]: 4.440892098500626e-16
[ITP]: 6.106226635438361e-16
[ITP]: 7.216449660063518e-16
[ITP]: 4.440892098500626e-16
[ITP]: 4.440892098500626e-16
[ITP]: 3.3306690738754696e-16
[ITP]: 1.1102230246251565e-15
[ITP]: 1.1102230246251565e-16
[ITP]: 7.216449660063518e-16
[ITP]: 1.1102230246251565e-16
[ITP]: 8.326672684688674e-16
[ITP]: 7.216449660063518e-16
[ITP]: 2.7755575615628914e-16
[ITP]: 4.996003610813204e-16
[ITP]: 4.440892098500626e-16
[ITP]: 4.440892098500626e-16
[ITP]: 1.6653345369377348e-16
[ITP]: 4.996003610813204e-16
[ITP]: 1.1657341758564144e-15
[ITP]: 1.1102230246251565e-16
[ITP]: 0.0
[TDSE] Runing TDSE-SH-linear (length gauge, dipole form). step 0 energy = -0.4964336949924361, norm_value = 1.0 + 0.0im, bound_norm=1.0, free_norm=0.0 + 0.0im
     | block_size = 3 
[TDSE] Runing TDSE-SH-linear (length gauge, dipole form). step 200 energy = -0.49643369350236793, norm_value = 1.0 + 0.0im, bound_norm=1.0, free_norm=0.0 + 0.0im
     | block_size = 3 
[TDSE] Runing TDSE-SH-linear (length gauge, dipole form). step 400 energy = -0.4964336765762244, norm_value = 1.0 + 0.0im, bound_norm=1.0, free_norm=0.0 + 0.0im
     | block_size = 4 
[TDSE] Runing TDSE-SH-linear (length gauge, dipole form). step 600 energy = -0.496433636816706, norm_value = 1.0 + 0.0im, bound_norm=1.0, free_norm=0.0 + 0.0im
     | block_size = 4 
[TDSE] Runing TDSE-SH-linear (length gauge, dipole form). step 800 energy = -0.49643362205091096, norm_value = 1.0 + 0.0im, bound_norm=1.0, free_norm=0.0 + 0.0im
     | block_size = 4 
[TDSE] Runing TDSE-SH-linear (length gauge, dipole form). step 1000 energy = -0.4964336666751779, norm_value = 1.0 + 0.0im, bound_norm=1.0, free_norm=0.0 + 0.0im
     | block_size = 4 
[TDSE] Runing TDSE-SH-linear (length gauge, dipole form). step 1200 energy = -0.49643364893230285, norm_value = 1.0 + 0.0im, bound_norm=1.0, free_norm=0.0 + 0.0im
     | block_size = 4 
[TDSE] Runing TDSE-SH-linear (length gauge, dipole form). step 1400 energy = -0.4964330529820593, norm_value = 1.0 + 0.0im, bound_norm=1.0, free_norm=0.0 + 0.0im
     | block_size = 4 
[TDSE] Runing TDSE-SH-linear (length gauge, dipole form). step 1600 energy = -0.49643100783396904, norm_value = 1.0 + 0.0im, bound_norm=0.999999, free_norm=1.0e-6 + 0.0im
     | block_size = 5 
[TDSE] Runing TDSE-SH-linear (length gauge, dipole form). step 1800 energy = -0.49642655945208825, norm_value = 1.0 + 0.0im, bound_norm=0.999998, free_norm=2.0e-6 + 0.0im
     | block_size = 5 
[TDSE] Runing TDSE-SH-linear (length gauge, dipole form). step 2000 energy = -0.49641965161884316, norm_value = 1.0 + 0.0im, bound_norm=0.999996, free_norm=4.0e-6 + 0.0im
     | block_size = 7 
[TDSE] Runing TDSE-SH-linear (length gauge, dipole form). step 2200 energy = -0.4964113937531725, norm_value = 1.0 + 0.0im, bound_norm=0.999993, free_norm=7.0e-6 + 0.0im
     | block_size = 9 
[TDSE] Runing TDSE-SH-linear (length gauge, dipole form). step 2400 energy = -0.4964046906982994, norm_value = 1.0 + 0.0im, bound_norm=0.999991, free_norm=9.0e-6 + 0.0im
     | block_size = 12 
[TDSE] Runing TDSE-SH-linear (length gauge, dipole form). step 2600 energy = -0.4964030679460243, norm_value = 1.0 + 0.0im, bound_norm=0.999991, free_norm=9.0e-6 + 0.0im
     | block_size = 14 
[TDSE] Runing TDSE-SH-linear (length gauge, dipole form). step 2800 energy = -0.4964085671202005, norm_value = 1.0 + 0.0im, bound_norm=0.999992, free_norm=8.0e-6 + 0.0im
     | block_size = 17 
[TDSE] Runing TDSE-SH-linear (length gauge, dipole form). step 3000 energy = -0.4964200579735984, norm_value = 1.0 + 0.0im, bound_norm=0.999996, free_norm=4.0e-6 + 0.0im
     | block_size = 20 
[TDSE] Runing TDSE-SH-linear (length gauge, dipole form). step 3200 energy = -0.4964310414438155, norm_value = 1.0 + 0.0im, bound_norm=0.999999, free_norm=1.0e-6 + 0.0im
     | block_size = 21 
[TDSE] Runing TDSE-SH-linear (length gauge, dipole form). step 3400 energy = -0.49643110776499694, norm_value = 1.0 + 0.0im, bound_norm=0.999999, free_norm=1.0e-6 + 0.0im
     | block_size = 21 
[TDSE] Runing TDSE-SH-linear (length gauge, dipole form). step 3600 energy = -0.4964088618632469, norm_value = 1.0 + 0.0im, bound_norm=0.999992, free_norm=8.0e-6 + 0.0im
     | block_size = 19 
[TDSE] Runing TDSE-SH-linear (length gauge, dipole form). step 3800 energy = -0.4963576711767819, norm_value = 1.0 + 0.0im, bound_norm=0.999977, free_norm=2.3e-5 + 0.0im
     | block_size = 14 
[TDSE] Runing TDSE-SH-linear (length gauge, dipole form). step 4000 energy = -0.49628025589070124, norm_value = 1.0 + 0.0im, bound_norm=0.999953, free_norm=4.7e-5 + 0.0im
     | block_size = 9 
[TDSE] Runing TDSE-SH-linear (length gauge, dipole form). step 4200 energy = -0.49619245893264574, norm_value = 1.0 + 0.0im, bound_norm=0.999926, free_norm=7.4e-5 + 0.0im
     | block_size = 15 
[TDSE] Runing TDSE-SH-linear (length gauge, dipole form). step 4400 energy = -0.49612025343810506, norm_value = 1.0 + 0.0im, bound_norm=0.999905, free_norm=9.5e-5 + 0.0im
     | block_size = 25 
[TDSE] Runing TDSE-SH-linear (length gauge, dipole form). step 4600 energy = -0.4960913298483657, norm_value = 1.0 + 0.0im, bound_norm=0.999896, free_norm=0.000104 + 0.0im
     | block_size = 35 
[TDSE] Runing TDSE-SH-linear (length gauge, dipole form). step 4800 energy = -0.49612400491705577, norm_value = 1.0 + 0.0im, bound_norm=0.999906, free_norm=9.4e-5 + 0.0im
     | block_size = 45 
[TDSE] Runing TDSE-SH-linear (length gauge, dipole form). step 5000 energy = -0.49621310682794684, norm_value = 1.0 + 0.0im, bound_norm=0.999933, free_norm=6.7e-5 + 0.0im
     | block_size = 55 
[TDSE] Runing TDSE-SH-linear (length gauge, dipole form). step 5200 energy = -0.496327293986066, norm_value = 1.0 + 0.0im, bound_norm=0.999968, free_norm=3.2e-5 + 0.0im
     | block_size = 63 
[TDSE] Runing TDSE-SH-linear (length gauge, dipole form). step 5400 energy = -0.4964146675233716, norm_value = 1.0 + 0.0im, bound_norm=0.999995, free_norm=5.0e-6 + 0.0im
     | block_size = 67 
[TDSE] Runing TDSE-SH-linear (length gauge, dipole form). step 5600 energy = -0.4964189625950805, norm_value = 1.0 + 0.0im, bound_norm=0.999996, free_norm=4.0e-6 + 0.0im
     | block_size = 68 
[TDSE] Runing TDSE-SH-linear (length gauge, dipole form). step 5800 energy = -0.4962999091855961, norm_value = 1.0 + 0.0im, bound_norm=0.999959, free_norm=4.1e-5 + 0.0im
     | block_size = 62 
[TDSE] Runing TDSE-SH-linear (length gauge, dipole form). step 6000 energy = -0.4960514288777399, norm_value = 1.0 + 0.0im, bound_norm=0.999884, free_norm=0.000116 + 0.0im
     | block_size = 53 
[TDSE] Runing TDSE-SH-linear (length gauge, dipole form). step 6200 energy = -0.49571349071604653, norm_value = 1.0 + 0.0im, bound_norm=0.999785, free_norm=0.000215 + 0.0im
     | block_size = 43 
[TDSE] Runing TDSE-SH-linear (length gauge, dipole form). step 6400 energy = -0.49537112406953693, norm_value = 1.0 + 0.0im, bound_norm=0.999688, free_norm=0.000312 + 0.0im
     | block_size = 33 
[TDSE] Runing TDSE-SH-linear (length gauge, dipole form). step 6600 energy = -0.49513611612557834, norm_value = 1.0 + 0.0im, bound_norm=0.999624, free_norm=0.000376 + 0.0im
     | block_size = 40 
[TDSE] Runing TDSE-SH-linear (length gauge, dipole form). step 6800 energy = -0.4951041755149753, norm_value = 1.0 + 0.0im, bound_norm=0.999616, free_norm=0.000384 + 0.0im
     | block_size = 50 
[TDSE] Runing TDSE-SH-linear (length gauge, dipole form). step 7000 energy = -0.4953070217831181, norm_value = 1.0 + 0.0im, bound_norm=0.999671, free_norm=0.000329 + 0.0im
     | block_size = 60 
[TDSE] Runing TDSE-SH-linear (length gauge, dipole form). step 7200 energy = -0.49568137373443094, norm_value = 1.0 + 0.0im, bound_norm=0.999777, free_norm=0.000223 + 0.0im
     | block_size = 70 
[TDSE] Runing TDSE-SH-linear (length gauge, dipole form). step 7400 energy = -0.49609034872280927, norm_value = 1.0 + 0.0im, bound_norm=0.999896, free_norm=0.000104 + 0.0im
     | block_size = 80 
[TDSE] Runing TDSE-SH-linear (length gauge, dipole form). step 7600 energy = -0.4963736181786129, norm_value = 1.0 + 0.0im, bound_norm=0.999983, free_norm=1.7e-5 + 0.0im
     | block_size = 87 
[TDSE] Runing TDSE-SH-linear (length gauge, dipole form). step 7800 energy = -0.49639532719656027, norm_value = 1.0 + 0.0im, bound_norm=0.999989, free_norm=1.1e-5 + 0.0im
     | block_size = 88 
[TDSE] Runing TDSE-SH-linear (length gauge, dipole form). step 8000 energy = -0.49608281547603705, norm_value = 1.0 + 0.0im, bound_norm=0.999894, free_norm=0.000106 + 0.0im
     | block_size = 82 
[TDSE] Runing TDSE-SH-linear (length gauge, dipole form). step 8200 energy = -0.49545148670139544, norm_value = 1.0 + 0.0im, bound_norm=0.99971, free_norm=0.00029 + 0.0im
     | block_size = 82 
[TDSE] Runing TDSE-SH-linear (length gauge, dipole form). step 8400 energy = -0.4946207977979925, norm_value = 1.0 + 0.0im, bound_norm=0.999487, free_norm=0.000513 + 0.0im
     | block_size = 92 
[TDSE] Runing TDSE-SH-linear (length gauge, dipole form). step 8600 energy = -0.4938108442257898, norm_value = 1.0 + 0.0im, bound_norm=0.999292, free_norm=0.000708 + 0.0im
     | block_size = 102 
[TDSE] Runing TDSE-SH-linear (length gauge, dipole form). step 8800 energy = -0.4933042628908444, norm_value = 1.0 + 0.0im, bound_norm=0.999183, free_norm=0.000817 + 0.0im
     | block_size = 112 
[TDSE] Runing TDSE-SH-linear (length gauge, dipole form). step 9000 energy = -0.4933359500044152, norm_value = 1.0 + 0.0im, bound_norm=0.999185, free_norm=0.000815 + 0.0im
     | block_size = 122 
[TDSE] Runing TDSE-SH-linear (length gauge, dipole form). step 9200 energy = -0.49393479660108386, norm_value = 1.0 + 0.0im, bound_norm=0.9993, free_norm=0.0007 + 0.0im
     | block_size = 132 
[TDSE] Runing TDSE-SH-linear (length gauge, dipole form). step 9400 energy = -0.49485191197241624, norm_value = 1.0 + 0.0im, bound_norm=0.999526, free_norm=0.000474 + 0.0im
     | block_size = 142 
[TDSE] Runing TDSE-SH-linear (length gauge, dipole form). step 9600 energy = -0.4957291364972862, norm_value = 1.0 + 0.0im, bound_norm=0.999784, free_norm=0.000216 + 0.0im
     | block_size = 152 
[TDSE] Runing TDSE-SH-linear (length gauge, dipole form). step 9800 energy = -0.49629643976025123, norm_value = 1.0 + 0.0im, bound_norm=0.999948, free_norm=5.2e-5 + 0.0im
     | block_size = 162 
[TDSE] Runing TDSE-SH-linear (length gauge, dipole form). step 10000 energy = -0.4963530429226319, norm_value = 1.0 + 0.0im, bound_norm=0.999968, free_norm=3.2e-5 + 0.0im
     | block_size = 164 
[TDSE] Runing TDSE-SH-linear (length gauge, dipole form). step 10200 energy = -0.4958141708437729, norm_value = 1.0 + 0.0im, bound_norm=0.999806, free_norm=0.000194 + 0.0im
     | block_size = 163 
[TDSE] Runing TDSE-SH-linear (length gauge, dipole form). step 10400 energy = -0.494746377559341, norm_value = 1.0 + 0.0im, bound_norm=0.999507, free_norm=0.000493 + 0.0im
     | block_size = 173 
[TDSE] Runing TDSE-SH-linear (length gauge, dipole form). step 10600 energy = -0.4933393288290579, norm_value = 1.0 + 0.0im, bound_norm=0.999171, free_norm=0.000829 + 0.0im
     | block_size = 183 
[TDSE] Runing TDSE-SH-linear (length gauge, dipole form). step 10800 energy = -0.49195372314320224, norm_value = 1.0 + 0.0im, bound_norm=0.998899, free_norm=0.001101 + 0.0im
     | block_size = 193 
[TDSE] Runing TDSE-SH-linear (length gauge, dipole form). step 11000 energy = -0.49108961671103174, norm_value = 1.0 + 0.0im, bound_norm=0.998763, free_norm=0.001237 + 0.0im
     | block_size = 200 
[TDSE] Runing TDSE-SH-linear (length gauge, dipole form). step 11200 energy = -0.49116349009528265, norm_value = 1.0 + 0.0im, bound_norm=0.998709, free_norm=0.001291 + 0.0im
     | block_size = 200 
[TDSE] Runing TDSE-SH-linear (length gauge, dipole form). step 11400 energy = -0.4922171515164359, norm_value = 1.0 + 0.0im, bound_norm=0.998733, free_norm=0.001267 + 0.0im
     | block_size = 200 
[TDSE] Runing TDSE-SH-linear (length gauge, dipole form). step 11600 energy = -0.4937087421618454, norm_value = 1.0 + 0.0im, bound_norm=0.998936, free_norm=0.001064 + 0.0im
     | block_size = 200 
[TDSE] Runing TDSE-SH-linear (length gauge, dipole form). step 11800 energy = -0.4949395451989753, norm_value = 1.0 + 0.0im, bound_norm=0.999333, free_norm=0.000667 + 0.0im
     | block_size = 200 
[TDSE] Runing TDSE-SH-linear (length gauge, dipole form). step 12000 energy = -0.49566854360894413, norm_value = 1.0 + 0.0im, bound_norm=0.999563, free_norm=0.000437 + 0.0im
     | block_size = 200 
[TDSE] Runing TDSE-SH-linear (length gauge, dipole form). step 12200 energy = -0.49575979150940186, norm_value = 1.0 + 0.0im, bound_norm=0.999593, free_norm=0.000407 + 0.0im
     | block_size = 200 
[TDSE] Runing TDSE-SH-linear (length gauge, dipole form). step 12400 energy = -0.49514048552171647, norm_value = 1.0 + 0.0im, bound_norm=0.999394, free_norm=0.000606 + 0.0im
     | block_size = 200 
[TDSE] Runing TDSE-SH-linear (length gauge, dipole form). step 12600 energy = -0.49394048402565194, norm_value = 1.0 + 0.0im, bound_norm=0.99904, free_norm=0.00096 + 0.0im
     | block_size = 200 
[TDSE] Runing TDSE-SH-linear (length gauge, dipole form). step 12800 energy = -0.4923128433394001, norm_value = 1.0 + 0.0im, bound_norm=0.998662, free_norm=0.001338 + 0.0im
     | block_size = 200 
[TDSE] Runing TDSE-SH-linear (length gauge, dipole form). step 13000 energy = -0.4906926667389766, norm_value = 1.0 + 0.0im, bound_norm=0.998348, free_norm=0.001652 + 0.0im
     | block_size = 200 
[TDSE] Runing TDSE-SH-linear (length gauge, dipole form). step 13200 energy = -0.48968341033199453, norm_value = 1.0 + 0.0im, bound_norm=0.998165, free_norm=0.001835 + 0.0im
     | block_size = 200 
[TDSE] Runing TDSE-SH-linear (length gauge, dipole form). step 13400 energy = -0.48969051512755774, norm_value = 1.0 + 0.0im, bound_norm=0.997996, free_norm=0.002004 + 0.0im
     | block_size = 200 
[TDSE] Runing TDSE-SH-linear (length gauge, dipole form). step 13600 energy = -0.49075208972839146, norm_value = 1.0 + 0.0im, bound_norm=0.997865, free_norm=0.002135 + 0.0im
     | block_size = 200 
[TDSE] Runing TDSE-SH-linear (length gauge, dipole form). step 13800 energy = -0.4921759688258699, norm_value = 1.0 + 0.0im, bound_norm=0.997979, free_norm=0.002021 + 0.0im
     | block_size = 200 
[TDSE] Runing TDSE-SH-linear (length gauge, dipole form). step 14000 energy = -0.49320221886403304, norm_value = 1.0 + 0.0im, bound_norm=0.998407, free_norm=0.001593 + 0.0im
     | block_size = 200 
[TDSE] Runing TDSE-SH-linear (length gauge, dipole form). step 14200 energy = -0.4937536776765541, norm_value = 1.0 + 0.0im, bound_norm=0.998654, free_norm=0.001346 + 0.0im
     | block_size = 200 
[TDSE] Runing TDSE-SH-linear (length gauge, dipole form). step 14400 energy = -0.4938355961745277, norm_value = 1.0 + 0.0im, bound_norm=0.998688, free_norm=0.001312 + 0.0im
     | block_size = 200 
[TDSE] Runing TDSE-SH-linear (length gauge, dipole form). step 14600 energy = -0.4934216537331799, norm_value = 1.0 + 0.0im, bound_norm=0.998501, free_norm=0.001499 + 0.0im
     | block_size = 200 
[TDSE] Runing TDSE-SH-linear (length gauge, dipole form). step 14800 energy = -0.492650501815789, norm_value = 1.0 + 0.0im, bound_norm=0.99818, free_norm=0.00182 + 0.0im
     | block_size = 200 
[TDSE] Runing TDSE-SH-linear (length gauge, dipole form). step 15000 energy = -0.49159333822541396, norm_value = 1.0 + 0.0im, bound_norm=0.997835, free_norm=0.002165 + 0.0im
     | block_size = 200 
[TDSE] Runing TDSE-SH-linear (length gauge, dipole form). step 15200 energy = -0.4906179349606165, norm_value = 1.0 + 0.0im, bound_norm=0.997575, free_norm=0.002425 + 0.0im
     | block_size = 200 
[TDSE] Runing TDSE-SH-linear (length gauge, dipole form). step 15400 energy = -0.4901654702861776, norm_value = 1.0 + 0.0im, bound_norm=0.997469, free_norm=0.002531 + 0.0im
     | block_size = 200 
[TDSE] Runing TDSE-SH-linear (length gauge, dipole form). step 15600 energy = -0.4904026353566958, norm_value = 1.0 + 0.0im, bound_norm=0.997381, free_norm=0.002619 + 0.0im
     | block_size = 200 
[TDSE] Runing TDSE-SH-linear (length gauge, dipole form). step 15800 energy = -0.4913419568382933, norm_value = 1.0 + 0.0im, bound_norm=0.997461, free_norm=0.002539 + 0.0im
     | block_size = 200 
[TDSE] Runing TDSE-SH-linear (length gauge, dipole form). step 16000 energy = -0.49235050484414244, norm_value = 1.0 + 0.0im, bound_norm=0.997715, free_norm=0.002285 + 0.0im
     | block_size = 200 
[TDSE] Runing TDSE-SH-linear (length gauge, dipole form). step 16200 energy = -0.49305454948317134, norm_value = 1.0 + 0.0im, bound_norm=0.998091, free_norm=0.001909 + 0.0im
     | block_size = 200 
[TDSE] Runing TDSE-SH-linear (length gauge, dipole form). step 16400 energy = -0.4934271470206141, norm_value = 1.0 + 0.0im, bound_norm=0.998274, free_norm=0.001726 + 0.0im
     | block_size = 200 
[TDSE] Runing TDSE-SH-linear (length gauge, dipole form). step 16600 energy = -0.4934859835947202, norm_value = 1.0 + 0.0im, bound_norm=0.99831, free_norm=0.00169 + 0.0im
     | block_size = 200 
[TDSE] Runing TDSE-SH-linear (length gauge, dipole form). step 16800 energy = -0.49324923385200353, norm_value = 1.0 + 0.0im, bound_norm=0.998177, free_norm=0.001823 + 0.0im
     | block_size = 200 
[TDSE] Runing TDSE-SH-linear (length gauge, dipole form). step 17000 energy = -0.492865203017371, norm_value = 1.0 + 0.0im, bound_norm=0.997952, free_norm=0.002048 + 0.0im
     | block_size = 200 
[TDSE] Runing TDSE-SH-linear (length gauge, dipole form). step 17200 energy = -0.49240664998324285, norm_value = 1.0 + 0.0im, bound_norm=0.997718, free_norm=0.002282 + 0.0im
     | block_size = 200 
[TDSE] Runing TDSE-SH-linear (length gauge, dipole form). step 17400 energy = -0.4920864687029826, norm_value = 1.0 + 0.0im, bound_norm=0.997527, free_norm=0.002473 + 0.0im
     | block_size = 200 
[TDSE] Runing TDSE-SH-linear (length gauge, dipole form). step 17600 energy = -0.49204079731910383, norm_value = 1.0 + 0.0im, bound_norm=0.997469, free_norm=0.002531 + 0.0im
     | block_size = 200 
[TDSE] Runing TDSE-SH-linear (length gauge, dipole form). step 17800 energy = -0.49247710244877624, norm_value = 1.0 + 0.0im, bound_norm=0.997551, free_norm=0.002449 + 0.0im
     | block_size = 200 
[TDSE] Runing TDSE-SH-linear (length gauge, dipole form). step 18000 energy = -0.4930599288628359, norm_value = 1.0 + 0.0im, bound_norm=0.997751, free_norm=0.002249 + 0.0im
     | block_size = 200 
[TDSE] Runing TDSE-SH-linear (length gauge, dipole form). step 18200 energy = -0.4937182191668891, norm_value = 1.0 + 0.0im, bound_norm=0.997965, free_norm=0.002035 + 0.0im
     | block_size = 200 
[TDSE] Runing TDSE-SH-linear (length gauge, dipole form). step 18400 energy = -0.4940939498641355, norm_value = 1.0 + 0.0im, bound_norm=0.99815, free_norm=0.00185 + 0.0im
     | block_size = 200 
[TDSE] Runing TDSE-SH-linear (length gauge, dipole form). step 18600 energy = -0.4943515071549311, norm_value = 1.0 + 0.0im, bound_norm=0.998275, free_norm=0.001725 + 0.0im
     | block_size = 200 
[TDSE] Runing TDSE-SH-linear (length gauge, dipole form). step 18800 energy = -0.49438254658243547, norm_value = 1.0 + 0.0im, bound_norm=0.998296, free_norm=0.001704 + 0.0im
     | block_size = 200 
[TDSE] Runing TDSE-SH-linear (length gauge, dipole form). step 19000 energy = -0.4942875363682282, norm_value = 1.0 + 0.0im, bound_norm=0.998231, free_norm=0.001769 + 0.0im
     | block_size = 200 
[TDSE] Runing TDSE-SH-linear (length gauge, dipole form). step 19200 energy = -0.49407234534896677, norm_value = 1.0 + 0.0im, bound_norm=0.998114, free_norm=0.001886 + 0.0im
     | block_size = 200 
[TDSE] Runing TDSE-SH-linear (length gauge, dipole form). step 19400 energy = -0.49395820313085337, norm_value = 1.0 + 0.0im, bound_norm=0.998013, free_norm=0.001987 + 0.0im
     | block_size = 200 
[TDSE] Runing TDSE-SH-linear (length gauge, dipole form). step 19600 energy = -0.4938772454528162, norm_value = 1.0 + 0.0im, bound_norm=0.997977, free_norm=0.002023 + 0.0im
     | block_size = 200 
[TDSE] Runing TDSE-SH-linear (length gauge, dipole form). step 19800 energy = -0.49392572031953585, norm_value = 1.0 + 0.0im, bound_norm=0.997917, free_norm=0.002083 + 0.0im
     | block_size = 200 
[TDSE] Runing TDSE-SH-linear (length gauge, dipole form). step 20000 energy = -0.49412195155715233, norm_value = 1.0 + 0.0im, bound_norm=0.997969, free_norm=0.002031 + 0.0im
     | block_size = 200 
[TDSE] Runing TDSE-SH-linear (length gauge, dipole form). step 20200 energy = -0.4943874170326382, norm_value = 1.0 + 0.0im, bound_norm=0.998049, free_norm=0.001951 + 0.0im
     | block_size = 200 
[TDSE] Runing TDSE-SH-linear (length gauge, dipole form). step 20400 energy = -0.4946679590706338, norm_value = 1.0 + 0.0im, bound_norm=0.998189, free_norm=0.001811 + 0.0im
     | block_size = 200 
[TDSE] Runing TDSE-SH-linear (length gauge, dipole form). step 20600 energy = -0.4948505971376649, norm_value = 1.0 + 0.0im, bound_norm=0.998262, free_norm=0.001738 + 0.0im
     | block_size = 200 
[TDSE] Runing TDSE-SH-linear (length gauge, dipole form). step 20800 energy = -0.4949296728039583, norm_value = 1.0 + 0.0im, bound_norm=0.998299, free_norm=0.001701 + 0.0im
     | block_size = 200 
[TDSE] Runing TDSE-SH-linear (length gauge, dipole form). step 21000 energy = -0.4949419551573306, norm_value = 1.0 + 0.0im, bound_norm=0.9983, free_norm=0.0017 + 0.0im
     | block_size = 200 
[TDSE] Runing TDSE-SH-linear (length gauge, dipole form). step 21200 energy = -0.4949045644905734, norm_value = 1.0 + 0.0im, bound_norm=0.998277, free_norm=0.001723 + 0.0im
     | block_size = 200 
[TDSE] Runing TDSE-SH-linear (length gauge, dipole form). step 21400 energy = -0.4948765121961658, norm_value = 1.0 + 0.0im, bound_norm=0.998255, free_norm=0.001745 + 0.0im
     | block_size = 200 
[TDSE] Runing TDSE-SH-linear (length gauge, dipole form). step 21600 energy = -0.49486689547286755, norm_value = 1.0 + 0.0im, bound_norm=0.998218, free_norm=0.001782 + 0.0im
     | block_size = 200 
[TDSE] Runing TDSE-SH-linear (length gauge, dipole form). step 21800 energy = -0.494868991266519, norm_value = 1.0 + 0.0im, bound_norm=0.99823, free_norm=0.00177 + 0.0im
     | block_size = 200 
[TDSE] Runing TDSE-SH-linear (length gauge, dipole form). step 22000 energy = -0.4949318527965732, norm_value = 1.0 + 0.0im, bound_norm=0.998211, free_norm=0.001789 + 0.0im
     | block_size = 200 
[TDSE] Runing TDSE-SH-linear (length gauge, dipole form). step 22200 energy = -0.49503856925757767, norm_value = 1.0 + 0.0im, bound_norm=0.998224, free_norm=0.001776 + 0.0im
     | block_size = 200 
[TDSE] Runing TDSE-SH-linear (length gauge, dipole form). step 22400 energy = -0.495090451184877, norm_value = 1.0 + 0.0im, bound_norm=0.998264, free_norm=0.001736 + 0.0im
     | block_size = 200 
[TDSE] Runing TDSE-SH-linear (length gauge, dipole form). step 22600 energy = -0.4952102076365507, norm_value = 1.0 + 0.0im, bound_norm=0.998297, free_norm=0.001703 + 0.0im
     | block_size = 200 
[TDSE] Runing TDSE-SH-linear (length gauge, dipole form). step 22800 energy = -0.4952238625795575, norm_value = 1.0 + 0.0im, bound_norm=0.998306, free_norm=0.001694 + 0.0im
     | block_size = 200 
[TDSE] Runing TDSE-SH-linear (length gauge, dipole form). step 23000 energy = -0.49525272846174323, norm_value = 1.0 + 0.0im, bound_norm=0.998313, free_norm=0.001687 + 0.0im
     | block_size = 200 
[TDSE] Runing TDSE-SH-linear (length gauge, dipole form). step 23200 energy = -0.49525435836939163, norm_value = 1.0 + 0.0im, bound_norm=0.998315, free_norm=0.001685 + 0.0im
     | block_size = 200 
[TDSE] Runing TDSE-SH-linear (length gauge, dipole form). step 23400 energy = -0.4952572680085073, norm_value = 1.0 + 0.0im, bound_norm=0.998313, free_norm=0.001687 + 0.0im
     | block_size = 200 
[TDSE] Runing TDSE-SH-linear (length gauge, dipole form). step 23600 energy = -0.4952418445710763, norm_value = 1.0 + 0.0im, bound_norm=0.998311, free_norm=0.001689 + 0.0im
     | block_size = 200 
[TDSE] Runing TDSE-SH-linear (length gauge, dipole form). step 23800 energy = -0.49524960240885246, norm_value = 1.0 + 0.0im, bound_norm=0.998308, free_norm=0.001692 + 0.0im
     | block_size = 200 
[TDSE] Runing TDSE-SH-linear (length gauge, dipole form). step 24000 energy = -0.4952569893721361, norm_value = 1.0 + 0.0im, bound_norm=0.998308, free_norm=0.001692 + 0.0im
     | block_size = 200 
[TDSE] Runing TDSE-SH-linear (length gauge, dipole form). step 24200 energy = -0.4952506758040551, norm_value = 1.0 + 0.0im, bound_norm=0.998311, free_norm=0.001689 + 0.0im
     | block_size = 200 
[TDSE] Runing TDSE-SH-linear (length gauge, dipole form). step 24400 energy = -0.4952866061767274, norm_value = 1.0 + 0.0im, bound_norm=0.998314, free_norm=0.001686 + 0.0im
     | block_size = 200 
[TDSE] Runing TDSE-SH-linear (length gauge, dipole form). step 24600 energy = -0.49528249051633905, norm_value = 1.0 + 0.0im, bound_norm=0.998314, free_norm=0.001686 + 0.0im
     | block_size = 200 
[TDSE] Runing TDSE-SH-linear (length gauge, dipole form). step 24800 energy = -0.49528625338066784, norm_value = 1.0 + 0.0im, bound_norm=0.998313, free_norm=0.001687 + 0.0im
     | block_size = 200 
[TDSE] Runing TDSE-SH-linear (length gauge, dipole form). step 25000 energy = -0.4952904830630826, norm_value = 1.0 + 0.0im, bound_norm=0.998314, free_norm=0.001686 + 0.0im
     | block_size = 200 
[TDSE] Runing TDSE-SH-linear (length gauge, dipole form). step 25200 energy = -0.495289750336215, norm_value = 1.0 + 0.0im, bound_norm=0.998316, free_norm=0.001684 + 0.0im
     | block_size = 200 
[TDSE] Runing TDSE-SH-linear (length gauge, dipole form). step 25400 energy = -0.4952905296210414, norm_value = 1.0 + 0.0im, bound_norm=0.998316, free_norm=0.001684 + 0.0im
     | block_size = 200 
[TDSE] Runing TDSE-SH-linear (length gauge, dipole form). step 25600 energy = -0.49529047044390234, norm_value = 1.0 + 0.0im, bound_norm=0.998316, free_norm=0.001684 + 0.0im
     | block_size = 200 
[TDSE] Runing TDSE-SH-linear (length gauge, dipole form). step 25800 energy = -0.4952910043341441, norm_value = 1.0 + 0.0im, bound_norm=0.998316, free_norm=0.001684 + 0.0im
     | block_size = 200 
[TDSE] Runing TDSE-SH-linear (length gauge, dipole form). step 26000 energy = -0.4952904658946923, norm_value = 1.0 + 0.0im, bound_norm=0.998316, free_norm=0.001684 + 0.0im
     | block_size = 200 
[TDSE] Runing TDSE-SH-linear (length gauge, dipole form). step 26200 energy = -0.4952909773498319, norm_value = 1.0 + 0.0im, bound_norm=0.998316, free_norm=0.001684 + 0.0im
     | block_size = 200 
[TDSE] Runing TDSE-SH-linear (length gauge, dipole form). step 26400 energy = -0.49529082711796346, norm_value = 1.0 + 0.0im, bound_norm=0.998316, free_norm=0.001684 + 0.0im
     | block_size = 200 
Sample 2026_5_15_hg_massive_0.05_0.0_0.0285_6.0_short_range does not exist. Exceute a new sample.
[ITP]: 10000.496424741636
[ITP]: 3.468948764850932e-6
[ITP]: 2.0119768988635656e-6
[ITP]: 1.2363970314233086e-6
[ITP]: 7.802127368616851e-7
[ITP]: 5.004886823867238e-7
[ITP]: 3.247063635747338e-7
[ITP]: 2.1241854042397534e-7
[ITP]: 1.3984492786001113e-7
[ITP]: 9.25260389417204e-8
[ITP]: 6.146357944825098e-8
[ITP]: 4.0962812142275595e-8
[ITP]: 2.737382170936442e-8
[ITP]: 1.8334269435982264e-8
[ITP]: 1.2303307206362746e-8
[ITP]: 8.269649631742482e-9
[ITP]: 5.566198502116038e-9
[ITP]: 3.7510526906814334e-9
[ITP]: 2.530471499007092e-9
[ITP]: 1.7086173587088638e-9
[ITP]: 1.154605577813328e-9
[ITP]: 7.807770541212733e-10
[ITP]: 5.283077308959605e-10
[ITP]: 3.576713369923823e-10
[ITP]: 2.422650968725293e-10
[ITP]: 1.6416579207145787e-10
[ITP]: 1.1128536980820058e-10
[ITP]: 7.546496760824084e-11
[ITP]: 5.119060730862657e-11
[ITP]: 3.4733049769641866e-11
[ITP]: 2.3571977703085167e-11
[ITP]: 1.6002199565434694e-11
[ITP]: 1.086369882941085e-11
[ITP]: 7.378653243961253e-12
[ITP]: 5.010714065889488e-12
[ITP]: 3.4039993046519612e-12
[ITP]: 2.313038649504051e-12
[ITP]: 1.570410468332284e-12
[ITP]: 1.0681455719918631e-12
[ITP]: 7.265299473147024e-13
[ITP]: 4.919398222114069e-13
[ITP]: 3.346212196220222e-13
[ITP]: 2.2842838731662596e-13
[ITP]: 1.5498713423767185e-13
[ITP]: 1.0536016503692736e-13
[ITP]: 7.188694084447889e-14
[ITP]: 4.801714581503802e-14
[ITP]: 3.347322419244847e-14
[ITP]: 2.3148150063434514e-14
[ITP]: 1.4432899320127035e-14
[ITP]: 1.1102230246251565e-14
[ITP]: 7.16093850883226e-15
[ITP]: 4.440892098500626e-15
[ITP]: 2.6645352591003757e-15
[ITP]: 2.831068712794149e-15
[ITP]: 1.4988010832439613e-15
[ITP]: 6.661338147750939e-16
[ITP]: 7.771561172376096e-16
[ITP]: 5.551115123125783e-16
[ITP]: 2.220446049250313e-16
[ITP]: 4.440892098500626e-16
[ITP]: 6.106226635438361e-16
[ITP]: 7.216449660063518e-16
[ITP]: 4.440892098500626e-16
[ITP]: 4.440892098500626e-16
[ITP]: 3.3306690738754696e-16
[ITP]: 1.1102230246251565e-15
[ITP]: 1.1102230246251565e-16
[ITP]: 7.216449660063518e-16
[ITP]: 1.1102230246251565e-16
[ITP]: 8.326672684688674e-16
[ITP]: 7.216449660063518e-16
[ITP]: 2.7755575615628914e-16
[ITP]: 4.996003610813204e-16
[ITP]: 4.440892098500626e-16
[ITP]: 4.440892098500626e-16
[ITP]: 1.6653345369377348e-16
[ITP]: 4.996003610813204e-16
[ITP]: 1.1657341758564144e-15
[ITP]: 1.1102230246251565e-16
[ITP]: 0.0
[TDSE] Runing TDSE-SH-linear (length gauge, dipole form). step 0 energy = -0.4964336949924361, norm_value = 1.0 + 0.0im, bound_norm=1.0, free_norm=0.0 + 0.0im
     | block_size = 3 
[TDSE] Runing TDSE-SH-linear (length gauge, dipole form). step 200 energy = -0.4964336933413939, norm_value = 1.0 + 0.0im, bound_norm=1.0, free_norm=0.0 + 0.0im
     | block_size = 3 
[TDSE] Runing TDSE-SH-linear (length gauge, dipole form). step 400 energy = -0.49643367458666476, norm_value = 1.0 + 0.0im, bound_norm=1.0, free_norm=0.0 + 0.0im
     | block_size = 4 
[TDSE] Runing TDSE-SH-linear (length gauge, dipole form). step 600 energy = -0.4964336305317865, norm_value = 1.0 + 0.0im, bound_norm=1.0, free_norm=0.0 + 0.0im
     | block_size = 4 
[TDSE] Runing TDSE-SH-linear (length gauge, dipole form). step 800 energy = -0.49643361417076615, norm_value = 1.0 + 0.0im, bound_norm=1.0, free_norm=0.0 + 0.0im
     | block_size = 4 
[TDSE] Runing TDSE-SH-linear (length gauge, dipole form). step 1000 energy = -0.49643366361599883, norm_value = 1.0 + 0.0im, bound_norm=1.0, free_norm=0.0 + 0.0im
     | block_size = 4 
[TDSE] Runing TDSE-SH-linear (length gauge, dipole form). step 1200 energy = -0.4964336439563042, norm_value = 1.0 + 0.0im, bound_norm=1.0, free_norm=0.0 + 0.0im
     | block_size = 4 
[TDSE] Runing TDSE-SH-linear (length gauge, dipole form). step 1400 energy = -0.4964329836229057, norm_value = 1.0 + 0.0im, bound_norm=1.0, free_norm=0.0 + 0.0im
     | block_size = 4 
[TDSE] Runing TDSE-SH-linear (length gauge, dipole form). step 1600 energy = -0.4964307175097538, norm_value = 1.0 + 0.0im, bound_norm=0.999999, free_norm=1.0e-6 + 0.0im
     | block_size = 5 
[TDSE] Runing TDSE-SH-linear (length gauge, dipole form). step 1800 energy = -0.49642578840890766, norm_value = 1.0 + 0.0im, bound_norm=0.999998, free_norm=2.0e-6 + 0.0im
     | block_size = 6 
[TDSE] Runing TDSE-SH-linear (length gauge, dipole form). step 2000 energy = -0.4964181337262589, norm_value = 1.0 + 0.0im, bound_norm=0.999995, free_norm=5.0e-6 + 0.0im
     | block_size = 7 
[TDSE] Runing TDSE-SH-linear (length gauge, dipole form). step 2200 energy = -0.4964089825656953, norm_value = 1.0 + 0.0im, bound_norm=0.999992, free_norm=8.0e-6 + 0.0im
     | block_size = 9 
[TDSE] Runing TDSE-SH-linear (length gauge, dipole form). step 2400 energy = -0.49640155402615943, norm_value = 1.0 + 0.0im, bound_norm=0.99999, free_norm=1.0e-5 + 0.0im
     | block_size = 12 
[TDSE] Runing TDSE-SH-linear (length gauge, dipole form). step 2600 energy = -0.49639975511995077, norm_value = 1.0 + 0.0im, bound_norm=0.99999, free_norm=1.0e-5 + 0.0im
     | block_size = 15 
[TDSE] Runing TDSE-SH-linear (length gauge, dipole form). step 2800 energy = -0.496405850627043, norm_value = 1.0 + 0.0im, bound_norm=0.999991, free_norm=9.0e-6 + 0.0im
     | block_size = 18 
[TDSE] Runing TDSE-SH-linear (length gauge, dipole form). step 3000 energy = -0.49641858337196365, norm_value = 1.0 + 0.0im, bound_norm=0.999995, free_norm=5.0e-6 + 0.0im
     | block_size = 20 
[TDSE] Runing TDSE-SH-linear (length gauge, dipole form). step 3200 energy = -0.49643075486762184, norm_value = 1.0 + 0.0im, bound_norm=0.999999, free_norm=1.0e-6 + 0.0im
     | block_size = 22 
[TDSE] Runing TDSE-SH-linear (length gauge, dipole form). step 3400 energy = -0.4964308278797373, norm_value = 1.0 + 0.0im, bound_norm=0.999999, free_norm=1.0e-6 + 0.0im
     | block_size = 22 
[TDSE] Runing TDSE-SH-linear (length gauge, dipole form). step 3600 energy = -0.4964061783192616, norm_value = 1.0 + 0.0im, bound_norm=0.999992, free_norm=8.0e-6 + 0.0im
     | block_size = 20 
[TDSE] Runing TDSE-SH-linear (length gauge, dipole form). step 3800 energy = -0.4963494378641001, norm_value = 1.0 + 0.0im, bound_norm=0.999974, free_norm=2.6e-5 + 0.0im
     | block_size = 15 
[TDSE] Runing TDSE-SH-linear (length gauge, dipole form). step 4000 energy = -0.4962635913710266, norm_value = 1.0 + 0.0im, bound_norm=0.999948, free_norm=5.2e-5 + 0.0im
     | block_size = 9 
[TDSE] Runing TDSE-SH-linear (length gauge, dipole form). step 4200 energy = -0.4961661719680389, norm_value = 1.0 + 0.0im, bound_norm=0.999918, free_norm=8.2e-5 + 0.0im
     | block_size = 16 
[TDSE] Runing TDSE-SH-linear (length gauge, dipole form). step 4400 energy = -0.4960859935396962, norm_value = 1.0 + 0.0im, bound_norm=0.999894, free_norm=0.000106 + 0.0im
     | block_size = 26 
[TDSE] Runing TDSE-SH-linear (length gauge, dipole form). step 4600 energy = -0.49605386957914843, norm_value = 1.0 + 0.0im, bound_norm=0.999885, free_norm=0.000115 + 0.0im
     | block_size = 36 
[TDSE] Runing TDSE-SH-linear (length gauge, dipole form). step 4800 energy = -0.4960901517023857, norm_value = 1.0 + 0.0im, bound_norm=0.999896, free_norm=0.000104 + 0.0im
     | block_size = 46 
[TDSE] Runing TDSE-SH-linear (length gauge, dipole form). step 5000 energy = -0.49618908698993625, norm_value = 1.0 + 0.0im, bound_norm=0.999926, free_norm=7.4e-5 + 0.0im
     | block_size = 56 
[TDSE] Runing TDSE-SH-linear (length gauge, dipole form). step 5200 energy = -0.49631575729148747, norm_value = 1.0 + 0.0im, bound_norm=0.999964, free_norm=3.6e-5 + 0.0im
     | block_size = 64 
[TDSE] Runing TDSE-SH-linear (length gauge, dipole form). step 5400 energy = -0.49641261255632246, norm_value = 1.0 + 0.0im, bound_norm=0.999994, free_norm=6.0e-6 + 0.0im
     | block_size = 69 
[TDSE] Runing TDSE-SH-linear (length gauge, dipole form). step 5600 energy = -0.49641737032772415, norm_value = 1.0 + 0.0im, bound_norm=0.999995, free_norm=5.0e-6 + 0.0im
     | block_size = 69 
[TDSE] Runing TDSE-SH-linear (length gauge, dipole form). step 5800 energy = -0.4962854118759584, norm_value = 1.0 + 0.0im, bound_norm=0.999955, free_norm=4.5e-5 + 0.0im
     | block_size = 64 
[TDSE] Runing TDSE-SH-linear (length gauge, dipole form). step 6000 energy = -0.49600960547427064, norm_value = 1.0 + 0.0im, bound_norm=0.999872, free_norm=0.000128 + 0.0im
     | block_size = 55 
[TDSE] Runing TDSE-SH-linear (length gauge, dipole form). step 6200 energy = -0.49563365174952384, norm_value = 1.0 + 0.0im, bound_norm=0.999762, free_norm=0.000238 + 0.0im
     | block_size = 47 
[TDSE] Runing TDSE-SH-linear (length gauge, dipole form). step 6400 energy = -0.4952516219522306, norm_value = 1.0 + 0.0im, bound_norm=0.999655, free_norm=0.000345 + 0.0im
     | block_size = 44 
[TDSE] Runing TDSE-SH-linear (length gauge, dipole form). step 6600 energy = -0.49498847143295605, norm_value = 1.0 + 0.0im, bound_norm=0.999585, free_norm=0.000415 + 0.0im
     | block_size = 45 
[TDSE] Runing TDSE-SH-linear (length gauge, dipole form). step 6800 energy = -0.4949525438533778, norm_value = 1.0 + 0.0im, bound_norm=0.999575, free_norm=0.000425 + 0.0im
     | block_size = 55 
[TDSE] Runing TDSE-SH-linear (length gauge, dipole form). step 7000 energy = -0.49517975929043667, norm_value = 1.0 + 0.0im, bound_norm=0.999636, free_norm=0.000364 + 0.0im
     | block_size = 65 
[TDSE] Runing TDSE-SH-linear (length gauge, dipole form). step 7200 energy = -0.49559789271520105, norm_value = 1.0 + 0.0im, bound_norm=0.999753, free_norm=0.000247 + 0.0im
     | block_size = 75 
[TDSE] Runing TDSE-SH-linear (length gauge, dipole form). step 7400 energy = -0.49605282063288053, norm_value = 1.0 + 0.0im, bound_norm=0.999885, free_norm=0.000115 + 0.0im
     | block_size = 85 
[TDSE] Runing TDSE-SH-linear (length gauge, dipole form). step 7600 energy = -0.49636712540428285, norm_value = 1.0 + 0.0im, bound_norm=0.999981, free_norm=1.9e-5 + 0.0im
     | block_size = 93 
[TDSE] Runing TDSE-SH-linear (length gauge, dipole form). step 7800 energy = -0.496391192135769, norm_value = 1.0 + 0.0im, bound_norm=0.999988, free_norm=1.2e-5 + 0.0im
     | block_size = 94 
[TDSE] Runing TDSE-SH-linear (length gauge, dipole form). step 8000 energy = -0.4960445019085029, norm_value = 1.0 + 0.0im, bound_norm=0.999882, free_norm=0.000118 + 0.0im
     | block_size = 88 
[TDSE] Runing TDSE-SH-linear (length gauge, dipole form). step 8200 energy = -0.49534183677052585, norm_value = 1.0 + 0.0im, bound_norm=0.999679, free_norm=0.000321 + 0.0im
     | block_size = 89 
[TDSE] Runing TDSE-SH-linear (length gauge, dipole form). step 8400 energy = -0.4944113240770013, norm_value = 1.0 + 0.0im, bound_norm=0.999433, free_norm=0.000567 + 0.0im
     | block_size = 99 
[TDSE] Runing TDSE-SH-linear (length gauge, dipole form). step 8600 energy = -0.493494594399592, norm_value = 1.0 + 0.0im, bound_norm=0.999221, free_norm=0.000779 + 0.0im
     | block_size = 109 
[TDSE] Runing TDSE-SH-linear (length gauge, dipole form). step 8800 energy = -0.4929114521880221, norm_value = 1.0 + 0.0im, bound_norm=0.999103, free_norm=0.000897 + 0.0im
     | block_size = 119 
[TDSE] Runing TDSE-SH-linear (length gauge, dipole form). step 9000 energy = -0.49293794067052177, norm_value = 1.0 + 0.0im, bound_norm=0.999102, free_norm=0.000898 + 0.0im
     | block_size = 129 
[TDSE] Runing TDSE-SH-linear (length gauge, dipole form). step 9200 energy = -0.4936170290050495, norm_value = 1.0 + 0.0im, bound_norm=0.999215, free_norm=0.000785 + 0.0im
     | block_size = 139 
[TDSE] Runing TDSE-SH-linear (length gauge, dipole form). step 9400 energy = -0.494656359340439, norm_value = 1.0 + 0.0im, bound_norm=0.999453, free_norm=0.000547 + 0.0im
     | block_size = 149 
[TDSE] Runing TDSE-SH-linear (length gauge, dipole form). step 9600 energy = -0.49563310484189743, norm_value = 1.0 + 0.0im, bound_norm=0.999745, free_norm=0.000255 + 0.0im
     | block_size = 159 
[TDSE] Runing TDSE-SH-linear (length gauge, dipole form). step 9800 energy = -0.49625933849599074, norm_value = 1.0 + 0.0im, bound_norm=0.999925, free_norm=7.5e-5 + 0.0im
     | block_size = 169 
[TDSE] Runing TDSE-SH-linear (length gauge, dipole form). step 10000 energy = -0.496322377741408, norm_value = 1.0 + 0.0im, bound_norm=0.999946, free_norm=5.4e-5 + 0.0im
     | block_size = 171 
[TDSE] Runing TDSE-SH-linear (length gauge, dipole form). step 10200 energy = -0.4957257042564715, norm_value = 1.0 + 0.0im, bound_norm=0.999768, free_norm=0.000232 + 0.0im
     | block_size = 172 
[TDSE] Runing TDSE-SH-linear (length gauge, dipole form). step 10400 energy = -0.494540543474747, norm_value = 1.0 + 0.0im, bound_norm=0.999439, free_norm=0.000561 + 0.0im
     | block_size = 182 
[TDSE] Runing TDSE-SH-linear (length gauge, dipole form). step 10600 energy = -0.4929513770638109, norm_value = 1.0 + 0.0im, bound_norm=0.99907, free_norm=0.00093 + 0.0im
     | block_size = 192 
[TDSE] Runing TDSE-SH-linear (length gauge, dipole form). step 10800 energy = -0.49134749663774363, norm_value = 1.0 + 0.0im, bound_norm=0.998773, free_norm=0.001227 + 0.0im
     | block_size = 200 
[TDSE] Runing TDSE-SH-linear (length gauge, dipole form). step 11000 energy = -0.49028793455912967, norm_value = 1.0 + 0.0im, bound_norm=0.998602, free_norm=0.001398 + 0.0im
     | block_size = 200 
[TDSE] Runing TDSE-SH-linear (length gauge, dipole form). step 11200 energy = -0.4902619633878886, norm_value = 1.0 + 0.0im, bound_norm=0.998466, free_norm=0.001534 + 0.0im
     | block_size = 200 
[TDSE] Runing TDSE-SH-linear (length gauge, dipole form). step 11400 energy = -0.49136210196663976, norm_value = 1.0 + 0.0im, bound_norm=0.998382, free_norm=0.001618 + 0.0im
     | block_size = 200 
[TDSE] Runing TDSE-SH-linear (length gauge, dipole form). step 11600 energy = -0.49297913373710794, norm_value = 1.0 + 0.0im, bound_norm=0.998504, free_norm=0.001496 + 0.0im
     | block_size = 200 
[TDSE] Runing TDSE-SH-linear (length gauge, dipole form). step 11800 energy = -0.4942624186049114, norm_value = 1.0 + 0.0im, bound_norm=0.998923, free_norm=0.001077 + 0.0im
     | block_size = 200 
[TDSE] Runing TDSE-SH-linear (length gauge, dipole form). step 12000 energy = -0.49498569111992, norm_value = 1.0 + 0.0im, bound_norm=0.999188, free_norm=0.000812 + 0.0im
     | block_size = 200 
[TDSE] Runing TDSE-SH-linear (length gauge, dipole form). step 12200 energy = -0.4950784109301058, norm_value = 1.0 + 0.0im, bound_norm=0.999216, free_norm=0.000784 + 0.0im
     | block_size = 200 
[TDSE] Runing TDSE-SH-linear (length gauge, dipole form). step 12400 energy = -0.4944579232097957, norm_value = 1.0 + 0.0im, bound_norm=0.998996, free_norm=0.001004 + 0.0im
     | block_size = 200 
[TDSE] Runing TDSE-SH-linear (length gauge, dipole form). step 12600 energy = -0.49322983011655597, norm_value = 1.0 + 0.0im, bound_norm=0.998609, free_norm=0.001391 + 0.0im
     | block_size = 200 
[TDSE] Runing TDSE-SH-linear (length gauge, dipole form). step 12800 energy = -0.4914850042620064, norm_value = 1.0 + 0.0im, bound_norm=0.998187, free_norm=0.001813 + 0.0im
     | block_size = 200 
[TDSE] Runing TDSE-SH-linear (length gauge, dipole form). step 13000 energy = -0.48965635061923685, norm_value = 1.0 + 0.0im, bound_norm=0.99784, free_norm=0.00216 + 0.0im
     | block_size = 200 
[TDSE] Runing TDSE-SH-linear (length gauge, dipole form). step 13200 energy = -0.4883476311827614, norm_value = 1.0 + 0.0im, bound_norm=0.997571, free_norm=0.002429 + 0.0im
     | block_size = 200 
[TDSE] Runing TDSE-SH-linear (length gauge, dipole form). step 13400 energy = -0.4880495500296605, norm_value = 1.0 + 0.0im, bound_norm=0.997169, free_norm=0.002831 + 0.0im
     | block_size = 200 
[TDSE] Runing TDSE-SH-linear (length gauge, dipole form). step 13600 energy = -0.4888649505067304, norm_value = 1.0 + 0.0im, bound_norm=0.996826, free_norm=0.003174 + 0.0im
     | block_size = 200 
[TDSE] Runing TDSE-SH-linear (length gauge, dipole form). step 13800 energy = -0.4900772263809699, norm_value = 1.0 + 0.0im, bound_norm=0.996795, free_norm=0.003205 + 0.0im
     | block_size = 200 
[TDSE] Runing TDSE-SH-linear (length gauge, dipole form). step 14000 energy = -0.49081005806665806, norm_value = 1.0 + 0.0im, bound_norm=0.997217, free_norm=0.002783 + 0.0im
     | block_size = 200 
[TDSE] Runing TDSE-SH-linear (length gauge, dipole form). step 14200 energy = -0.49111661683010377, norm_value = 1.0 + 0.0im, bound_norm=0.997509, free_norm=0.002491 + 0.0im
     | block_size = 200 
[TDSE] Runing TDSE-SH-linear (length gauge, dipole form). step 14400 energy = -0.49116839784340666, norm_value = 1.0 + 0.0im, bound_norm=0.997539, free_norm=0.002461 + 0.0im
     | block_size = 200 
[TDSE] Runing TDSE-SH-linear (length gauge, dipole form). step 14600 energy = -0.4909383478197243, norm_value = 1.0 + 0.0im, bound_norm=0.997331, free_norm=0.002669 + 0.0im
     | block_size = 200 
[TDSE] Runing TDSE-SH-linear (length gauge, dipole form). step 14800 energy = -0.4904829618588571, norm_value = 1.0 + 0.0im, bound_norm=0.996983, free_norm=0.003017 + 0.0im
     | block_size = 200 
[TDSE] Runing TDSE-SH-linear (length gauge, dipole form). step 15000 energy = -0.4897182673268381, norm_value = 1.0 + 0.0im, bound_norm=0.996606, free_norm=0.003394 + 0.0im
     | block_size = 200 
[TDSE] Runing TDSE-SH-linear (length gauge, dipole form). step 15200 energy = -0.4889301854957914, norm_value = 1.0 + 0.0im, bound_norm=0.996316, free_norm=0.003684 + 0.0im
     | block_size = 200 
[TDSE] Runing TDSE-SH-linear (length gauge, dipole form). step 15400 energy = -0.4884845017447088, norm_value = 1.0 + 0.0im, bound_norm=0.996199, free_norm=0.003801 + 0.0im
     | block_size = 200 
[TDSE] Runing TDSE-SH-linear (length gauge, dipole form). step 15600 energy = -0.48868525947062197, norm_value = 1.0 + 0.0im, bound_norm=0.996017, free_norm=0.003983 + 0.0im
     | block_size = 200 
[TDSE] Runing TDSE-SH-linear (length gauge, dipole form). step 15800 energy = -0.4892976025068748, norm_value = 1.0 + 0.0im, bound_norm=0.995954, free_norm=0.004046 + 0.0im
     | block_size = 200 
[TDSE] Runing TDSE-SH-linear (length gauge, dipole form). step 16000 energy = -0.49007444987302257, norm_value = 1.0 + 0.0im, bound_norm=0.996165, free_norm=0.003835 + 0.0im
     | block_size = 200 
[TDSE] Runing TDSE-SH-linear (length gauge, dipole form). step 16200 energy = -0.49036763884706475, norm_value = 1.0 + 0.0im, bound_norm=0.996576, free_norm=0.003424 + 0.0im
     | block_size = 200 
[TDSE] Runing TDSE-SH-linear (length gauge, dipole form). step 16400 energy = -0.49047600999467095, norm_value = 1.0 + 0.0im, bound_norm=0.996782, free_norm=0.003218 + 0.0im
     | block_size = 200 
[TDSE] Runing TDSE-SH-linear (length gauge, dipole form). step 16600 energy = -0.49049663043351954, norm_value = 1.0 + 0.0im, bound_norm=0.996822, free_norm=0.003178 + 0.0im
     | block_size = 200 
[TDSE] Runing TDSE-SH-linear (length gauge, dipole form). step 16800 energy = -0.49045021494464075, norm_value = 1.0 + 0.0im, bound_norm=0.996672, free_norm=0.003328 + 0.0im
     | block_size = 200 
[TDSE] Runing TDSE-SH-linear (length gauge, dipole form). step 17000 energy = -0.490426585988415, norm_value = 1.0 + 0.0im, bound_norm=0.996432, free_norm=0.003568 + 0.0im
     | block_size = 200 
[TDSE] Runing TDSE-SH-linear (length gauge, dipole form). step 17200 energy = -0.4903571645439487, norm_value = 1.0 + 0.0im, bound_norm=0.996144, free_norm=0.003856 + 0.0im
     | block_size = 200 
[TDSE] Runing TDSE-SH-linear (length gauge, dipole form). step 17400 energy = -0.49038262250657433, norm_value = 1.0 + 0.0im, bound_norm=0.996009, free_norm=0.003991 + 0.0im
     | block_size = 200 
[TDSE] Runing TDSE-SH-linear (length gauge, dipole form). step 17600 energy = -0.49065316352790617, norm_value = 1.0 + 0.0im, bound_norm=0.995932, free_norm=0.004068 + 0.0im
     | block_size = 200 
[TDSE] Runing TDSE-SH-linear (length gauge, dipole form). step 17800 energy = -0.4910502671064542, norm_value = 1.0 + 0.0im, bound_norm=0.996083, free_norm=0.003917 + 0.0im
     | block_size = 200 
[TDSE] Runing TDSE-SH-linear (length gauge, dipole form). step 18000 energy = -0.49158461584830937, norm_value = 1.0 + 0.0im, bound_norm=0.996131, free_norm=0.003869 + 0.0im
     | block_size = 200 
[TDSE] Runing TDSE-SH-linear (length gauge, dipole form). step 18200 energy = -0.49195727545443607, norm_value = 1.0 + 0.0im, bound_norm=0.996399, free_norm=0.003601 + 0.0im
     | block_size = 200 
[TDSE] Runing TDSE-SH-linear (length gauge, dipole form). step 18400 energy = -0.4922670346657275, norm_value = 1.0 + 0.0im, bound_norm=0.996652, free_norm=0.003348 + 0.0im
     | block_size = 200 
[TDSE] Runing TDSE-SH-linear (length gauge, dipole form). step 18600 energy = -0.4923339237412979, norm_value = 1.0 + 0.0im, bound_norm=0.996783, free_norm=0.003217 + 0.0im
     | block_size = 200 
[TDSE] Runing TDSE-SH-linear (length gauge, dipole form). step 18800 energy = -0.49235523464562814, norm_value = 1.0 + 0.0im, bound_norm=0.996805, free_norm=0.003195 + 0.0im
     | block_size = 200 
[TDSE] Runing TDSE-SH-linear (length gauge, dipole form). step 19000 energy = -0.49232505358712914, norm_value = 1.0 + 0.0im, bound_norm=0.996729, free_norm=0.003271 + 0.0im
     | block_size = 200 
[TDSE] Runing TDSE-SH-linear (length gauge, dipole form). step 19200 energy = -0.4923451415554214, norm_value = 1.0 + 0.0im, bound_norm=0.996605, free_norm=0.003395 + 0.0im
     | block_size = 200 
[TDSE] Runing TDSE-SH-linear (length gauge, dipole form). step 19400 energy = -0.492368574459441, norm_value = 1.0 + 0.0im, bound_norm=0.996487, free_norm=0.003513 + 0.0im
     | block_size = 200 
[TDSE] Runing TDSE-SH-linear (length gauge, dipole form). step 19600 energy = -0.4924893574620849, norm_value = 1.0 + 0.0im, bound_norm=0.996447, free_norm=0.003553 + 0.0im
     | block_size = 200 
[TDSE] Runing TDSE-SH-linear (length gauge, dipole form). step 19800 energy = -0.49273451338319085, norm_value = 1.0 + 0.0im, bound_norm=0.996451, free_norm=0.003549 + 0.0im
     | block_size = 200 
[TDSE] Runing TDSE-SH-linear (length gauge, dipole form). step 20000 energy = -0.49295838184733376, norm_value = 1.0 + 0.0im, bound_norm=0.996524, free_norm=0.003476 + 0.0im
     | block_size = 200 
[TDSE] Runing TDSE-SH-linear (length gauge, dipole form). step 20200 energy = -0.49322384896084054, norm_value = 1.0 + 0.0im, bound_norm=0.996606, free_norm=0.003394 + 0.0im
     | block_size = 200 
[TDSE] Runing TDSE-SH-linear (length gauge, dipole form). step 20400 energy = -0.493339805112647, norm_value = 1.0 + 0.0im, bound_norm=0.996625, free_norm=0.003375 + 0.0im
     | block_size = 200 
[TDSE] Runing TDSE-SH-linear (length gauge, dipole form). step 20600 energy = -0.49345453820592367, norm_value = 1.0 + 0.0im, bound_norm=0.996734, free_norm=0.003266 + 0.0im
     | block_size = 200 
[TDSE] Runing TDSE-SH-linear (length gauge, dipole form). step 20800 energy = -0.4935123328553735, norm_value = 1.0 + 0.0im, bound_norm=0.996796, free_norm=0.003204 + 0.0im
     | block_size = 200 
[TDSE] Runing TDSE-SH-linear (length gauge, dipole form). step 21000 energy = -0.49351728254218197, norm_value = 1.0 + 0.0im, bound_norm=0.996815, free_norm=0.003185 + 0.0im
     | block_size = 200 
[TDSE] Runing TDSE-SH-linear (length gauge, dipole form). step 21200 energy = -0.4935123801862517, norm_value = 1.0 + 0.0im, bound_norm=0.996792, free_norm=0.003208 + 0.0im
     | block_size = 200 
[TDSE] Runing TDSE-SH-linear (length gauge, dipole form). step 21400 energy = -0.4935430065361776, norm_value = 1.0 + 0.0im, bound_norm=0.996749, free_norm=0.003251 + 0.0im
     | block_size = 200 
[TDSE] Runing TDSE-SH-linear (length gauge, dipole form). step 21600 energy = -0.49359647787040256, norm_value = 1.0 + 0.0im, bound_norm=0.996732, free_norm=0.003268 + 0.0im
     | block_size = 200 
[TDSE] Runing TDSE-SH-linear (length gauge, dipole form). step 21800 energy = -0.49368570239453174, norm_value = 1.0 + 0.0im, bound_norm=0.99671, free_norm=0.00329 + 0.0im
     | block_size = 200 
[TDSE] Runing TDSE-SH-linear (length gauge, dipole form). step 22000 energy = -0.4938330358251285, norm_value = 1.0 + 0.0im, bound_norm=0.99671, free_norm=0.00329 + 0.0im
     | block_size = 200 
[TDSE] Runing TDSE-SH-linear (length gauge, dipole form). step 22200 energy = -0.4938989016934223, norm_value = 1.0 + 0.0im, bound_norm=0.996741, free_norm=0.003259 + 0.0im
     | block_size = 200 
[TDSE] Runing TDSE-SH-linear (length gauge, dipole form). step 22400 energy = -0.4940448293772534, norm_value = 1.0 + 0.0im, bound_norm=0.996761, free_norm=0.003239 + 0.0im
     | block_size = 200 
[TDSE] Runing TDSE-SH-linear (length gauge, dipole form). step 22600 energy = -0.4940881047689598, norm_value = 1.0 + 0.0im, bound_norm=0.996798, free_norm=0.003202 + 0.0im
     | block_size = 200 
[TDSE] Runing TDSE-SH-linear (length gauge, dipole form). step 22800 energy = -0.49413029879605835, norm_value = 1.0 + 0.0im, bound_norm=0.996811, free_norm=0.003189 + 0.0im
     | block_size = 200 
[TDSE] Runing TDSE-SH-linear (length gauge, dipole form). step 23000 energy = -0.49414549647210537, norm_value = 1.0 + 0.0im, bound_norm=0.996821, free_norm=0.003179 + 0.0im
     | block_size = 200 
[TDSE] Runing TDSE-SH-linear (length gauge, dipole form). step 23200 energy = -0.4941479475098456, norm_value = 1.0 + 0.0im, bound_norm=0.996823, free_norm=0.003177 + 0.0im
     | block_size = 200 
[TDSE] Runing TDSE-SH-linear (length gauge, dipole form). step 23400 energy = -0.49414242258667157, norm_value = 1.0 + 0.0im, bound_norm=0.996818, free_norm=0.003182 + 0.0im
     | block_size = 200 
[TDSE] Runing TDSE-SH-linear (length gauge, dipole form). step 23600 energy = -0.4941571579190664, norm_value = 1.0 + 0.0im, bound_norm=0.996818, free_norm=0.003182 + 0.0im
     | block_size = 200 
[TDSE] Runing TDSE-SH-linear (length gauge, dipole form). step 23800 energy = -0.4941597990295558, norm_value = 1.0 + 0.0im, bound_norm=0.996822, free_norm=0.003178 + 0.0im
     | block_size = 200 
[TDSE] Runing TDSE-SH-linear (length gauge, dipole form). step 24000 energy = -0.4941689670280858, norm_value = 1.0 + 0.0im, bound_norm=0.99682, free_norm=0.00318 + 0.0im
     | block_size = 200 
[TDSE] Runing TDSE-SH-linear (length gauge, dipole form). step 24200 energy = -0.4941935140996469, norm_value = 1.0 + 0.0im, bound_norm=0.996821, free_norm=0.003179 + 0.0im
     | block_size = 200 
[TDSE] Runing TDSE-SH-linear (length gauge, dipole form). step 24400 energy = -0.49420254942968256, norm_value = 1.0 + 0.0im, bound_norm=0.996819, free_norm=0.003181 + 0.0im
     | block_size = 200 
[TDSE] Runing TDSE-SH-linear (length gauge, dipole form). step 24600 energy = -0.49421652968137353, norm_value = 1.0 + 0.0im, bound_norm=0.996818, free_norm=0.003182 + 0.0im
     | block_size = 200 
[TDSE] Runing TDSE-SH-linear (length gauge, dipole form). step 24800 energy = -0.494217554753398, norm_value = 1.0 + 0.0im, bound_norm=0.996819, free_norm=0.003181 + 0.0im
     | block_size = 200 
[TDSE] Runing TDSE-SH-linear (length gauge, dipole form). step 25000 energy = -0.49421923528423134, norm_value = 1.0 + 0.0im, bound_norm=0.99682, free_norm=0.00318 + 0.0im
     | block_size = 200 
[TDSE] Runing TDSE-SH-linear (length gauge, dipole form). step 25200 energy = -0.494221469454702, norm_value = 1.0 + 0.0im, bound_norm=0.996821, free_norm=0.003179 + 0.0im
     | block_size = 200 
[TDSE] Runing TDSE-SH-linear (length gauge, dipole form). step 25400 energy = -0.4942212384297264, norm_value = 1.0 + 0.0im, bound_norm=0.996821, free_norm=0.003179 + 0.0im
     | block_size = 200 
[TDSE] Runing TDSE-SH-linear (length gauge, dipole form). step 25600 energy = -0.4942211831101273, norm_value = 1.0 + 0.0im, bound_norm=0.996821, free_norm=0.003179 + 0.0im
     | block_size = 200 
[TDSE] Runing TDSE-SH-linear (length gauge, dipole form). step 25800 energy = -0.4942213488806289, norm_value = 1.0 + 0.0im, bound_norm=0.996821, free_norm=0.003179 + 0.0im
     | block_size = 200 
[TDSE] Runing TDSE-SH-linear (length gauge, dipole form). step 26000 energy = -0.49422172311673773, norm_value = 1.0 + 0.0im, bound_norm=0.996821, free_norm=0.003179 + 0.0im
     | block_size = 200 
[TDSE] Runing TDSE-SH-linear (length gauge, dipole form). step 26200 energy = -0.49422165768603626, norm_value = 1.0 + 0.0im, bound_norm=0.996821, free_norm=0.003179 + 0.0im
     | block_size = 200 
[TDSE] Runing TDSE-SH-linear (length gauge, dipole form). step 26400 energy = -0.49422171238168056, norm_value = 1.0 + 0.0im, bound_norm=0.996821, free_norm=0.003179 + 0.0im
     | block_size = 200 
Sample 2026_5_15_hg_massive_0.0525_0.0_0.0285_6.0_short_range does not exist. Exceute a new sample.
[ITP]: 10000.496424741636
[ITP]: 3.468948764850932e-6
[ITP]: 2.0119768988635656e-6
[ITP]: 1.2363970314233086e-6
[ITP]: 7.802127368616851e-7
[ITP]: 5.004886823867238e-7
[ITP]: 3.247063635747338e-7
[ITP]: 2.1241854042397534e-7
[ITP]: 1.3984492786001113e-7
[ITP]: 9.25260389417204e-8
[ITP]: 6.146357944825098e-8
[ITP]: 4.0962812142275595e-8
[ITP]: 2.737382170936442e-8
[ITP]: 1.8334269435982264e-8
[ITP]: 1.2303307206362746e-8
[ITP]: 8.269649631742482e-9
[ITP]: 5.566198502116038e-9
[ITP]: 3.7510526906814334e-9
[ITP]: 2.530471499007092e-9
[ITP]: 1.7086173587088638e-9
[ITP]: 1.154605577813328e-9
[ITP]: 7.807770541212733e-10
[ITP]: 5.283077308959605e-10
[ITP]: 3.576713369923823e-10
[ITP]: 2.422650968725293e-10
[ITP]: 1.6416579207145787e-10
[ITP]: 1.1128536980820058e-10
[ITP]: 7.546496760824084e-11
[ITP]: 5.119060730862657e-11
[ITP]: 3.4733049769641866e-11
[ITP]: 2.3571977703085167e-11
[ITP]: 1.6002199565434694e-11
[ITP]: 1.086369882941085e-11
[ITP]: 7.378653243961253e-12
[ITP]: 5.010714065889488e-12
[ITP]: 3.4039993046519612e-12
[ITP]: 2.313038649504051e-12
[ITP]: 1.570410468332284e-12
[ITP]: 1.0681455719918631e-12
[ITP]: 7.265299473147024e-13
[ITP]: 4.919398222114069e-13
[ITP]: 3.346212196220222e-13
[ITP]: 2.2842838731662596e-13
[ITP]: 1.5498713423767185e-13
[ITP]: 1.0536016503692736e-13
[ITP]: 7.188694084447889e-14
[ITP]: 4.801714581503802e-14
[ITP]: 3.347322419244847e-14
[ITP]: 2.3148150063434514e-14
[ITP]: 1.4432899320127035e-14
[ITP]: 1.1102230246251565e-14
[ITP]: 7.16093850883226e-15
[ITP]: 4.440892098500626e-15
[ITP]: 2.6645352591003757e-15
[ITP]: 2.831068712794149e-15
[ITP]: 1.4988010832439613e-15
[ITP]: 6.661338147750939e-16
[ITP]: 7.771561172376096e-16
[ITP]: 5.551115123125783e-16
[ITP]: 2.220446049250313e-16
[ITP]: 4.440892098500626e-16
[ITP]: 6.106226635438361e-16
[ITP]: 7.216449660063518e-16
[ITP]: 4.440892098500626e-16
[ITP]: 4.440892098500626e-16
[ITP]: 3.3306690738754696e-16
[ITP]: 1.1102230246251565e-15
[ITP]: 1.1102230246251565e-16
[ITP]: 7.216449660063518e-16
[ITP]: 1.1102230246251565e-16
[ITP]: 8.326672684688674e-16
[ITP]: 7.216449660063518e-16
[ITP]: 2.7755575615628914e-16
[ITP]: 4.996003610813204e-16
[ITP]: 4.440892098500626e-16
[ITP]: 4.440892098500626e-16
[ITP]: 1.6653345369377348e-16
[ITP]: 4.996003610813204e-16
[ITP]: 1.1657341758564144e-15
[ITP]: 1.1102230246251565e-16
[ITP]: 0.0
[TDSE] Runing TDSE-SH-linear (length gauge, dipole form). step 0 energy = -0.4964336949924361, norm_value = 1.0 + 0.0im, bound_norm=1.0, free_norm=0.0 + 0.0im
     | block_size = 3 
[TDSE] Runing TDSE-SH-linear (length gauge, dipole form). step 200 energy = -0.4964336931721622, norm_value = 1.0 + 0.0im, bound_norm=1.0, free_norm=0.0 + 0.0im
     | block_size = 3 
[TDSE] Runing TDSE-SH-linear (length gauge, dipole form). step 400 energy = -0.4964336724950729, norm_value = 1.0 + 0.0im, bound_norm=1.0, free_norm=0.0 + 0.0im
     | block_size = 4 
[TDSE] Runing TDSE-SH-linear (length gauge, dipole form). step 600 energy = -0.49643362392455825, norm_value = 1.0 + 0.0im, bound_norm=1.0, free_norm=0.0 + 0.0im
     | block_size = 4 
[TDSE] Runing TDSE-SH-linear (length gauge, dipole form). step 800 energy = -0.4964336058865019, norm_value = 1.0 + 0.0im, bound_norm=1.0, free_norm=0.0 + 0.0im
     | block_size = 4 
[TDSE] Runing TDSE-SH-linear (length gauge, dipole form). step 1000 energy = -0.49643366039993886, norm_value = 1.0 + 0.0im, bound_norm=1.0, free_norm=0.0 + 0.0im
     | block_size = 4 
[TDSE] Runing TDSE-SH-linear (length gauge, dipole form). step 1200 energy = -0.4964336387251204, norm_value = 1.0 + 0.0im, bound_norm=1.0, free_norm=0.0 + 0.0im
     | block_size = 4 
[TDSE] Runing TDSE-SH-linear (length gauge, dipole form). step 1400 energy = -0.49643291070672035, norm_value = 1.0 + 0.0im, bound_norm=1.0, free_norm=0.0 + 0.0im
     | block_size = 4 
[TDSE] Runing TDSE-SH-linear (length gauge, dipole form). step 1600 energy = -0.49643041229253326, norm_value = 1.0 + 0.0im, bound_norm=0.999999, free_norm=1.0e-6 + 0.0im
     | block_size = 5 
[TDSE] Runing TDSE-SH-linear (length gauge, dipole form). step 1800 energy = -0.49642497778979183, norm_value = 1.0 + 0.0im, bound_norm=0.999997, free_norm=3.0e-6 + 0.0im
     | block_size = 6 
[TDSE] Runing TDSE-SH-linear (length gauge, dipole form). step 2000 energy = -0.49641653783702583, norm_value = 1.0 + 0.0im, bound_norm=0.999995, free_norm=5.0e-6 + 0.0im
     | block_size = 7 
[TDSE] Runing TDSE-SH-linear (length gauge, dipole form). step 2200 energy = -0.4964064473249292, norm_value = 1.0 + 0.0im, bound_norm=0.999992, free_norm=8.0e-6 + 0.0im
     | block_size = 10 
[TDSE] Runing TDSE-SH-linear (length gauge, dipole form). step 2400 energy = -0.4963982558145221, norm_value = 1.0 + 0.0im, bound_norm=0.999989, free_norm=1.1e-5 + 0.0im
     | block_size = 12 
[TDSE] Runing TDSE-SH-linear (length gauge, dipole form). step 2600 energy = -0.4963962715442929, norm_value = 1.0 + 0.0im, bound_norm=0.999988, free_norm=1.2e-5 + 0.0im
     | block_size = 16 
[TDSE] Runing TDSE-SH-linear (length gauge, dipole form). step 2800 energy = -0.4964029944286987, norm_value = 1.0 + 0.0im, bound_norm=0.999991, free_norm=9.0e-6 + 0.0im
     | block_size = 19 
[TDSE] Runing TDSE-SH-linear (length gauge, dipole form). step 3000 energy = -0.4964170328886824, norm_value = 1.0 + 0.0im, bound_norm=0.999995, free_norm=5.0e-6 + 0.0im
     | block_size = 22 
[TDSE] Runing TDSE-SH-linear (length gauge, dipole form). step 3200 energy = -0.4964304536164499, norm_value = 1.0 + 0.0im, bound_norm=0.999999, free_norm=1.0e-6 + 0.0im
     | block_size = 23 
[TDSE] Runing TDSE-SH-linear (length gauge, dipole form). step 3400 energy = -0.49643053358526845, norm_value = 1.0 + 0.0im, bound_norm=0.999999, free_norm=1.0e-6 + 0.0im
     | block_size = 23 
[TDSE] Runing TDSE-SH-linear (length gauge, dipole form). step 3600 energy = -0.49640335702693966, norm_value = 1.0 + 0.0im, bound_norm=0.999991, free_norm=9.0e-6 + 0.0im
     | block_size = 21 
[TDSE] Runing TDSE-SH-linear (length gauge, dipole form). step 3800 energy = -0.4963407779350276, norm_value = 1.0 + 0.0im, bound_norm=0.999971, free_norm=2.9e-5 + 0.0im
     | block_size = 15 
[TDSE] Runing TDSE-SH-linear (length gauge, dipole form). step 4000 energy = -0.49624605357356016, norm_value = 1.0 + 0.0im, bound_norm=0.999943, free_norm=5.7e-5 + 0.0im
     | block_size = 10 
[TDSE] Runing TDSE-SH-linear (length gauge, dipole form). step 4200 energy = -0.4961384887931793, norm_value = 1.0 + 0.0im, bound_norm=0.99991, free_norm=9.0e-5 + 0.0im
     | block_size = 16 
[TDSE] Runing TDSE-SH-linear (length gauge, dipole form). step 4400 energy = -0.4960498910199247, norm_value = 1.0 + 0.0im, bound_norm=0.999884, free_norm=0.000116 + 0.0im
     | block_size = 26 
[TDSE] Runing TDSE-SH-linear (length gauge, dipole form). step 4600 energy = -0.49601438529133307, norm_value = 1.0 + 0.0im, bound_norm=0.999873, free_norm=0.000127 + 0.0im
     | block_size = 36 
[TDSE] Runing TDSE-SH-linear (length gauge, dipole form). step 4800 energy = -0.49605447697527283, norm_value = 1.0 + 0.0im, bound_norm=0.999885, free_norm=0.000115 + 0.0im
     | block_size = 46 
[TDSE] Runing TDSE-SH-linear (length gauge, dipole form). step 5000 energy = -0.4961637944983351, norm_value = 1.0 + 0.0im, bound_norm=0.999918, free_norm=8.2e-5 + 0.0im
     | block_size = 56 
[TDSE] Runing TDSE-SH-linear (length gauge, dipole form). step 5200 energy = -0.4963036200043492, norm_value = 1.0 + 0.0im, bound_norm=0.999961, free_norm=3.9e-5 + 0.0im
     | block_size = 64 
[TDSE] Runing TDSE-SH-linear (length gauge, dipole form). step 5400 energy = -0.49641045261803374, norm_value = 1.0 + 0.0im, bound_norm=0.999993, free_norm=7.0e-6 + 0.0im
     | block_size = 69 
[TDSE] Runing TDSE-SH-linear (length gauge, dipole form). step 5600 energy = -0.49641569661767193, norm_value = 1.0 + 0.0im, bound_norm=0.999995, free_norm=5.0e-6 + 0.0im
     | block_size = 70 
[TDSE] Runing TDSE-SH-linear (length gauge, dipole form). step 5800 energy = -0.4962701606439487, norm_value = 1.0 + 0.0im, bound_norm=0.99995, free_norm=5.0e-5 + 0.0im
     | block_size = 64 
[TDSE] Runing TDSE-SH-linear (length gauge, dipole form). step 6000 energy = -0.49596552435558444, norm_value = 1.0 + 0.0im, bound_norm=0.999858, free_norm=0.000142 + 0.0im
     | block_size = 56 
[TDSE] Runing TDSE-SH-linear (length gauge, dipole form). step 6200 energy = -0.495549270623766, norm_value = 1.0 + 0.0im, bound_norm=0.999738, free_norm=0.000262 + 0.0im
     | block_size = 49 
[TDSE] Runing TDSE-SH-linear (length gauge, dipole form). step 6400 energy = -0.49512491001371006, norm_value = 1.0 + 0.0im, bound_norm=0.999621, free_norm=0.000379 + 0.0im
     | block_size = 49 
[TDSE] Runing TDSE-SH-linear (length gauge, dipole form). step 6600 energy = -0.49483147322673, norm_value = 1.0 + 0.0im, bound_norm=0.999543, free_norm=0.000457 + 0.0im
     | block_size = 50 
[TDSE] Runing TDSE-SH-linear (length gauge, dipole form). step 6800 energy = -0.49479115999090173, norm_value = 1.0 + 0.0im, bound_norm=0.999533, free_norm=0.000467 + 0.0im
     | block_size = 60 
[TDSE] Runing TDSE-SH-linear (length gauge, dipole form). step 7000 energy = -0.4950446301007215, norm_value = 1.0 + 0.0im, bound_norm=0.999599, free_norm=0.000401 + 0.0im
     | block_size = 70 
[TDSE] Runing TDSE-SH-linear (length gauge, dipole form). step 7200 energy = -0.49550965049618306, norm_value = 1.0 + 0.0im, bound_norm=0.999728, free_norm=0.000272 + 0.0im
     | block_size = 80 
[TDSE] Runing TDSE-SH-linear (length gauge, dipole form). step 7400 energy = -0.4960132590842469, norm_value = 1.0 + 0.0im, bound_norm=0.999874, free_norm=0.000126 + 0.0im
     | block_size = 90 
[TDSE] Runing TDSE-SH-linear (length gauge, dipole form). step 7600 energy = -0.4963602748511145, norm_value = 1.0 + 0.0im, bound_norm=0.999979, free_norm=2.1e-5 + 0.0im
     | block_size = 98 
[TDSE] Runing TDSE-SH-linear (length gauge, dipole form). step 7800 energy = -0.49638683296445085, norm_value = 1.0 + 0.0im, bound_norm=0.999987, free_norm=1.3e-5 + 0.0im
     | block_size = 99 
[TDSE] Runing TDSE-SH-linear (length gauge, dipole form). step 8000 energy = -0.4960040908568791, norm_value = 1.0 + 0.0im, bound_norm=0.99987, free_norm=0.00013 + 0.0im
     | block_size = 94 
[TDSE] Runing TDSE-SH-linear (length gauge, dipole form). step 8200 energy = -0.4952258138791807, norm_value = 1.0 + 0.0im, bound_norm=0.999647, free_norm=0.000353 + 0.0im
     | block_size = 97 
[TDSE] Runing TDSE-SH-linear (length gauge, dipole form). step 8400 energy = -0.4941879262096548, norm_value = 1.0 + 0.0im, bound_norm=0.999378, free_norm=0.000622 + 0.0im
     | block_size = 107 
[TDSE] Runing TDSE-SH-linear (length gauge, dipole form). step 8600 energy = -0.4931534903337968, norm_value = 1.0 + 0.0im, bound_norm=0.999147, free_norm=0.000853 + 0.0im
     | block_size = 117 
[TDSE] Runing TDSE-SH-linear (length gauge, dipole form). step 8800 energy = -0.492481791788515, norm_value = 1.0 + 0.0im, bound_norm=0.999021, free_norm=0.000979 + 0.0im
     | block_size = 127 
[TDSE] Runing TDSE-SH-linear (length gauge, dipole form). step 9000 energy = -0.49249577982393206, norm_value = 1.0 + 0.0im, bound_norm=0.999014, free_norm=0.000986 + 0.0im
     | block_size = 137 
[TDSE] Runing TDSE-SH-linear (length gauge, dipole form). step 9200 energy = -0.4932586491668787, norm_value = 1.0 + 0.0im, bound_norm=0.999117, free_norm=0.000883 + 0.0im
     | block_size = 147 
[TDSE] Runing TDSE-SH-linear (length gauge, dipole form). step 9400 energy = -0.4944307238752379, norm_value = 1.0 + 0.0im, bound_norm=0.999358, free_norm=0.000642 + 0.0im
     | block_size = 157 
[TDSE] Runing TDSE-SH-linear (length gauge, dipole form). step 9600 energy = -0.49551097976034436, norm_value = 1.0 + 0.0im, bound_norm=0.999685, free_norm=0.000315 + 0.0im
     | block_size = 167 
[TDSE] Runing TDSE-SH-linear (length gauge, dipole form). step 9800 energy = -0.496195145456733, norm_value = 1.0 + 0.0im, bound_norm=0.999882, free_norm=0.000118 + 0.0im
     | block_size = 177 
[TDSE] Runing TDSE-SH-linear (length gauge, dipole form). step 10000 energy = -0.4962647978474663, norm_value = 1.0 + 0.0im, bound_norm=0.999906, free_norm=9.4e-5 + 0.0im
     | block_size = 179 
[TDSE] Runing TDSE-SH-linear (length gauge, dipole form). step 10200 energy = -0.49561031504450054, norm_value = 1.0 + 0.0im, bound_norm=0.99971, free_norm=0.00029 + 0.0im
     | block_size = 182 
[TDSE] Runing TDSE-SH-linear (length gauge, dipole form). step 10400 energy = -0.4943052645410141, norm_value = 1.0 + 0.0im, bound_norm=0.999351, free_norm=0.000649 + 0.0im
     | block_size = 192 
[TDSE] Runing TDSE-SH-linear (length gauge, dipole form). step 10600 energy = -0.4925197142359456, norm_value = 1.0 + 0.0im, bound_norm=0.998945, free_norm=0.001055 + 0.0im
     | block_size = 200 
[TDSE] Runing TDSE-SH-linear (length gauge, dipole form). step 10800 energy = -0.4906663975800078, norm_value = 1.0 + 0.0im, bound_norm=0.99862, free_norm=0.00138 + 0.0im
     | block_size = 200 
[TDSE] Runing TDSE-SH-linear (length gauge, dipole form). step 11000 energy = -0.4893541807715719, norm_value = 1.0 + 0.0im, bound_norm=0.998383, free_norm=0.001617 + 0.0im
     | block_size = 200 
[TDSE] Runing TDSE-SH-linear (length gauge, dipole form). step 11200 energy = -0.48913968534355523, norm_value = 1.0 + 0.0im, bound_norm=0.998096, free_norm=0.001904 + 0.0im
     | block_size = 200 
[TDSE] Runing TDSE-SH-linear (length gauge, dipole form). step 11400 energy = -0.4901860689235669, norm_value = 1.0 + 0.0im, bound_norm=0.997838, free_norm=0.002162 + 0.0im
     | block_size = 200 
[TDSE] Runing TDSE-SH-linear (length gauge, dipole form). step 11600 energy = -0.4918372604938217, norm_value = 1.0 + 0.0im, bound_norm=0.997826, free_norm=0.002174 + 0.0im
     | block_size = 200 
[TDSE] Runing TDSE-SH-linear (length gauge, dipole form). step 11800 energy = -0.4930822143909329, norm_value = 1.0 + 0.0im, bound_norm=0.998237, free_norm=0.001763 + 0.0im
     | block_size = 200 
[TDSE] Runing TDSE-SH-linear (length gauge, dipole form). step 12000 energy = -0.49372211247266745, norm_value = 1.0 + 0.0im, bound_norm=0.998547, free_norm=0.001453 + 0.0im
     | block_size = 200 
[TDSE] Runing TDSE-SH-linear (length gauge, dipole form). step 12200 energy = -0.49380685461045154, norm_value = 1.0 + 0.0im, bound_norm=0.99857, free_norm=0.00143 + 0.0im
     | block_size = 200 
[TDSE] Runing TDSE-SH-linear (length gauge, dipole form). step 12400 energy = -0.4932493418894974, norm_value = 1.0 + 0.0im, bound_norm=0.998328, free_norm=0.001672 + 0.0im
     | block_size = 200 
[TDSE] Runing TDSE-SH-linear (length gauge, dipole form). step 12600 energy = -0.4920925797669981, norm_value = 1.0 + 0.0im, bound_norm=0.997906, free_norm=0.002094 + 0.0im
     | block_size = 200 
[TDSE] Runing TDSE-SH-linear (length gauge, dipole form). step 12800 energy = -0.49032685831522954, norm_value = 1.0 + 0.0im, bound_norm=0.997429, free_norm=0.002571 + 0.0im
     | block_size = 200 
[TDSE] Runing TDSE-SH-linear (length gauge, dipole form). step 13000 energy = -0.48832601375881063, norm_value = 1.0 + 0.0im, bound_norm=0.997046, free_norm=0.002954 + 0.0im
     | block_size = 200 
[TDSE] Runing TDSE-SH-linear (length gauge, dipole form). step 13200 energy = -0.48664386986016045, norm_value = 1.0 + 0.0im, bound_norm=0.996572, free_norm=0.003428 + 0.0im
     | block_size = 200 
[TDSE] Runing TDSE-SH-linear (length gauge, dipole form). step 13400 energy = -0.48576957337896537, norm_value = 1.0 + 0.0im, bound_norm=0.995824, free_norm=0.004176 + 0.0im
     | block_size = 200 
[TDSE] Runing TDSE-SH-linear (length gauge, dipole form). step 13600 energy = -0.4859240360832421, norm_value = 1.0 + 0.0im, bound_norm=0.995152, free_norm=0.004848 + 0.0im
     | block_size = 200 
[TDSE] Runing TDSE-SH-linear (length gauge, dipole form). step 13800 energy = -0.48649553881111013, norm_value = 1.0 + 0.0im, bound_norm=0.994874, free_norm=0.005126 + 0.0im
     | block_size = 200 
[TDSE] Runing TDSE-SH-linear (length gauge, dipole form). step 14000 energy = -0.4865408243834206, norm_value = 1.0 + 0.0im, bound_norm=0.995246, free_norm=0.004754 + 0.0im
     | block_size = 200 
[TDSE] Runing TDSE-SH-linear (length gauge, dipole form). step 14200 energy = -0.4863209678088832, norm_value = 1.0 + 0.0im, bound_norm=0.99559, free_norm=0.00441 + 0.0im
     | block_size = 200 
[TDSE] Runing TDSE-SH-linear (length gauge, dipole form). step 14400 energy = -0.4863038407476617, norm_value = 1.0 + 0.0im, bound_norm=0.995612, free_norm=0.004388 + 0.0im
     | block_size = 200 
[TDSE] Runing TDSE-SH-linear (length gauge, dipole form). step 14600 energy = -0.486467710808635, norm_value = 1.0 + 0.0im, bound_norm=0.995383, free_norm=0.004617 + 0.0im
     | block_size = 200 
[TDSE] Runing TDSE-SH-linear (length gauge, dipole form). step 14800 energy = -0.48670360752563796, norm_value = 1.0 + 0.0im, bound_norm=0.994999, free_norm=0.005001 + 0.0im
     | block_size = 200 
[TDSE] Runing TDSE-SH-linear (length gauge, dipole form). step 15000 energy = -0.48667610724706245, norm_value = 1.0 + 0.0im, bound_norm=0.994607, free_norm=0.005393 + 0.0im
     | block_size = 200 
[TDSE] Runing TDSE-SH-linear (length gauge, dipole form). step 15200 energy = -0.48639559961076634, norm_value = 1.0 + 0.0im, bound_norm=0.994245, free_norm=0.005755 + 0.0im
     | block_size = 200 
[TDSE] Runing TDSE-SH-linear (length gauge, dipole form). step 15400 energy = -0.4860492460927122, norm_value = 1.0 + 0.0im, bound_norm=0.994019, free_norm=0.005981 + 0.0im
     | block_size = 200 
[TDSE] Runing TDSE-SH-linear (length gauge, dipole form). step 15600 energy = -0.4860067470807265, norm_value = 1.0 + 0.0im, bound_norm=0.993777, free_norm=0.006223 + 0.0im
     | block_size = 200 
[TDSE] Runing TDSE-SH-linear (length gauge, dipole form). step 15800 energy = -0.4861417906549163, norm_value = 1.0 + 0.0im, bound_norm=0.993518, free_norm=0.006482 + 0.0im
     | block_size = 200 
[TDSE] Runing TDSE-SH-linear (length gauge, dipole form). step 16000 energy = -0.486090258989763, norm_value = 1.0 + 0.0im, bound_norm=0.99362, free_norm=0.00638 + 0.0im
     | block_size = 200 
[TDSE] Runing TDSE-SH-linear (length gauge, dipole form). step 16200 energy = -0.48557364177277573, norm_value = 1.0 + 0.0im, bound_norm=0.994044, free_norm=0.005956 + 0.0im
     | block_size = 200 
[TDSE] Runing TDSE-SH-linear (length gauge, dipole form). step 16400 energy = -0.4851251387923161, norm_value = 1.0 + 0.0im, bound_norm=0.994288, free_norm=0.005712 + 0.0im
     | block_size = 200 
[TDSE] Runing TDSE-SH-linear (length gauge, dipole form). step 16600 energy = -0.48505840132210654, norm_value = 1.0 + 0.0im, bound_norm=0.994325, free_norm=0.005675 + 0.0im
     | block_size = 200 
[TDSE] Runing TDSE-SH-linear (length gauge, dipole form). step 16800 energy = -0.4854167729537366, norm_value = 1.0 + 0.0im, bound_norm=0.994162, free_norm=0.005838 + 0.0im
     | block_size = 200 
[TDSE] Runing TDSE-SH-linear (length gauge, dipole form). step 17000 energy = -0.4861298657042891, norm_value = 1.0 + 0.0im, bound_norm=0.993901, free_norm=0.006099 + 0.0im
     | block_size = 200 
[TDSE] Runing TDSE-SH-linear (length gauge, dipole form). step 17200 energy = -0.48691220608180436, norm_value = 1.0 + 0.0im, bound_norm=0.993608, free_norm=0.006392 + 0.0im
     | block_size = 200 
[TDSE] Runing TDSE-SH-linear (length gauge, dipole form). step 17400 energy = -0.4875914871507394, norm_value = 1.0 + 0.0im, bound_norm=0.99338, free_norm=0.00662 + 0.0im
     | block_size = 200 
[TDSE] Runing TDSE-SH-linear (length gauge, dipole form). step 17600 energy = -0.48821474309966373, norm_value = 1.0 + 0.0im, bound_norm=0.993399, free_norm=0.006601 + 0.0im
     | block_size = 200 
[TDSE] Runing TDSE-SH-linear (length gauge, dipole form). step 17800 energy = -0.48881024883402435, norm_value = 1.0 + 0.0im, bound_norm=0.993484, free_norm=0.006516 + 0.0im
     | block_size = 200 
[TDSE] Runing TDSE-SH-linear (length gauge, dipole form). step 18000 energy = -0.48913923176185553, norm_value = 1.0 + 0.0im, bound_norm=0.993584, free_norm=0.006416 + 0.0im
     | block_size = 200 
[TDSE] Runing TDSE-SH-linear (length gauge, dipole form). step 18200 energy = -0.48913360134349665, norm_value = 1.0 + 0.0im, bound_norm=0.99387, free_norm=0.00613 + 0.0im
     | block_size = 200 
[TDSE] Runing TDSE-SH-linear (length gauge, dipole form). step 18400 energy = -0.48886433076277214, norm_value = 1.0 + 0.0im, bound_norm=0.994077, free_norm=0.005923 + 0.0im
     | block_size = 200 
[TDSE] Runing TDSE-SH-linear (length gauge, dipole form). step 18600 energy = -0.4886971057352587, norm_value = 1.0 + 0.0im, bound_norm=0.994225, free_norm=0.005775 + 0.0im
     | block_size = 200 
[TDSE] Runing TDSE-SH-linear (length gauge, dipole form). step 18800 energy = -0.4886503124737666, norm_value = 1.0 + 0.0im, bound_norm=0.99425, free_norm=0.00575 + 0.0im
     | block_size = 200 
[TDSE] Runing TDSE-SH-linear (length gauge, dipole form). step 19000 energy = -0.48882472673050187, norm_value = 1.0 + 0.0im, bound_norm=0.994164, free_norm=0.005836 + 0.0im
     | block_size = 200 
[TDSE] Runing TDSE-SH-linear (length gauge, dipole form). step 19200 energy = -0.4891917945452216, norm_value = 1.0 + 0.0im, bound_norm=0.994017, free_norm=0.005983 + 0.0im
     | block_size = 200 
[TDSE] Runing TDSE-SH-linear (length gauge, dipole form). step 19400 energy = -0.4896735206162931, norm_value = 1.0 + 0.0im, bound_norm=0.993869, free_norm=0.006131 + 0.0im
     | block_size = 200 
[TDSE] Runing TDSE-SH-linear (length gauge, dipole form). step 19600 energy = -0.49014470247083625, norm_value = 1.0 + 0.0im, bound_norm=0.993837, free_norm=0.006163 + 0.0im
     | block_size = 200 
[TDSE] Runing TDSE-SH-linear (length gauge, dipole form). step 19800 energy = -0.4906803397431533, norm_value = 1.0 + 0.0im, bound_norm=0.993838, free_norm=0.006162 + 0.0im
     | block_size = 200 
[TDSE] Runing TDSE-SH-linear (length gauge, dipole form). step 20000 energy = -0.49095354437507965, norm_value = 1.0 + 0.0im, bound_norm=0.993925, free_norm=0.006075 + 0.0im
     | block_size = 200 
[TDSE] Runing TDSE-SH-linear (length gauge, dipole form). step 20200 energy = -0.49113162000940525, norm_value = 1.0 + 0.0im, bound_norm=0.994023, free_norm=0.005977 + 0.0im
     | block_size = 200 
[TDSE] Runing TDSE-SH-linear (length gauge, dipole form). step 20400 energy = -0.4910924287349949, norm_value = 1.0 + 0.0im, bound_norm=0.994123, free_norm=0.005877 + 0.0im
     | block_size = 200 
[TDSE] Runing TDSE-SH-linear (length gauge, dipole form). step 20600 energy = -0.4910469649865172, norm_value = 1.0 + 0.0im, bound_norm=0.994196, free_norm=0.005804 + 0.0im
     | block_size = 200 
[TDSE] Runing TDSE-SH-linear (length gauge, dipole form). step 20800 energy = -0.49095226996297, norm_value = 1.0 + 0.0im, bound_norm=0.994252, free_norm=0.005748 + 0.0im
     | block_size = 200 
[TDSE] Runing TDSE-SH-linear (length gauge, dipole form). step 21000 energy = -0.49093434196086155, norm_value = 1.0 + 0.0im, bound_norm=0.99425, free_norm=0.00575 + 0.0im
     | block_size = 200 
[TDSE] Runing TDSE-SH-linear (length gauge, dipole form). step 21200 energy = -0.4909909292917425, norm_value = 1.0 + 0.0im, bound_norm=0.994214, free_norm=0.005786 + 0.0im
     | block_size = 200 
[TDSE] Runing TDSE-SH-linear (length gauge, dipole form). step 21400 energy = -0.49116377223704843, norm_value = 1.0 + 0.0im, bound_norm=0.99417, free_norm=0.00583 + 0.0im
     | block_size = 200 
[TDSE] Runing TDSE-SH-linear (length gauge, dipole form). step 21600 energy = -0.49137878717025657, norm_value = 1.0 + 0.0im, bound_norm=0.994184, free_norm=0.005816 + 0.0im
     | block_size = 200 
[TDSE] Runing TDSE-SH-linear (length gauge, dipole form). step 21800 energy = -0.491670392398989, norm_value = 1.0 + 0.0im, bound_norm=0.994187, free_norm=0.005813 + 0.0im
     | block_size = 200 
[TDSE] Runing TDSE-SH-linear (length gauge, dipole form). step 22000 energy = -0.4918179877605705, norm_value = 1.0 + 0.0im, bound_norm=0.994142, free_norm=0.005858 + 0.0im
     | block_size = 200 
[TDSE] Runing TDSE-SH-linear (length gauge, dipole form). step 22200 energy = -0.49198947423128647, norm_value = 1.0 + 0.0im, bound_norm=0.994141, free_norm=0.005859 + 0.0im
     | block_size = 200 
[TDSE] Runing TDSE-SH-linear (length gauge, dipole form). step 22400 energy = -0.49210750667456815, norm_value = 1.0 + 0.0im, bound_norm=0.994207, free_norm=0.005793 + 0.0im
     | block_size = 200 
[TDSE] Runing TDSE-SH-linear (length gauge, dipole form). step 22600 energy = -0.4921714533844032, norm_value = 1.0 + 0.0im, bound_norm=0.994254, free_norm=0.005746 + 0.0im
     | block_size = 200 
[TDSE] Runing TDSE-SH-linear (length gauge, dipole form). step 22800 energy = -0.49219527961514187, norm_value = 1.0 + 0.0im, bound_norm=0.994257, free_norm=0.005743 + 0.0im
     | block_size = 200 
[TDSE] Runing TDSE-SH-linear (length gauge, dipole form). step 23000 energy = -0.492187307246252, norm_value = 1.0 + 0.0im, bound_norm=0.994264, free_norm=0.005736 + 0.0im
     | block_size = 200 
[TDSE] Runing TDSE-SH-linear (length gauge, dipole form). step 23200 energy = -0.49219037539532684, norm_value = 1.0 + 0.0im, bound_norm=0.994269, free_norm=0.005731 + 0.0im
     | block_size = 200 
[TDSE] Runing TDSE-SH-linear (length gauge, dipole form). step 23400 energy = -0.4921990185537661, norm_value = 1.0 + 0.0im, bound_norm=0.994268, free_norm=0.005732 + 0.0im
     | block_size = 200 
[TDSE] Runing TDSE-SH-linear (length gauge, dipole form). step 23600 energy = -0.4922207569467125, norm_value = 1.0 + 0.0im, bound_norm=0.99427, free_norm=0.00573 + 0.0im
     | block_size = 200 
[TDSE] Runing TDSE-SH-linear (length gauge, dipole form). step 23800 energy = -0.4922372472236254, norm_value = 1.0 + 0.0im, bound_norm=0.994273, free_norm=0.005727 + 0.0im
     | block_size = 200 
[TDSE] Runing TDSE-SH-linear (length gauge, dipole form). step 24000 energy = -0.4922785033021813, norm_value = 1.0 + 0.0im, bound_norm=0.994272, free_norm=0.005728 + 0.0im
     | block_size = 200 
[TDSE] Runing TDSE-SH-linear (length gauge, dipole form). step 24200 energy = -0.49228989540705115, norm_value = 1.0 + 0.0im, bound_norm=0.994272, free_norm=0.005728 + 0.0im
     | block_size = 200 
[TDSE] Runing TDSE-SH-linear (length gauge, dipole form). step 24400 energy = -0.4923134592987346, norm_value = 1.0 + 0.0im, bound_norm=0.99427, free_norm=0.00573 + 0.0im
     | block_size = 200 
[TDSE] Runing TDSE-SH-linear (length gauge, dipole form). step 24600 energy = -0.49233377887163254, norm_value = 1.0 + 0.0im, bound_norm=0.994267, free_norm=0.005733 + 0.0im
     | block_size = 200 
[TDSE] Runing TDSE-SH-linear (length gauge, dipole form). step 24800 energy = -0.492331086738128, norm_value = 1.0 + 0.0im, bound_norm=0.994265, free_norm=0.005735 + 0.0im
     | block_size = 200 
[TDSE] Runing TDSE-SH-linear (length gauge, dipole form). step 25000 energy = -0.492335963232396, norm_value = 1.0 + 0.0im, bound_norm=0.994264, free_norm=0.005736 + 0.0im
     | block_size = 200 
[TDSE] Runing TDSE-SH-linear (length gauge, dipole form). step 25200 energy = -0.4923354927841061, norm_value = 1.0 + 0.0im, bound_norm=0.994264, free_norm=0.005736 + 0.0im
     | block_size = 200 
[TDSE] Runing TDSE-SH-linear (length gauge, dipole form). step 25400 energy = -0.492335735670706, norm_value = 1.0 + 0.0im, bound_norm=0.994264, free_norm=0.005736 + 0.0im
     | block_size = 200 
[TDSE] Runing TDSE-SH-linear (length gauge, dipole form). step 25600 energy = -0.49233554741293534, norm_value = 1.0 + 0.0im, bound_norm=0.994264, free_norm=0.005736 + 0.0im
     | block_size = 200 
[TDSE] Runing TDSE-SH-linear (length gauge, dipole form). step 25800 energy = -0.49233634222579653, norm_value = 1.0 + 0.0im, bound_norm=0.994264, free_norm=0.005736 + 0.0im
     | block_size = 200 
[TDSE] Runing TDSE-SH-linear (length gauge, dipole form). step 26000 energy = -0.4923360782900115, norm_value = 1.0 + 0.0im, bound_norm=0.994264, free_norm=0.005736 + 0.0im
     | block_size = 200 
[TDSE] Runing TDSE-SH-linear (length gauge, dipole form). step 26200 energy = -0.49233649297591253, norm_value = 1.0 + 0.0im, bound_norm=0.994264, free_norm=0.005736 + 0.0im
     | block_size = 200 
[TDSE] Runing TDSE-SH-linear (length gauge, dipole form). step 26400 energy = -0.49233652111740633, norm_value = 1.0 + 0.0im, bound_norm=0.994264, free_norm=0.005736 + 0.0im
     | block_size = 200 
Sample 2026_5_15_hg_massive_0.055_0.0_0.0285_6.0_short_range does not exist. Exceute a new sample.
[ITP]: 10000.496424741636
[ITP]: 3.468948764850932e-6
[ITP]: 2.0119768988635656e-6
[ITP]: 1.2363970314233086e-6
[ITP]: 7.802127368616851e-7
[ITP]: 5.004886823867238e-7
[ITP]: 3.247063635747338e-7
[ITP]: 2.1241854042397534e-7
[ITP]: 1.3984492786001113e-7
[ITP]: 9.25260389417204e-8
[ITP]: 6.146357944825098e-8
[ITP]: 4.0962812142275595e-8
[ITP]: 2.737382170936442e-8
[ITP]: 1.8334269435982264e-8
[ITP]: 1.2303307206362746e-8
[ITP]: 8.269649631742482e-9
[ITP]: 5.566198502116038e-9
[ITP]: 3.7510526906814334e-9
[ITP]: 2.530471499007092e-9
[ITP]: 1.7086173587088638e-9
[ITP]: 1.154605577813328e-9
[ITP]: 7.807770541212733e-10
[ITP]: 5.283077308959605e-10
[ITP]: 3.576713369923823e-10
[ITP]: 2.422650968725293e-10
[ITP]: 1.6416579207145787e-10
[ITP]: 1.1128536980820058e-10
[ITP]: 7.546496760824084e-11
[ITP]: 5.119060730862657e-11
[ITP]: 3.4733049769641866e-11
[ITP]: 2.3571977703085167e-11
[ITP]: 1.6002199565434694e-11
[ITP]: 1.086369882941085e-11
[ITP]: 7.378653243961253e-12
[ITP]: 5.010714065889488e-12
[ITP]: 3.4039993046519612e-12
[ITP]: 2.313038649504051e-12
[ITP]: 1.570410468332284e-12
[ITP]: 1.0681455719918631e-12
[ITP]: 7.265299473147024e-13
[ITP]: 4.919398222114069e-13
[ITP]: 3.346212196220222e-13
[ITP]: 2.2842838731662596e-13
[ITP]: 1.5498713423767185e-13
[ITP]: 1.0536016503692736e-13
[ITP]: 7.188694084447889e-14
[ITP]: 4.801714581503802e-14
[ITP]: 3.347322419244847e-14
[ITP]: 2.3148150063434514e-14
[ITP]: 1.4432899320127035e-14
[ITP]: 1.1102230246251565e-14
[ITP]: 7.16093850883226e-15
[ITP]: 4.440892098500626e-15
[ITP]: 2.6645352591003757e-15
[ITP]: 2.831068712794149e-15
[ITP]: 1.4988010832439613e-15
[ITP]: 6.661338147750939e-16
[ITP]: 7.771561172376096e-16
[ITP]: 5.551115123125783e-16
[ITP]: 2.220446049250313e-16
[ITP]: 4.440892098500626e-16
[ITP]: 6.106226635438361e-16
[ITP]: 7.216449660063518e-16
[ITP]: 4.440892098500626e-16
[ITP]: 4.440892098500626e-16
[ITP]: 3.3306690738754696e-16
[ITP]: 1.1102230246251565e-15
[ITP]: 1.1102230246251565e-16
[ITP]: 7.216449660063518e-16
[ITP]: 1.1102230246251565e-16
[ITP]: 8.326672684688674e-16
[ITP]: 7.216449660063518e-16
[ITP]: 2.7755575615628914e-16
[ITP]: 4.996003610813204e-16
[ITP]: 4.440892098500626e-16
[ITP]: 4.440892098500626e-16
[ITP]: 1.6653345369377348e-16
[ITP]: 4.996003610813204e-16
[ITP]: 1.1657341758564144e-15
[ITP]: 1.1102230246251565e-16
[ITP]: 0.0
[TDSE] Runing TDSE-SH-linear (length gauge, dipole form). step 0 energy = -0.4964336949924361, norm_value = 1.0 + 0.0im, bound_norm=1.0, free_norm=0.0 + 0.0im
     | block_size = 3 
[TDSE] Runing TDSE-SH-linear (length gauge, dipole form). step 200 energy = -0.4964336929946743, norm_value = 1.0 + 0.0im, bound_norm=1.0, free_norm=0.0 + 0.0im
     | block_size = 3 
[TDSE] Runing TDSE-SH-linear (length gauge, dipole form). step 400 energy = -0.49643367030145574, norm_value = 1.0 + 0.0im, bound_norm=1.0, free_norm=0.0 + 0.0im
     | block_size = 4 
[TDSE] Runing TDSE-SH-linear (length gauge, dipole form). step 600 energy = -0.4964336169950263, norm_value = 1.0 + 0.0im, bound_norm=1.0, free_norm=0.0 + 0.0im
     | block_size = 4 
[TDSE] Runing TDSE-SH-linear (length gauge, dipole form). step 800 energy = -0.49643359719812225, norm_value = 1.0 + 0.0im, bound_norm=1.0, free_norm=0.0 + 0.0im
     | block_size = 4 
[TDSE] Runing TDSE-SH-linear (length gauge, dipole form). step 1000 energy = -0.4964336570270089, norm_value = 1.0 + 0.0im, bound_norm=1.0, free_norm=0.0 + 0.0im
     | block_size = 4 
[TDSE] Runing TDSE-SH-linear (length gauge, dipole form). step 1200 energy = -0.49643363323877476, norm_value = 1.0 + 0.0im, bound_norm=1.0, free_norm=0.0 + 0.0im
     | block_size = 4 
[TDSE] Runing TDSE-SH-linear (length gauge, dipole form). step 1400 energy = -0.4964328342334991, norm_value = 1.0 + 0.0im, bound_norm=1.0, free_norm=0.0 + 0.0im
     | block_size = 4 
[TDSE] Runing TDSE-SH-linear (length gauge, dipole form). step 1600 energy = -0.49643009218163575, norm_value = 1.0 + 0.0im, bound_norm=0.999999, free_norm=1.0e-6 + 0.0im
     | block_size = 5 
[TDSE] Runing TDSE-SH-linear (length gauge, dipole form). step 1800 energy = -0.4964241275894608, norm_value = 1.0 + 0.0im, bound_norm=0.999997, free_norm=3.0e-6 + 0.0im
     | block_size = 6 
[TDSE] Runing TDSE-SH-linear (length gauge, dipole form). step 2000 energy = -0.4964148639277214, norm_value = 1.0 + 0.0im, bound_norm=0.999994, free_norm=6.0e-6 + 0.0im
     | block_size = 8 
[TDSE] Runing TDSE-SH-linear (length gauge, dipole form). step 2200 energy = -0.49640378797030876, norm_value = 1.0 + 0.0im, bound_norm=0.999991, free_norm=9.0e-6 + 0.0im
     | block_size = 10 
[TDSE] Runing TDSE-SH-linear (length gauge, dipole form). step 2400 energy = -0.49639479595999064, norm_value = 1.0 + 0.0im, bound_norm=0.999988, free_norm=1.2e-5 + 0.0im
     | block_size = 13 
[TDSE] Runing TDSE-SH-linear (length gauge, dipole form). step 2600 energy = -0.4963926170893816, norm_value = 1.0 + 0.0im, bound_norm=0.999987, free_norm=1.3e-5 + 0.0im
     | block_size = 16 
[TDSE] Runing TDSE-SH-linear (length gauge, dipole form). step 2800 energy = -0.4963999984625464, norm_value = 1.0 + 0.0im, bound_norm=0.99999, free_norm=1.0e-5 + 0.0im
     | block_size = 20 
[TDSE] Runing TDSE-SH-linear (length gauge, dipole form). step 3000 energy = -0.49641540649042104, norm_value = 1.0 + 0.0im, bound_norm=0.999994, free_norm=6.0e-6 + 0.0im
     | block_size = 22 
[TDSE] Runing TDSE-SH-linear (length gauge, dipole form). step 3200 energy = -0.4964301376944022, norm_value = 1.0 + 0.0im, bound_norm=0.999999, free_norm=1.0e-6 + 0.0im
     | block_size = 24 
[TDSE] Runing TDSE-SH-linear (length gauge, dipole form). step 3400 energy = -0.496430224877532, norm_value = 1.0 + 0.0im, bound_norm=0.999999, free_norm=1.0e-6 + 0.0im
     | block_size = 24 
[TDSE] Runing TDSE-SH-linear (length gauge, dipole form). step 3600 energy = -0.4964003979721493, norm_value = 1.0 + 0.0im, bound_norm=0.99999, free_norm=1.0e-5 + 0.0im
     | block_size = 22 
[TDSE] Runing TDSE-SH-linear (length gauge, dipole form). step 3800 energy = -0.49633169071484673, norm_value = 1.0 + 0.0im, bound_norm=0.999969, free_norm=3.1e-5 + 0.0im
     | block_size = 16 
[TDSE] Runing TDSE-SH-linear (length gauge, dipole form). step 4000 energy = -0.49622763963006844, norm_value = 1.0 + 0.0im, bound_norm=0.999937, free_norm=6.3e-5 + 0.0im
     | block_size = 10 
[TDSE] Runing TDSE-SH-linear (length gauge, dipole form). step 4200 energy = -0.49610940191723324, norm_value = 1.0 + 0.0im, bound_norm=0.999901, free_norm=9.9e-5 + 0.0im
     | block_size = 17 
[TDSE] Runing TDSE-SH-linear (length gauge, dipole form). step 4400 energy = -0.4960119323707864, norm_value = 1.0 + 0.0im, bound_norm=0.999872, free_norm=0.000128 + 0.0im
     | block_size = 27 
[TDSE] Runing TDSE-SH-linear (length gauge, dipole form). step 4600 energy = -0.49597286048156447, norm_value = 1.0 + 0.0im, bound_norm=0.999861, free_norm=0.000139 + 0.0im
     | block_size = 37 
[TDSE] Runing TDSE-SH-linear (length gauge, dipole form). step 4800 energy = -0.4960169672939674, norm_value = 1.0 + 0.0im, bound_norm=0.999874, free_norm=0.000126 + 0.0im
     | block_size = 47 
[TDSE] Runing TDSE-SH-linear (length gauge, dipole form). step 5000 energy = -0.4961372229415973, norm_value = 1.0 + 0.0im, bound_norm=0.99991, free_norm=9.0e-5 + 0.0im
     | block_size = 57 
[TDSE] Runing TDSE-SH-linear (length gauge, dipole form). step 5200 energy = -0.4962908810882198, norm_value = 1.0 + 0.0im, bound_norm=0.999957, free_norm=4.3e-5 + 0.0im
     | block_size = 66 
[TDSE] Runing TDSE-SH-linear (length gauge, dipole form). step 5400 energy = -0.4964081877898124, norm_value = 1.0 + 0.0im, bound_norm=0.999993, free_norm=7.0e-6 + 0.0im
     | block_size = 71 
[TDSE] Runing TDSE-SH-linear (length gauge, dipole form). step 5600 energy = -0.496413941748576, norm_value = 1.0 + 0.0im, bound_norm=0.999995, free_norm=5.0e-6 + 0.0im
     | block_size = 71 
[TDSE] Runing TDSE-SH-linear (length gauge, dipole form). step 5800 energy = -0.4962541543772226, norm_value = 1.0 + 0.0im, bound_norm=0.999945, free_norm=5.5e-5 + 0.0im
     | block_size = 66 
[TDSE] Runing TDSE-SH-linear (length gauge, dipole form). step 6000 energy = -0.49591917037791744, norm_value = 1.0 + 0.0im, bound_norm=0.999845, free_norm=0.000155 + 0.0im
     | block_size = 57 
[TDSE] Runing TDSE-SH-linear (length gauge, dipole form). step 6200 energy = -0.4954602769187279, norm_value = 1.0 + 0.0im, bound_norm=0.999713, free_norm=0.000287 + 0.0im
     | block_size = 53 
[TDSE] Runing TDSE-SH-linear (length gauge, dipole form). step 6400 energy = -0.49499078999714885, norm_value = 1.0 + 0.0im, bound_norm=0.999585, free_norm=0.000415 + 0.0im
     | block_size = 53 
[TDSE] Runing TDSE-SH-linear (length gauge, dipole form). step 6600 energy = -0.49466477157281524, norm_value = 1.0 + 0.0im, bound_norm=0.9995, free_norm=0.0005 + 0.0im
     | block_size = 54 
[TDSE] Runing TDSE-SH-linear (length gauge, dipole form). step 6800 energy = -0.49461959194186755, norm_value = 1.0 + 0.0im, bound_norm=0.999489, free_norm=0.000511 + 0.0im
     | block_size = 64 
[TDSE] Runing TDSE-SH-linear (length gauge, dipole form). step 7000 energy = -0.49490133100109274, norm_value = 1.0 + 0.0im, bound_norm=0.99956, free_norm=0.00044 + 0.0im
     | block_size = 74 
[TDSE] Runing TDSE-SH-linear (length gauge, dipole form). step 7200 energy = -0.49541655573834437, norm_value = 1.0 + 0.0im, bound_norm=0.999702, free_norm=0.000298 + 0.0im
     | block_size = 84 
[TDSE] Runing TDSE-SH-linear (length gauge, dipole form). step 7400 energy = -0.4959716225125851, norm_value = 1.0 + 0.0im, bound_norm=0.999861, free_norm=0.000139 + 0.0im
     | block_size = 94 
[TDSE] Runing TDSE-SH-linear (length gauge, dipole form). step 7600 energy = -0.4963530308073412, norm_value = 1.0 + 0.0im, bound_norm=0.999977, free_norm=2.3e-5 + 0.0im
     | block_size = 102 
[TDSE] Runing TDSE-SH-linear (length gauge, dipole form). step 7800 energy = -0.4963822190135499, norm_value = 1.0 + 0.0im, bound_norm=0.999986, free_norm=1.4e-5 + 0.0im
     | block_size = 103 
[TDSE] Runing TDSE-SH-linear (length gauge, dipole form). step 8000 energy = -0.49596152745652056, norm_value = 1.0 + 0.0im, bound_norm=0.999858, free_norm=0.000142 + 0.0im
     | block_size = 98 
[TDSE] Runing TDSE-SH-linear (length gauge, dipole form). step 8200 energy = -0.4951033081906999, norm_value = 1.0 + 0.0im, bound_norm=0.999613, free_norm=0.000387 + 0.0im
     | block_size = 103 
[TDSE] Runing TDSE-SH-linear (length gauge, dipole form). step 8400 energy = -0.49395001430625946, norm_value = 1.0 + 0.0im, bound_norm=0.99932, free_norm=0.00068 + 0.0im
     | block_size = 113 
[TDSE] Runing TDSE-SH-linear (length gauge, dipole form). step 8600 energy = -0.49278554869943747, norm_value = 1.0 + 0.0im, bound_norm=0.999071, free_norm=0.000929 + 0.0im
     | block_size = 123 
[TDSE] Runing TDSE-SH-linear (length gauge, dipole form). step 8800 energy = -0.4920105430803109, norm_value = 1.0 + 0.0im, bound_norm=0.998936, free_norm=0.001064 + 0.0im
     | block_size = 133 
[TDSE] Runing TDSE-SH-linear (length gauge, dipole form). step 9000 energy = -0.4920003306004319, norm_value = 1.0 + 0.0im, bound_norm=0.998916, free_norm=0.001084 + 0.0im
     | block_size = 143 
[TDSE] Runing TDSE-SH-linear (length gauge, dipole form). step 9200 energy = -0.4928459967269606, norm_value = 1.0 + 0.0im, bound_norm=0.998998, free_norm=0.001002 + 0.0im
     | block_size = 153 
[TDSE] Runing TDSE-SH-linear (length gauge, dipole form). step 9400 energy = -0.4941586193934955, norm_value = 1.0 + 0.0im, bound_norm=0.999229, free_norm=0.000771 + 0.0im
     | block_size = 163 
[TDSE] Runing TDSE-SH-linear (length gauge, dipole form). step 9600 energy = -0.4953437947655216, norm_value = 1.0 + 0.0im, bound_norm=0.999589, free_norm=0.000411 + 0.0im
     | block_size = 173 
[TDSE] Runing TDSE-SH-linear (length gauge, dipole form). step 9800 energy = -0.4960814013941389, norm_value = 1.0 + 0.0im, bound_norm=0.999807, free_norm=0.000193 + 0.0im
     | block_size = 183 
[TDSE] Runing TDSE-SH-linear (length gauge, dipole form). step 10000 energy = -0.4961574572863229, norm_value = 1.0 + 0.0im, bound_norm=0.999832, free_norm=0.000168 + 0.0im
     | block_size = 185 
[TDSE] Runing TDSE-SH-linear (length gauge, dipole form). step 10200 energy = -0.49544833039613667, norm_value = 1.0 + 0.0im, bound_norm=0.999618, free_norm=0.000382 + 0.0im
     | block_size = 188 
[TDSE] Runing TDSE-SH-linear (length gauge, dipole form). step 10400 energy = -0.4940247650857151, norm_value = 1.0 + 0.0im, bound_norm=0.999229, free_norm=0.000771 + 0.0im
     | block_size = 198 
[TDSE] Runing TDSE-SH-linear (length gauge, dipole form). step 10600 energy = -0.4920308218272574, norm_value = 1.0 + 0.0im, bound_norm=0.99878, free_norm=0.00122 + 0.0im
     | block_size = 200 
[TDSE] Runing TDSE-SH-linear (length gauge, dipole form). step 10800 energy = -0.48989323597200907, norm_value = 1.0 + 0.0im, bound_norm=0.99842, free_norm=0.00158 + 0.0im
     | block_size = 200 
[TDSE] Runing TDSE-SH-linear (length gauge, dipole form). step 11000 energy = -0.4882498078534295, norm_value = 1.0 + 0.0im, bound_norm=0.998065, free_norm=0.001935 + 0.0im
     | block_size = 200 
[TDSE] Runing TDSE-SH-linear (length gauge, dipole form). step 11200 energy = -0.4877107833446473, norm_value = 1.0 + 0.0im, bound_norm=0.997523, free_norm=0.002477 + 0.0im
     | block_size = 200 
[TDSE] Runing TDSE-SH-linear (length gauge, dipole form). step 11400 energy = -0.4885288333773977, norm_value = 1.0 + 0.0im, bound_norm=0.996993, free_norm=0.003007 + 0.0im
     | block_size = 200 
[TDSE] Runing TDSE-SH-linear (length gauge, dipole form). step 11600 energy = -0.49003310181625964, norm_value = 1.0 + 0.0im, bound_norm=0.996781, free_norm=0.003219 + 0.0im
     | block_size = 200 
[TDSE] Runing TDSE-SH-linear (length gauge, dipole form). step 11800 energy = -0.4910710604519044, norm_value = 1.0 + 0.0im, bound_norm=0.997143, free_norm=0.002857 + 0.0im
     | block_size = 200 
[TDSE] Runing TDSE-SH-linear (length gauge, dipole form). step 12000 energy = -0.4914965825251945, norm_value = 1.0 + 0.0im, bound_norm=0.997506, free_norm=0.002494 + 0.0im
     | block_size = 200 
[TDSE] Runing TDSE-SH-linear (length gauge, dipole form). step 12200 energy = -0.49155648369445415, norm_value = 1.0 + 0.0im, bound_norm=0.997521, free_norm=0.002479 + 0.0im
     | block_size = 200 
[TDSE] Runing TDSE-SH-linear (length gauge, dipole form). step 12400 energy = -0.49117148032367974, norm_value = 1.0 + 0.0im, bound_norm=0.997255, free_norm=0.002745 + 0.0im
     | block_size = 200 
[TDSE] Runing TDSE-SH-linear (length gauge, dipole form). step 12600 energy = -0.49026112630892194, norm_value = 1.0 + 0.0im, bound_norm=0.996793, free_norm=0.003207 + 0.0im
     | block_size = 200 
[TDSE] Runing TDSE-SH-linear (length gauge, dipole form). step 12800 energy = -0.4886513031023901, norm_value = 1.0 + 0.0im, bound_norm=0.996259, free_norm=0.003741 + 0.0im
     | block_size = 200 
[TDSE] Runing TDSE-SH-linear (length gauge, dipole form). step 13000 energy = -0.4865460553009604, norm_value = 1.0 + 0.0im, bound_norm=0.995799, free_norm=0.004201 + 0.0im
     | block_size = 200 
[TDSE] Runing TDSE-SH-linear (length gauge, dipole form). step 13200 energy = -0.4843427286156503, norm_value = 1.0 + 0.0im, bound_norm=0.995045, free_norm=0.004955 + 0.0im
     | block_size = 200 
[TDSE] Runing TDSE-SH-linear (length gauge, dipole form). step 13400 energy = -0.48250193304344163, norm_value = 1.0 + 0.0im, bound_norm=0.993721, free_norm=0.006279 + 0.0im
     | block_size = 200 
[TDSE] Runing TDSE-SH-linear (length gauge, dipole form). step 13600 energy = -0.4814265171163543, norm_value = 1.0 + 0.0im, bound_norm=0.992521, free_norm=0.007479 + 0.0im
     | block_size = 200 
[TDSE] Runing TDSE-SH-linear (length gauge, dipole form). step 13800 energy = -0.4806325657965636, norm_value = 1.0 + 0.0im, bound_norm=0.991928, free_norm=0.008072 + 0.0im
     | block_size = 200 
[TDSE] Runing TDSE-SH-linear (length gauge, dipole form). step 14000 energy = -0.4793314610331689, norm_value = 1.0 + 0.0im, bound_norm=0.992184, free_norm=0.007816 + 0.0im
     | block_size = 200 
[TDSE] Runing TDSE-SH-linear (length gauge, dipole form). step 14200 energy = -0.4781469990535321, norm_value = 1.0 + 0.0im, bound_norm=0.992592, free_norm=0.007408 + 0.0im
     | block_size = 200 
[TDSE] Runing TDSE-SH-linear (length gauge, dipole form). step 14400 energy = -0.4779967090967931, norm_value = 1.0 + 0.0im, bound_norm=0.992604, free_norm=0.007396 + 0.0im
     | block_size = 200 
[TDSE] Runing TDSE-SH-linear (length gauge, dipole form). step 14600 energy = -0.4789007358243519, norm_value = 1.0 + 0.0im, bound_norm=0.992353, free_norm=0.007647 + 0.0im
     | block_size = 200 
[TDSE] Runing TDSE-SH-linear (length gauge, dipole form). step 14800 energy = -0.48042717392871026, norm_value = 1.0 + 0.0im, bound_norm=0.991927, free_norm=0.008073 + 0.0im
     | block_size = 200 
[TDSE] Runing TDSE-SH-linear (length gauge, dipole form). step 15000 energy = -0.4818115821879465, norm_value = 1.0 + 0.0im, bound_norm=0.991487, free_norm=0.008513 + 0.0im
     | block_size = 200 
[TDSE] Runing TDSE-SH-linear (length gauge, dipole form). step 15200 energy = -0.48257383887236915, norm_value = 1.0 + 0.0im, bound_norm=0.991086, free_norm=0.008914 + 0.0im
     | block_size = 200 
[TDSE] Runing TDSE-SH-linear (length gauge, dipole form). step 15400 energy = -0.4826229926592787, norm_value = 1.0 + 0.0im, bound_norm=0.990742, free_norm=0.009258 + 0.0im
     | block_size = 200 
[TDSE] Runing TDSE-SH-linear (length gauge, dipole form). step 15600 energy = -0.4820174171826676, norm_value = 1.0 + 0.0im, bound_norm=0.99023, free_norm=0.00977 + 0.0im
     | block_size = 200 
[TDSE] Runing TDSE-SH-linear (length gauge, dipole form). step 15800 energy = -0.4811162851368927, norm_value = 1.0 + 0.0im, bound_norm=0.989709, free_norm=0.010291 + 0.0im
     | block_size = 200 
[TDSE] Runing TDSE-SH-linear (length gauge, dipole form). step 16000 energy = -0.47952243912330006, norm_value = 1.0 + 0.0im, bound_norm=0.989623, free_norm=0.010377 + 0.0im
     | block_size = 200 
[TDSE] Runing TDSE-SH-linear (length gauge, dipole form). step 16200 energy = -0.4774895912079109, norm_value = 1.0 + 0.0im, bound_norm=0.990045, free_norm=0.009955 + 0.0im
     | block_size = 200 
[TDSE] Runing TDSE-SH-linear (length gauge, dipole form). step 16400 energy = -0.4760127452011809, norm_value = 1.0 + 0.0im, bound_norm=0.990328, free_norm=0.009672 + 0.0im
     | block_size = 200 
[TDSE] Runing TDSE-SH-linear (length gauge, dipole form). step 16600 energy = -0.4757873521235963, norm_value = 1.0 + 0.0im, bound_norm=0.990361, free_norm=0.009639 + 0.0im
     | block_size = 200 
[TDSE] Runing TDSE-SH-linear (length gauge, dipole form). step 16800 energy = -0.4768737049082725, norm_value = 1.0 + 0.0im, bound_norm=0.99018, free_norm=0.00982 + 0.0im
     | block_size = 200 
[TDSE] Runing TDSE-SH-linear (length gauge, dipole form). step 17000 energy = -0.47894148569310824, norm_value = 1.0 + 0.0im, bound_norm=0.9899, free_norm=0.0101 + 0.0im
     | block_size = 200 
[TDSE] Runing TDSE-SH-linear (length gauge, dipole form). step 17200 energy = -0.4812127803558318, norm_value = 1.0 + 0.0im, bound_norm=0.98954, free_norm=0.01046 + 0.0im
     | block_size = 200 
[TDSE] Runing TDSE-SH-linear (length gauge, dipole form). step 17400 energy = -0.4831946642362367, norm_value = 1.0 + 0.0im, bound_norm=0.989392, free_norm=0.010608 + 0.0im
     | block_size = 200 
[TDSE] Runing TDSE-SH-linear (length gauge, dipole form). step 17600 energy = -0.4847327857613047, norm_value = 1.0 + 0.0im, bound_norm=0.989424, free_norm=0.010576 + 0.0im
     | block_size = 200 
[TDSE] Runing TDSE-SH-linear (length gauge, dipole form). step 17800 energy = -0.4851194189321509, norm_value = 1.0 + 0.0im, bound_norm=0.989482, free_norm=0.010518 + 0.0im
     | block_size = 200 
[TDSE] Runing TDSE-SH-linear (length gauge, dipole form). step 18000 energy = -0.48510866328778013, norm_value = 1.0 + 0.0im, bound_norm=0.989376, free_norm=0.010624 + 0.0im
     | block_size = 200 
[TDSE] Runing TDSE-SH-linear (length gauge, dipole form). step 18200 energy = -0.48420068700475105, norm_value = 1.0 + 0.0im, bound_norm=0.989704, free_norm=0.010296 + 0.0im
     | block_size = 200 
[TDSE] Runing TDSE-SH-linear (length gauge, dipole form). step 18400 energy = -0.48323000673638766, norm_value = 1.0 + 0.0im, bound_norm=0.990038, free_norm=0.009962 + 0.0im
     | block_size = 200 
[TDSE] Runing TDSE-SH-linear (length gauge, dipole form). step 18600 energy = -0.4824511125988326, norm_value = 1.0 + 0.0im, bound_norm=0.990186, free_norm=0.009814 + 0.0im
     | block_size = 200 
[TDSE] Runing TDSE-SH-linear (length gauge, dipole form). step 18800 energy = -0.48232504749697624, norm_value = 1.0 + 0.0im, bound_norm=0.990217, free_norm=0.009783 + 0.0im
     | block_size = 200 
[TDSE] Runing TDSE-SH-linear (length gauge, dipole form). step 19000 energy = -0.4828603288461171, norm_value = 1.0 + 0.0im, bound_norm=0.990126, free_norm=0.009874 + 0.0im
     | block_size = 200 
[TDSE] Runing TDSE-SH-linear (length gauge, dipole form). step 19200 energy = -0.4839292814088072, norm_value = 1.0 + 0.0im, bound_norm=0.989951, free_norm=0.010049 + 0.0im
     | block_size = 200 
[TDSE] Runing TDSE-SH-linear (length gauge, dipole form). step 19400 energy = -0.4851726667402982, norm_value = 1.0 + 0.0im, bound_norm=0.989809, free_norm=0.010191 + 0.0im
     | block_size = 200 
[TDSE] Runing TDSE-SH-linear (length gauge, dipole form). step 19600 energy = -0.486439492094762, norm_value = 1.0 + 0.0im, bound_norm=0.989797, free_norm=0.010203 + 0.0im
     | block_size = 200 
[TDSE] Runing TDSE-SH-linear (length gauge, dipole form). step 19800 energy = -0.48731066049766725, norm_value = 1.0 + 0.0im, bound_norm=0.98976, free_norm=0.01024 + 0.0im
     | block_size = 200 
[TDSE] Runing TDSE-SH-linear (length gauge, dipole form). step 20000 energy = -0.487680352274845, norm_value = 1.0 + 0.0im, bound_norm=0.989843, free_norm=0.010157 + 0.0im
     | block_size = 200 
[TDSE] Runing TDSE-SH-linear (length gauge, dipole form). step 20200 energy = -0.48773526715945487, norm_value = 1.0 + 0.0im, bound_norm=0.989957, free_norm=0.010043 + 0.0im
     | block_size = 200 
[TDSE] Runing TDSE-SH-linear (length gauge, dipole form). step 20400 energy = -0.48734449016340964, norm_value = 1.0 + 0.0im, bound_norm=0.990054, free_norm=0.009946 + 0.0im
     | block_size = 200 
[TDSE] Runing TDSE-SH-linear (length gauge, dipole form). step 20600 energy = -0.48701669810375703, norm_value = 1.0 + 0.0im, bound_norm=0.990144, free_norm=0.009856 + 0.0im
     | block_size = 200 
[TDSE] Runing TDSE-SH-linear (length gauge, dipole form). step 20800 energy = -0.4866875446340124, norm_value = 1.0 + 0.0im, bound_norm=0.990213, free_norm=0.009787 + 0.0im
     | block_size = 200 
[TDSE] Runing TDSE-SH-linear (length gauge, dipole form). step 21000 energy = -0.48664919338013163, norm_value = 1.0 + 0.0im, bound_norm=0.990225, free_norm=0.009775 + 0.0im
     | block_size = 200 
[TDSE] Runing TDSE-SH-linear (length gauge, dipole form). step 21200 energy = -0.4868373857197475, norm_value = 1.0 + 0.0im, bound_norm=0.990198, free_norm=0.009802 + 0.0im
     | block_size = 200 
[TDSE] Runing TDSE-SH-linear (length gauge, dipole form). step 21400 energy = -0.48728058422740966, norm_value = 1.0 + 0.0im, bound_norm=0.990169, free_norm=0.009831 + 0.0im
     | block_size = 200 
[TDSE] Runing TDSE-SH-linear (length gauge, dipole form). step 21600 energy = -0.48773717876029904, norm_value = 1.0 + 0.0im, bound_norm=0.99014, free_norm=0.00986 + 0.0im
     | block_size = 200 
[TDSE] Runing TDSE-SH-linear (length gauge, dipole form). step 21800 energy = -0.4882404357254723, norm_value = 1.0 + 0.0im, bound_norm=0.990124, free_norm=0.009876 + 0.0im
     | block_size = 200 
[TDSE] Runing TDSE-SH-linear (length gauge, dipole form). step 22000 energy = -0.4885735885102138, norm_value = 1.0 + 0.0im, bound_norm=0.990136, free_norm=0.009864 + 0.0im
     | block_size = 200 
[TDSE] Runing TDSE-SH-linear (length gauge, dipole form). step 22200 energy = -0.48888564439834714, norm_value = 1.0 + 0.0im, bound_norm=0.990127, free_norm=0.009873 + 0.0im
     | block_size = 200 
[TDSE] Runing TDSE-SH-linear (length gauge, dipole form). step 22400 energy = -0.4889546859110498, norm_value = 1.0 + 0.0im, bound_norm=0.990234, free_norm=0.009766 + 0.0im
     | block_size = 200 
[TDSE] Runing TDSE-SH-linear (length gauge, dipole form). step 22600 energy = -0.4890206532620605, norm_value = 1.0 + 0.0im, bound_norm=0.990241, free_norm=0.009759 + 0.0im
     | block_size = 200 
[TDSE] Runing TDSE-SH-linear (length gauge, dipole form). step 22800 energy = -0.4889823709657532, norm_value = 1.0 + 0.0im, bound_norm=0.990256, free_norm=0.009744 + 0.0im
     | block_size = 200 
[TDSE] Runing TDSE-SH-linear (length gauge, dipole form). step 23000 energy = -0.4889503225239883, norm_value = 1.0 + 0.0im, bound_norm=0.99026, free_norm=0.00974 + 0.0im
     | block_size = 200 
[TDSE] Runing TDSE-SH-linear (length gauge, dipole form). step 23200 energy = -0.48894282419979535, norm_value = 1.0 + 0.0im, bound_norm=0.990261, free_norm=0.009739 + 0.0im
     | block_size = 200 
[TDSE] Runing TDSE-SH-linear (length gauge, dipole form). step 23400 energy = -0.4889739158801983, norm_value = 1.0 + 0.0im, bound_norm=0.990262, free_norm=0.009738 + 0.0im
     | block_size = 200 
[TDSE] Runing TDSE-SH-linear (length gauge, dipole form). step 23600 energy = -0.489002301502088, norm_value = 1.0 + 0.0im, bound_norm=0.990258, free_norm=0.009742 + 0.0im
     | block_size = 200 
[TDSE] Runing TDSE-SH-linear (length gauge, dipole form). step 23800 energy = -0.48907589850963257, norm_value = 1.0 + 0.0im, bound_norm=0.990255, free_norm=0.009745 + 0.0im
     | block_size = 200 
[TDSE] Runing TDSE-SH-linear (length gauge, dipole form). step 24000 energy = -0.4891390782678281, norm_value = 1.0 + 0.0im, bound_norm=0.990257, free_norm=0.009743 + 0.0im
     | block_size = 200 
[TDSE] Runing TDSE-SH-linear (length gauge, dipole form). step 24200 energy = -0.4891643472418691, norm_value = 1.0 + 0.0im, bound_norm=0.990245, free_norm=0.009755 + 0.0im
     | block_size = 200 
[TDSE] Runing TDSE-SH-linear (length gauge, dipole form). step 24400 energy = -0.4891924886130654, norm_value = 1.0 + 0.0im, bound_norm=0.990241, free_norm=0.009759 + 0.0im
     | block_size = 200 
[TDSE] Runing TDSE-SH-linear (length gauge, dipole form). step 24600 energy = -0.4892149837172637, norm_value = 1.0 + 0.0im, bound_norm=0.990251, free_norm=0.009749 + 0.0im
     | block_size = 200 
[TDSE] Runing TDSE-SH-linear (length gauge, dipole form). step 24800 energy = -0.48922440910566656, norm_value = 1.0 + 0.0im, bound_norm=0.990258, free_norm=0.009742 + 0.0im
     | block_size = 200 
[TDSE] Runing TDSE-SH-linear (length gauge, dipole form). step 25000 energy = -0.4892255721623555, norm_value = 1.0 + 0.0im, bound_norm=0.990258, free_norm=0.009742 + 0.0im
     | block_size = 200 
[TDSE] Runing TDSE-SH-linear (length gauge, dipole form). step 25200 energy = -0.48922417816435126, norm_value = 1.0 + 0.0im, bound_norm=0.990256, free_norm=0.009744 + 0.0im
     | block_size = 200 
[TDSE] Runing TDSE-SH-linear (length gauge, dipole form). step 25400 energy = -0.48922421472744887, norm_value = 1.0 + 0.0im, bound_norm=0.990257, free_norm=0.009743 + 0.0im
     | block_size = 200 
[TDSE] Runing TDSE-SH-linear (length gauge, dipole form). step 25600 energy = -0.48922454106783875, norm_value = 1.0 + 0.0im, bound_norm=0.990257, free_norm=0.009743 + 0.0im
     | block_size = 200 
[TDSE] Runing TDSE-SH-linear (length gauge, dipole form). step 25800 energy = -0.48922491909073385, norm_value = 1.0 + 0.0im, bound_norm=0.990256, free_norm=0.009744 + 0.0im
     | block_size = 200 
[TDSE] Runing TDSE-SH-linear (length gauge, dipole form). step 26000 energy = -0.4892251921947984, norm_value = 1.0 + 0.0im, bound_norm=0.990256, free_norm=0.009744 + 0.0im
     | block_size = 200 
[TDSE] Runing TDSE-SH-linear (length gauge, dipole form). step 26200 energy = -0.4892254611018312, norm_value = 1.0 + 0.0im, bound_norm=0.990256, free_norm=0.009744 + 0.0im
     | block_size = 200 
[TDSE] Runing TDSE-SH-linear (length gauge, dipole form). step 26400 energy = -0.48922557024590874, norm_value = 1.0 + 0.0im, bound_norm=0.990256, free_norm=0.009744 + 0.0im
     | block_size = 200 
Sample 2026_5_15_hg_massive_0.0575_0.0_0.0285_6.0_short_range does not exist. Exceute a new sample.
[ITP]: 10000.496424741636
[ITP]: 3.468948764850932e-6
[ITP]: 2.0119768988635656e-6
[ITP]: 1.2363970314233086e-6
[ITP]: 7.802127368616851e-7
[ITP]: 5.004886823867238e-7
[ITP]: 3.247063635747338e-7
[ITP]: 2.1241854042397534e-7
[ITP]: 1.3984492786001113e-7
[ITP]: 9.25260389417204e-8
[ITP]: 6.146357944825098e-8
[ITP]: 4.0962812142275595e-8
[ITP]: 2.737382170936442e-8
[ITP]: 1.8334269435982264e-8
[ITP]: 1.2303307206362746e-8
[ITP]: 8.269649631742482e-9
[ITP]: 5.566198502116038e-9
[ITP]: 3.7510526906814334e-9
[ITP]: 2.530471499007092e-9
[ITP]: 1.7086173587088638e-9
[ITP]: 1.154605577813328e-9
[ITP]: 7.807770541212733e-10
[ITP]: 5.283077308959605e-10
[ITP]: 3.576713369923823e-10
[ITP]: 2.422650968725293e-10
[ITP]: 1.6416579207145787e-10
[ITP]: 1.1128536980820058e-10
[ITP]: 7.546496760824084e-11
[ITP]: 5.119060730862657e-11
[ITP]: 3.4733049769641866e-11
[ITP]: 2.3571977703085167e-11
[ITP]: 1.6002199565434694e-11
[ITP]: 1.086369882941085e-11
[ITP]: 7.378653243961253e-12
[ITP]: 5.010714065889488e-12
[ITP]: 3.4039993046519612e-12
[ITP]: 2.313038649504051e-12
[ITP]: 1.570410468332284e-12
[ITP]: 1.0681455719918631e-12
[ITP]: 7.265299473147024e-13
[ITP]: 4.919398222114069e-13
[ITP]: 3.346212196220222e-13
[ITP]: 2.2842838731662596e-13
[ITP]: 1.5498713423767185e-13
[ITP]: 1.0536016503692736e-13
[ITP]: 7.188694084447889e-14
[ITP]: 4.801714581503802e-14
[ITP]: 3.347322419244847e-14
[ITP]: 2.3148150063434514e-14
[ITP]: 1.4432899320127035e-14
[ITP]: 1.1102230246251565e-14
[ITP]: 7.16093850883226e-15
[ITP]: 4.440892098500626e-15
[ITP]: 2.6645352591003757e-15
[ITP]: 2.831068712794149e-15
[ITP]: 1.4988010832439613e-15
[ITP]: 6.661338147750939e-16
[ITP]: 7.771561172376096e-16
[ITP]: 5.551115123125783e-16
[ITP]: 2.220446049250313e-16
[ITP]: 4.440892098500626e-16
[ITP]: 6.106226635438361e-16
[ITP]: 7.216449660063518e-16
[ITP]: 4.440892098500626e-16
[ITP]: 4.440892098500626e-16
[ITP]: 3.3306690738754696e-16
[ITP]: 1.1102230246251565e-15
[ITP]: 1.1102230246251565e-16
[ITP]: 7.216449660063518e-16
[ITP]: 1.1102230246251565e-16
[ITP]: 8.326672684688674e-16
[ITP]: 7.216449660063518e-16
[ITP]: 2.7755575615628914e-16
[ITP]: 4.996003610813204e-16
[ITP]: 4.440892098500626e-16
[ITP]: 4.440892098500626e-16
[ITP]: 1.6653345369377348e-16
[ITP]: 4.996003610813204e-16
[ITP]: 1.1657341758564144e-15
[ITP]: 1.1102230246251565e-16
[ITP]: 0.0
[TDSE] Runing TDSE-SH-linear (length gauge, dipole form). step 0 energy = -0.4964336949924361, norm_value = 1.0 + 0.0im, bound_norm=1.0, free_norm=0.0 + 0.0im
     | block_size = 3 
[TDSE] Runing TDSE-SH-linear (length gauge, dipole form). step 200 energy = -0.49643369280893324, norm_value = 1.0 + 0.0im, bound_norm=1.0, free_norm=0.0 + 0.0im
     | block_size = 3 
[TDSE] Runing TDSE-SH-linear (length gauge, dipole form). step 400 energy = -0.4964336680058055, norm_value = 1.0 + 0.0im, bound_norm=1.0, free_norm=0.0 + 0.0im
     | block_size = 4 
[TDSE] Runing TDSE-SH-linear (length gauge, dipole form). step 600 energy = -0.4964336097431872, norm_value = 1.0 + 0.0im, bound_norm=1.0, free_norm=0.0 + 0.0im
     | block_size = 4 
[TDSE] Runing TDSE-SH-linear (length gauge, dipole form). step 800 energy = -0.4964335881056189, norm_value = 1.0 + 0.0im, bound_norm=1.0, free_norm=0.0 + 0.0im
     | block_size = 4 
[TDSE] Runing TDSE-SH-linear (length gauge, dipole form). step 1000 energy = -0.4964336534971964, norm_value = 1.0 + 0.0im, bound_norm=1.0, free_norm=0.0 + 0.0im
     | block_size = 4 
[TDSE] Runing TDSE-SH-linear (length gauge, dipole form). step 1200 energy = -0.4964336274972439, norm_value = 1.0 + 0.0im, bound_norm=1.0, free_norm=0.0 + 0.0im
     | block_size = 4 
[TDSE] Runing TDSE-SH-linear (length gauge, dipole form). step 1400 energy = -0.4964327542031937, norm_value = 1.0 + 0.0im, bound_norm=1.0, free_norm=0.0 + 0.0im
     | block_size = 4 
[TDSE] Runing TDSE-SH-linear (length gauge, dipole form). step 1600 energy = -0.49642975717631493, norm_value = 1.0 + 0.0im, bound_norm=0.999999, free_norm=1.0e-6 + 0.0im
     | block_size = 5 
[TDSE] Runing TDSE-SH-linear (length gauge, dipole form). step 1800 energy = -0.4964232378023416, norm_value = 1.0 + 0.0im, bound_norm=0.999997, free_norm=3.0e-6 + 0.0im
     | block_size = 6 
[TDSE] Runing TDSE-SH-linear (length gauge, dipole form). step 2000 energy = -0.49641311197374055, norm_value = 1.0 + 0.0im, bound_norm=0.999994, free_norm=6.0e-6 + 0.0im
     | block_size = 8 
[TDSE] Runing TDSE-SH-linear (length gauge, dipole form). step 2200 energy = -0.496401004438246, norm_value = 1.0 + 0.0im, bound_norm=0.99999, free_norm=1.0e-5 + 0.0im
     | block_size = 10 
[TDSE] Runing TDSE-SH-linear (length gauge, dipole form). step 2400 energy = -0.49639117435392427, norm_value = 1.0 + 0.0im, bound_norm=0.999987, free_norm=1.3e-5 + 0.0im
     | block_size = 14 
[TDSE] Runing TDSE-SH-linear (length gauge, dipole form). step 2600 energy = -0.4963887916190793, norm_value = 1.0 + 0.0im, bound_norm=0.999986, free_norm=1.4e-5 + 0.0im
     | block_size = 17 
[TDSE] Runing TDSE-SH-linear (length gauge, dipole form). step 2800 energy = -0.4963968626621647, norm_value = 1.0 + 0.0im, bound_norm=0.999989, free_norm=1.1e-5 + 0.0im
     | block_size = 20 
[TDSE] Runing TDSE-SH-linear (length gauge, dipole form). step 3000 energy = -0.4964137041432381, norm_value = 1.0 + 0.0im, bound_norm=0.999994, free_norm=6.0e-6 + 0.0im
     | block_size = 23 
[TDSE] Runing TDSE-SH-linear (length gauge, dipole form). step 3200 energy = -0.49642980710605245, norm_value = 1.0 + 0.0im, bound_norm=0.999999, free_norm=1.0e-6 + 0.0im
     | block_size = 25 
[TDSE] Runing TDSE-SH-linear (length gauge, dipole form). step 3400 energy = -0.49642990175256385, norm_value = 1.0 + 0.0im, bound_norm=0.999999, free_norm=1.0e-6 + 0.0im
     | block_size = 25 
[TDSE] Runing TDSE-SH-linear (length gauge, dipole form). step 3600 energy = -0.49639730113976227, norm_value = 1.0 + 0.0im, bound_norm=0.999989, free_norm=1.1e-5 + 0.0im
     | block_size = 23 
[TDSE] Runing TDSE-SH-linear (length gauge, dipole form). step 3800 energy = -0.49632217549910546, norm_value = 1.0 + 0.0im, bound_norm=0.999966, free_norm=3.4e-5 + 0.0im
     | block_size = 17 
[TDSE] Runing TDSE-SH-linear (length gauge, dipole form). step 4000 energy = -0.4962083465184556, norm_value = 1.0 + 0.0im, bound_norm=0.999931, free_norm=6.9e-5 + 0.0im
     | block_size = 10 
[TDSE] Runing TDSE-SH-linear (length gauge, dipole form). step 4200 energy = -0.49607890340754096, norm_value = 1.0 + 0.0im, bound_norm=0.999892, free_norm=0.000108 + 0.0im
     | block_size = 17 
[TDSE] Runing TDSE-SH-linear (length gauge, dipole form). step 4400 energy = -0.4959721032492883, norm_value = 1.0 + 0.0im, bound_norm=0.999861, free_norm=0.000139 + 0.0im
     | block_size = 27 
[TDSE] Runing TDSE-SH-linear (length gauge, dipole form). step 4600 energy = -0.49592927756979693, norm_value = 1.0 + 0.0im, bound_norm=0.999848, free_norm=0.000152 + 0.0im
     | block_size = 37 
[TDSE] Runing TDSE-SH-linear (length gauge, dipole form). step 4800 energy = -0.49597760840824556, norm_value = 1.0 + 0.0im, bound_norm=0.999862, free_norm=0.000138 + 0.0im
     | block_size = 47 
[TDSE] Runing TDSE-SH-linear (length gauge, dipole form). step 5000 energy = -0.4961093656037105, norm_value = 1.0 + 0.0im, bound_norm=0.999902, free_norm=9.8e-5 + 0.0im
     | block_size = 57 
[TDSE] Runing TDSE-SH-linear (length gauge, dipole form). step 5200 energy = -0.49627753949865727, norm_value = 1.0 + 0.0im, bound_norm=0.999953, free_norm=4.7e-5 + 0.0im
     | block_size = 66 
[TDSE] Runing TDSE-SH-linear (length gauge, dipole form). step 5400 energy = -0.49640581801645667, norm_value = 1.0 + 0.0im, bound_norm=0.999992, free_norm=8.0e-6 + 0.0im
     | block_size = 71 
[TDSE] Runing TDSE-SH-linear (length gauge, dipole form). step 5600 energy = -0.4964121059947207, norm_value = 1.0 + 0.0im, bound_norm=0.999994, free_norm=6.0e-6 + 0.0im
     | block_size = 71 
[TDSE] Runing TDSE-SH-linear (length gauge, dipole form). step 5800 energy = -0.4962373912274231, norm_value = 1.0 + 0.0im, bound_norm=0.99994, free_norm=6.0e-5 + 0.0im
     | block_size = 66 
[TDSE] Runing TDSE-SH-linear (length gauge, dipole form). step 6000 energy = -0.49587052583713226, norm_value = 1.0 + 0.0im, bound_norm=0.99983, free_norm=0.00017 + 0.0im
     | block_size = 57 
[TDSE] Runing TDSE-SH-linear (length gauge, dipole form). step 6200 energy = -0.49536659603936056, norm_value = 1.0 + 0.0im, bound_norm=0.999686, free_norm=0.000314 + 0.0im
     | block_size = 55 
[TDSE] Runing TDSE-SH-linear (length gauge, dipole form). step 6400 energy = -0.49484905420835, norm_value = 1.0 + 0.0im, bound_norm=0.999547, free_norm=0.000453 + 0.0im
     | block_size = 55 
[TDSE] Runing TDSE-SH-linear (length gauge, dipole form). step 6600 energy = -0.4944879667894153, norm_value = 1.0 + 0.0im, bound_norm=0.999456, free_norm=0.000544 + 0.0im
     | block_size = 57 
[TDSE] Runing TDSE-SH-linear (length gauge, dipole form). step 6800 energy = -0.49443733733967843, norm_value = 1.0 + 0.0im, bound_norm=0.999442, free_norm=0.000558 + 0.0im
     | block_size = 67 
[TDSE] Runing TDSE-SH-linear (length gauge, dipole form). step 7000 energy = -0.49474948378792966, norm_value = 1.0 + 0.0im, bound_norm=0.99952, free_norm=0.00048 + 0.0im
     | block_size = 77 
[TDSE] Runing TDSE-SH-linear (length gauge, dipole form). step 7200 energy = -0.49531849007505496, norm_value = 1.0 + 0.0im, bound_norm=0.999674, free_norm=0.000326 + 0.0im
     | block_size = 87 
[TDSE] Runing TDSE-SH-linear (length gauge, dipole form). step 7400 energy = -0.49592784688780583, norm_value = 1.0 + 0.0im, bound_norm=0.999849, free_norm=0.000151 + 0.0im
     | block_size = 97 
[TDSE] Runing TDSE-SH-linear (length gauge, dipole form). step 7600 energy = -0.4963453161214586, norm_value = 1.0 + 0.0im, bound_norm=0.999974, free_norm=2.6e-5 + 0.0im
     | block_size = 106 
[TDSE] Runing TDSE-SH-linear (length gauge, dipole form). step 7800 energy = -0.49637728337496984, norm_value = 1.0 + 0.0im, bound_norm=0.999984, free_norm=1.6e-5 + 0.0im
     | block_size = 107 
[TDSE] Runing TDSE-SH-linear (length gauge, dipole form). step 8000 energy = -0.49591672272403936, norm_value = 1.0 + 0.0im, bound_norm=0.999845, free_norm=0.000155 + 0.0im
     | block_size = 102 
[TDSE] Runing TDSE-SH-linear (length gauge, dipole form). step 8200 energy = -0.4949741858573088, norm_value = 1.0 + 0.0im, bound_norm=0.999578, free_norm=0.000422 + 0.0im
     | block_size = 109 
[TDSE] Runing TDSE-SH-linear (length gauge, dipole form). step 8400 energy = -0.49369690371619745, norm_value = 1.0 + 0.0im, bound_norm=0.99926, free_norm=0.00074 + 0.0im
     | block_size = 119 
[TDSE] Runing TDSE-SH-linear (length gauge, dipole form). step 8600 energy = -0.4923884997178892, norm_value = 1.0 + 0.0im, bound_norm=0.998993, free_norm=0.001007 + 0.0im
     | block_size = 129 
[TDSE] Runing TDSE-SH-linear (length gauge, dipole form). step 8800 energy = -0.49149191697665073, norm_value = 1.0 + 0.0im, bound_norm=0.998846, free_norm=0.001154 + 0.0im
     | block_size = 139 
[TDSE] Runing TDSE-SH-linear (length gauge, dipole form). step 9000 energy = -0.4914397043020892, norm_value = 1.0 + 0.0im, bound_norm=0.998803, free_norm=0.001197 + 0.0im
     | block_size = 149 
[TDSE] Runing TDSE-SH-linear (length gauge, dipole form). step 9200 energy = -0.4923595230158447, norm_value = 1.0 + 0.0im, bound_norm=0.998846, free_norm=0.001154 + 0.0im
     | block_size = 159 
[TDSE] Runing TDSE-SH-linear (length gauge, dipole form). step 9400 energy = -0.493814428270546, norm_value = 1.0 + 0.0im, bound_norm=0.999048, free_norm=0.000952 + 0.0im
     | block_size = 169 
[TDSE] Runing TDSE-SH-linear (length gauge, dipole form). step 9600 energy = -0.4951003766157034, norm_value = 1.0 + 0.0im, bound_norm=0.999437, free_norm=0.000563 + 0.0im
     | block_size = 179 
[TDSE] Runing TDSE-SH-linear (length gauge, dipole form). step 9800 energy = -0.4958814407896011, norm_value = 1.0 + 0.0im, bound_norm=0.99968, free_norm=0.00032 + 0.0im
     | block_size = 189 
[TDSE] Runing TDSE-SH-linear (length gauge, dipole form). step 10000 energy = -0.49596302927341435, norm_value = 1.0 + 0.0im, bound_norm=0.999704, free_norm=0.000296 + 0.0im
     | block_size = 191 
[TDSE] Runing TDSE-SH-linear (length gauge, dipole form). step 10200 energy = -0.4952075967721685, norm_value = 1.0 + 0.0im, bound_norm=0.999471, free_norm=0.000529 + 0.0im
     | block_size = 196 
[TDSE] Runing TDSE-SH-linear (length gauge, dipole form). step 10400 energy = -0.49367329354785067, norm_value = 1.0 + 0.0im, bound_norm=0.999052, free_norm=0.000948 + 0.0im
     | block_size = 200 
[TDSE] Runing TDSE-SH-linear (length gauge, dipole form). step 10600 energy = -0.4914645066879031, norm_value = 1.0 + 0.0im, bound_norm=0.998556, free_norm=0.001444 + 0.0im
     | block_size = 200 
[TDSE] Runing TDSE-SH-linear (length gauge, dipole form). step 10800 energy = -0.4890040408808511, norm_value = 1.0 + 0.0im, bound_norm=0.998147, free_norm=0.001853 + 0.0im
     | block_size = 200 
[TDSE] Runing TDSE-SH-linear (length gauge, dipole form). step 11000 energy = -0.48692680153240464, norm_value = 1.0 + 0.0im, bound_norm=0.997591, free_norm=0.002409 + 0.0im
     | block_size = 200 
[TDSE] Runing TDSE-SH-linear (length gauge, dipole form). step 11200 energy = -0.485862134211962, norm_value = 1.0 + 0.0im, bound_norm=0.996646, free_norm=0.003354 + 0.0im
     | block_size = 200 
[TDSE] Runing TDSE-SH-linear (length gauge, dipole form). step 11400 energy = -0.4861615189540912, norm_value = 1.0 + 0.0im, bound_norm=0.995704, free_norm=0.004296 + 0.0im
     | block_size = 200 
[TDSE] Runing TDSE-SH-linear (length gauge, dipole form). step 11600 energy = -0.48720493662299996, norm_value = 1.0 + 0.0im, bound_norm=0.995211, free_norm=0.004789 + 0.0im
     | block_size = 200 
[TDSE] Runing TDSE-SH-linear (length gauge, dipole form). step 11800 energy = -0.4877476847246817, norm_value = 1.0 + 0.0im, bound_norm=0.995469, free_norm=0.004531 + 0.0im
     | block_size = 200 
[TDSE] Runing TDSE-SH-linear (length gauge, dipole form). step 12000 energy = -0.48774847236212565, norm_value = 1.0 + 0.0im, bound_norm=0.99589, free_norm=0.00411 + 0.0im
     | block_size = 200 
[TDSE] Runing TDSE-SH-linear (length gauge, dipole form). step 12200 energy = -0.4877563818578347, norm_value = 1.0 + 0.0im, bound_norm=0.995896, free_norm=0.004104 + 0.0im
     | block_size = 200 
[TDSE] Runing TDSE-SH-linear (length gauge, dipole form). step 12400 energy = -0.4877197021753964, norm_value = 1.0 + 0.0im, bound_norm=0.995606, free_norm=0.004394 + 0.0im
     | block_size = 200 
[TDSE] Runing TDSE-SH-linear (length gauge, dipole form). step 12600 energy = -0.487343582700427, norm_value = 1.0 + 0.0im, bound_norm=0.995094, free_norm=0.004906 + 0.0im
     | block_size = 200 
[TDSE] Runing TDSE-SH-linear (length gauge, dipole form). step 12800 energy = -0.48619957126052804, norm_value = 1.0 + 0.0im, bound_norm=0.994519, free_norm=0.005481 + 0.0im
     | block_size = 200 
[TDSE] Runing TDSE-SH-linear (length gauge, dipole form). step 13000 energy = -0.4841560407307937, norm_value = 1.0 + 0.0im, bound_norm=0.993928, free_norm=0.006072 + 0.0im
     | block_size = 200 
[TDSE] Runing TDSE-SH-linear (length gauge, dipole form). step 13200 energy = -0.48131851828501726, norm_value = 1.0 + 0.0im, bound_norm=0.99262, free_norm=0.00738 + 0.0im
     | block_size = 200 
[TDSE] Runing TDSE-SH-linear (length gauge, dipole form). step 13400 energy = -0.4778978119852469, norm_value = 1.0 + 0.0im, bound_norm=0.990538, free_norm=0.009462 + 0.0im
     | block_size = 200 
[TDSE] Runing TDSE-SH-linear (length gauge, dipole form). step 13600 energy = -0.4745564881974457, norm_value = 1.0 + 0.0im, bound_norm=0.988549, free_norm=0.011451 + 0.0im
     | block_size = 200 
[TDSE] Runing TDSE-SH-linear (length gauge, dipole form). step 13800 energy = -0.4712419849861349, norm_value = 1.0 + 0.0im, bound_norm=0.987492, free_norm=0.012508 + 0.0im
     | block_size = 200 
[TDSE] Runing TDSE-SH-linear (length gauge, dipole form). step 14000 energy = -0.4675493013451568, norm_value = 1.0 + 0.0im, bound_norm=0.987565, free_norm=0.012435 + 0.0im
     | block_size = 200 
[TDSE] Runing TDSE-SH-linear (length gauge, dipole form). step 14200 energy = -0.46469783241824053, norm_value = 1.0 + 0.0im, bound_norm=0.988032, free_norm=0.011968 + 0.0im
     | block_size = 200 
[TDSE] Runing TDSE-SH-linear (length gauge, dipole form). step 14400 energy = -0.4643147699821219, norm_value = 1.0 + 0.0im, bound_norm=0.988033, free_norm=0.011967 + 0.0im
     | block_size = 200 
[TDSE] Runing TDSE-SH-linear (length gauge, dipole form). step 14600 energy = -0.4664897097712004, norm_value = 1.0 + 0.0im, bound_norm=0.987761, free_norm=0.012239 + 0.0im
     | block_size = 200 
[TDSE] Runing TDSE-SH-linear (length gauge, dipole form). step 14800 energy = -0.47027966885924005, norm_value = 1.0 + 0.0im, bound_norm=0.987279, free_norm=0.012721 + 0.0im
     | block_size = 200 
[TDSE] Runing TDSE-SH-linear (length gauge, dipole form). step 15000 energy = -0.474177139007179, norm_value = 1.0 + 0.0im, bound_norm=0.986782, free_norm=0.013218 + 0.0im
     | block_size = 200 
[TDSE] Runing TDSE-SH-linear (length gauge, dipole form). step 15200 energy = -0.4768650607566454, norm_value = 1.0 + 0.0im, bound_norm=0.986348, free_norm=0.013652 + 0.0im
     | block_size = 200 
[TDSE] Runing TDSE-SH-linear (length gauge, dipole form). step 15400 energy = -0.4775791031142324, norm_value = 1.0 + 0.0im, bound_norm=0.985756, free_norm=0.014244 + 0.0im
     | block_size = 200 
[TDSE] Runing TDSE-SH-linear (length gauge, dipole form). step 15600 energy = -0.47619543127375913, norm_value = 1.0 + 0.0im, bound_norm=0.984831, free_norm=0.015169 + 0.0im
     | block_size = 200 
[TDSE] Runing TDSE-SH-linear (length gauge, dipole form). step 15800 energy = -0.4732299974425035, norm_value = 1.0 + 0.0im, bound_norm=0.983947, free_norm=0.016053 + 0.0im
     | block_size = 200 
[TDSE] Runing TDSE-SH-linear (length gauge, dipole form). step 16000 energy = -0.4690189729873132, norm_value = 1.0 + 0.0im, bound_norm=0.983653, free_norm=0.016347 + 0.0im
     | block_size = 200 
[TDSE] Runing TDSE-SH-linear (length gauge, dipole form). step 16200 energy = -0.4643435655440563, norm_value = 1.0 + 0.0im, bound_norm=0.984015, free_norm=0.015985 + 0.0im
     | block_size = 200 
[TDSE] Runing TDSE-SH-linear (length gauge, dipole form). step 16400 energy = -0.4611062698384025, norm_value = 1.0 + 0.0im, bound_norm=0.984348, free_norm=0.015652 + 0.0im
     | block_size = 200 
[TDSE] Runing TDSE-SH-linear (length gauge, dipole form). step 16600 energy = -0.46061164391484016, norm_value = 1.0 + 0.0im, bound_norm=0.984375, free_norm=0.015625 + 0.0im
     | block_size = 200 
[TDSE] Runing TDSE-SH-linear (length gauge, dipole form). step 16800 energy = -0.46294328504995697, norm_value = 1.0 + 0.0im, bound_norm=0.984179, free_norm=0.015821 + 0.0im
     | block_size = 200 
[TDSE] Runing TDSE-SH-linear (length gauge, dipole form). step 17000 energy = -0.4673159203120073, norm_value = 1.0 + 0.0im, bound_norm=0.983883, free_norm=0.016117 + 0.0im
     | block_size = 200 
[TDSE] Runing TDSE-SH-linear (length gauge, dipole form). step 17200 energy = -0.47221461297309036, norm_value = 1.0 + 0.0im, bound_norm=0.983491, free_norm=0.016509 + 0.0im
     | block_size = 200 
[TDSE] Runing TDSE-SH-linear (length gauge, dipole form). step 17400 energy = -0.4763795421785027, norm_value = 1.0 + 0.0im, bound_norm=0.983308, free_norm=0.016692 + 0.0im
     | block_size = 200 
[TDSE] Runing TDSE-SH-linear (length gauge, dipole form). step 17600 energy = -0.4791178176782773, norm_value = 1.0 + 0.0im, bound_norm=0.983347, free_norm=0.016653 + 0.0im
     | block_size = 200 
[TDSE] Runing TDSE-SH-linear (length gauge, dipole form). step 17800 energy = -0.47994242682374677, norm_value = 1.0 + 0.0im, bound_norm=0.983444, free_norm=0.016556 + 0.0im
     | block_size = 200 
[TDSE] Runing TDSE-SH-linear (length gauge, dipole form). step 18000 energy = -0.4787438470543089, norm_value = 1.0 + 0.0im, bound_norm=0.983393, free_norm=0.016607 + 0.0im
     | block_size = 200 
[TDSE] Runing TDSE-SH-linear (length gauge, dipole form). step 18200 energy = -0.4765928010781903, norm_value = 1.0 + 0.0im, bound_norm=0.983534, free_norm=0.016466 + 0.0im
     | block_size = 200 
[TDSE] Runing TDSE-SH-linear (length gauge, dipole form). step 18400 energy = -0.4739630226111444, norm_value = 1.0 + 0.0im, bound_norm=0.983887, free_norm=0.016113 + 0.0im
     | block_size = 200 
[TDSE] Runing TDSE-SH-linear (length gauge, dipole form). step 18600 energy = -0.472301403577172, norm_value = 1.0 + 0.0im, bound_norm=0.984033, free_norm=0.015967 + 0.0im
     | block_size = 200 
[TDSE] Runing TDSE-SH-linear (length gauge, dipole form). step 18800 energy = -0.4719956700890293, norm_value = 1.0 + 0.0im, bound_norm=0.984072, free_norm=0.015928 + 0.0im
     | block_size = 200 
[TDSE] Runing TDSE-SH-linear (length gauge, dipole form). step 19000 energy = -0.47317364389330235, norm_value = 1.0 + 0.0im, bound_norm=0.983975, free_norm=0.016025 + 0.0im
     | block_size = 200 
[TDSE] Runing TDSE-SH-linear (length gauge, dipole form). step 19200 energy = -0.47539125213009364, norm_value = 1.0 + 0.0im, bound_norm=0.983806, free_norm=0.016194 + 0.0im
     | block_size = 200 
[TDSE] Runing TDSE-SH-linear (length gauge, dipole form). step 19400 energy = -0.47806873397985133, norm_value = 1.0 + 0.0im, bound_norm=0.983632, free_norm=0.016368 + 0.0im
     | block_size = 200 
[TDSE] Runing TDSE-SH-linear (length gauge, dipole form). step 19600 energy = -0.4803854123295118, norm_value = 1.0 + 0.0im, bound_norm=0.983648, free_norm=0.016352 + 0.0im
     | block_size = 200 
[TDSE] Runing TDSE-SH-linear (length gauge, dipole form). step 19800 energy = -0.4820509222105955, norm_value = 1.0 + 0.0im, bound_norm=0.983605, free_norm=0.016395 + 0.0im
     | block_size = 200 
[TDSE] Runing TDSE-SH-linear (length gauge, dipole form). step 20000 energy = -0.4825892527648466, norm_value = 1.0 + 0.0im, bound_norm=0.983698, free_norm=0.016302 + 0.0im
     | block_size = 200 
[TDSE] Runing TDSE-SH-linear (length gauge, dipole form). step 20200 energy = -0.48228994807558384, norm_value = 1.0 + 0.0im, bound_norm=0.983913, free_norm=0.016087 + 0.0im
     | block_size = 200 
[TDSE] Runing TDSE-SH-linear (length gauge, dipole form). step 20400 energy = -0.48134292324106215, norm_value = 1.0 + 0.0im, bound_norm=0.983865, free_norm=0.016135 + 0.0im
     | block_size = 200 
[TDSE] Runing TDSE-SH-linear (length gauge, dipole form). step 20600 energy = -0.4804649401708267, norm_value = 1.0 + 0.0im, bound_norm=0.983986, free_norm=0.016014 + 0.0im
     | block_size = 200 
[TDSE] Runing TDSE-SH-linear (length gauge, dipole form). step 20800 energy = -0.4797834433648599, norm_value = 1.0 + 0.0im, bound_norm=0.984061, free_norm=0.015939 + 0.0im
     | block_size = 200 
[TDSE] Runing TDSE-SH-linear (length gauge, dipole form). step 21000 energy = -0.4796791782763367, norm_value = 1.0 + 0.0im, bound_norm=0.984084, free_norm=0.015916 + 0.0im
     | block_size = 200 
[TDSE] Runing TDSE-SH-linear (length gauge, dipole form). step 21200 energy = -0.4801040939047814, norm_value = 1.0 + 0.0im, bound_norm=0.984067, free_norm=0.015933 + 0.0im
     | block_size = 200 
[TDSE] Runing TDSE-SH-linear (length gauge, dipole form). step 21400 energy = -0.48092158057403955, norm_value = 1.0 + 0.0im, bound_norm=0.984017, free_norm=0.015983 + 0.0im
     | block_size = 200 
[TDSE] Runing TDSE-SH-linear (length gauge, dipole form). step 21600 energy = -0.48184262659364097, norm_value = 1.0 + 0.0im, bound_norm=0.983961, free_norm=0.016039 + 0.0im
     | block_size = 200 
[TDSE] Runing TDSE-SH-linear (length gauge, dipole form). step 21800 energy = -0.4827777528280606, norm_value = 1.0 + 0.0im, bound_norm=0.983947, free_norm=0.016053 + 0.0im
     | block_size = 200 
[TDSE] Runing TDSE-SH-linear (length gauge, dipole form). step 22000 energy = -0.4833879967705477, norm_value = 1.0 + 0.0im, bound_norm=0.983976, free_norm=0.016024 + 0.0im
     | block_size = 200 
[TDSE] Runing TDSE-SH-linear (length gauge, dipole form). step 22200 energy = -0.48381085236128835, norm_value = 1.0 + 0.0im, bound_norm=0.98401, free_norm=0.01599 + 0.0im
     | block_size = 200 
[TDSE] Runing TDSE-SH-linear (length gauge, dipole form). step 22400 energy = -0.48400730432495775, norm_value = 1.0 + 0.0im, bound_norm=0.984154, free_norm=0.015846 + 0.0im
     | block_size = 200 
[TDSE] Runing TDSE-SH-linear (length gauge, dipole form). step 22600 energy = -0.4839409679852993, norm_value = 1.0 + 0.0im, bound_norm=0.98418, free_norm=0.01582 + 0.0im
     | block_size = 200 
[TDSE] Runing TDSE-SH-linear (length gauge, dipole form). step 22800 energy = -0.48380543601443565, norm_value = 1.0 + 0.0im, bound_norm=0.984152, free_norm=0.015848 + 0.0im
     | block_size = 200 
[TDSE] Runing TDSE-SH-linear (length gauge, dipole form). step 23000 energy = -0.48375138540111, norm_value = 1.0 + 0.0im, bound_norm=0.984152, free_norm=0.015848 + 0.0im
     | block_size = 200 
[TDSE] Runing TDSE-SH-linear (length gauge, dipole form). step 23200 energy = -0.4837260714954494, norm_value = 1.0 + 0.0im, bound_norm=0.98415, free_norm=0.01585 + 0.0im
     | block_size = 200 
[TDSE] Runing TDSE-SH-linear (length gauge, dipole form). step 23400 energy = -0.4837781365922375, norm_value = 1.0 + 0.0im, bound_norm=0.984153, free_norm=0.015847 + 0.0im
     | block_size = 200 
[TDSE] Runing TDSE-SH-linear (length gauge, dipole form). step 23600 energy = -0.48386652995022245, norm_value = 1.0 + 0.0im, bound_norm=0.984163, free_norm=0.015837 + 0.0im
     | block_size = 200 
[TDSE] Runing TDSE-SH-linear (length gauge, dipole form). step 23800 energy = -0.48399301557272734, norm_value = 1.0 + 0.0im, bound_norm=0.984183, free_norm=0.015817 + 0.0im
     | block_size = 200 
[TDSE] Runing TDSE-SH-linear (length gauge, dipole form). step 24000 energy = -0.484061579085298, norm_value = 1.0 + 0.0im, bound_norm=0.984194, free_norm=0.015806 + 0.0im
     | block_size = 200 
[TDSE] Runing TDSE-SH-linear (length gauge, dipole form). step 24200 energy = -0.48416027096821346, norm_value = 1.0 + 0.0im, bound_norm=0.984173, free_norm=0.015827 + 0.0im
     | block_size = 200 
[TDSE] Runing TDSE-SH-linear (length gauge, dipole form). step 24400 energy = -0.48421772232414334, norm_value = 1.0 + 0.0im, bound_norm=0.984142, free_norm=0.015858 + 0.0im
     | block_size = 200 
[TDSE] Runing TDSE-SH-linear (length gauge, dipole form). step 24600 energy = -0.48422148735446247, norm_value = 1.0 + 0.0im, bound_norm=0.984129, free_norm=0.015871 + 0.0im
     | block_size = 200 
[TDSE] Runing TDSE-SH-linear (length gauge, dipole form). step 24800 energy = -0.48422697877303383, norm_value = 1.0 + 0.0im, bound_norm=0.984126, free_norm=0.015874 + 0.0im
     | block_size = 200 
[TDSE] Runing TDSE-SH-linear (length gauge, dipole form). step 25000 energy = -0.4842316667237795, norm_value = 1.0 + 0.0im, bound_norm=0.984126, free_norm=0.015874 + 0.0im
     | block_size = 200 
[TDSE] Runing TDSE-SH-linear (length gauge, dipole form). step 25200 energy = -0.484231504045674, norm_value = 1.0 + 0.0im, bound_norm=0.984128, free_norm=0.015872 + 0.0im
     | block_size = 200 
[TDSE] Runing TDSE-SH-linear (length gauge, dipole form). step 25400 energy = -0.4842310959238892, norm_value = 1.0 + 0.0im, bound_norm=0.984128, free_norm=0.015872 + 0.0im
     | block_size = 200 
[TDSE] Runing TDSE-SH-linear (length gauge, dipole form). step 25600 energy = -0.48423174378355205, norm_value = 1.0 + 0.0im, bound_norm=0.984128, free_norm=0.015872 + 0.0im
     | block_size = 200 
[TDSE] Runing TDSE-SH-linear (length gauge, dipole form). step 25800 energy = -0.4842319617071636, norm_value = 1.0 + 0.0im, bound_norm=0.984128, free_norm=0.015872 + 0.0im
     | block_size = 200 
[TDSE] Runing TDSE-SH-linear (length gauge, dipole form). step 26000 energy = -0.484233064149284, norm_value = 1.0 + 0.0im, bound_norm=0.984129, free_norm=0.015871 + 0.0im
     | block_size = 200 
[TDSE] Runing TDSE-SH-linear (length gauge, dipole form). step 26200 energy = -0.4842336405486851, norm_value = 1.0 + 0.0im, bound_norm=0.984128, free_norm=0.015872 + 0.0im
     | block_size = 200 
[TDSE] Runing TDSE-SH-linear (length gauge, dipole form). step 26400 energy = -0.48423351571190815, norm_value = 1.0 + 0.0im, bound_norm=0.984128, free_norm=0.015872 + 0.0im
     | block_size = 200 
Sample 2026_5_15_hg_massive_0.06_0.0_0.0285_6.0_short_range does not exist. Exceute a new sample.
[ITP]: 10000.496424741636
[ITP]: 3.468948764850932e-6
[ITP]: 2.0119768988635656e-6
[ITP]: 1.2363970314233086e-6
[ITP]: 7.802127368616851e-7
[ITP]: 5.004886823867238e-7
[ITP]: 3.247063635747338e-7
[ITP]: 2.1241854042397534e-7
[ITP]: 1.3984492786001113e-7
[ITP]: 9.25260389417204e-8
[ITP]: 6.146357944825098e-8
[ITP]: 4.0962812142275595e-8
[ITP]: 2.737382170936442e-8
[ITP]: 1.8334269435982264e-8
[ITP]: 1.2303307206362746e-8
[ITP]: 8.269649631742482e-9
[ITP]: 5.566198502116038e-9
[ITP]: 3.7510526906814334e-9
[ITP]: 2.530471499007092e-9
[ITP]: 1.7086173587088638e-9
[ITP]: 1.154605577813328e-9
[ITP]: 7.807770541212733e-10
[ITP]: 5.283077308959605e-10
[ITP]: 3.576713369923823e-10
[ITP]: 2.422650968725293e-10
[ITP]: 1.6416579207145787e-10
[ITP]: 1.1128536980820058e-10
[ITP]: 7.546496760824084e-11
[ITP]: 5.119060730862657e-11
[ITP]: 3.4733049769641866e-11
[ITP]: 2.3571977703085167e-11
[ITP]: 1.6002199565434694e-11
[ITP]: 1.086369882941085e-11
[ITP]: 7.378653243961253e-12
[ITP]: 5.010714065889488e-12
[ITP]: 3.4039993046519612e-12
[ITP]: 2.313038649504051e-12
[ITP]: 1.570410468332284e-12
[ITP]: 1.0681455719918631e-12
[ITP]: 7.265299473147024e-13
[ITP]: 4.919398222114069e-13
[ITP]: 3.346212196220222e-13
[ITP]: 2.2842838731662596e-13
[ITP]: 1.5498713423767185e-13
[ITP]: 1.0536016503692736e-13
[ITP]: 7.188694084447889e-14
[ITP]: 4.801714581503802e-14
[ITP]: 3.347322419244847e-14
[ITP]: 2.3148150063434514e-14
[ITP]: 1.4432899320127035e-14
[ITP]: 1.1102230246251565e-14
[ITP]: 7.16093850883226e-15
[ITP]: 4.440892098500626e-15
[ITP]: 2.6645352591003757e-15
[ITP]: 2.831068712794149e-15
[ITP]: 1.4988010832439613e-15
[ITP]: 6.661338147750939e-16
[ITP]: 7.771561172376096e-16
[ITP]: 5.551115123125783e-16
[ITP]: 2.220446049250313e-16
[ITP]: 4.440892098500626e-16
[ITP]: 6.106226635438361e-16
[ITP]: 7.216449660063518e-16
[ITP]: 4.440892098500626e-16
[ITP]: 4.440892098500626e-16
[ITP]: 3.3306690738754696e-16
[ITP]: 1.1102230246251565e-15
[ITP]: 1.1102230246251565e-16
[ITP]: 7.216449660063518e-16
[ITP]: 1.1102230246251565e-16
[ITP]: 8.326672684688674e-16
[ITP]: 7.216449660063518e-16
[ITP]: 2.7755575615628914e-16
[ITP]: 4.996003610813204e-16
[ITP]: 4.440892098500626e-16
[ITP]: 4.440892098500626e-16
[ITP]: 1.6653345369377348e-16
[ITP]: 4.996003610813204e-16
[ITP]: 1.1657341758564144e-15
[ITP]: 1.1102230246251565e-16
[ITP]: 0.0
[TDSE] Runing TDSE-SH-linear (length gauge, dipole form). step 0 energy = -0.4964336949924361, norm_value = 1.0 + 0.0im, bound_norm=1.0, free_norm=0.0 + 0.0im
     | block_size = 3 
[TDSE] Runing TDSE-SH-linear (length gauge, dipole form). step 200 energy = -0.49643369261493653, norm_value = 1.0 + 0.0im, bound_norm=1.0, free_norm=0.0 + 0.0im
     | block_size = 3 
[TDSE] Runing TDSE-SH-linear (length gauge, dipole form). step 400 energy = -0.4964336656081291, norm_value = 1.0 + 0.0im, bound_norm=1.0, free_norm=0.0 + 0.0im
     | block_size = 4 
[TDSE] Runing TDSE-SH-linear (length gauge, dipole form). step 600 energy = -0.4964336021690382, norm_value = 1.0 + 0.0im, bound_norm=1.0, free_norm=0.0 + 0.0im
     | block_size = 4 
[TDSE] Runing TDSE-SH-linear (length gauge, dipole form). step 800 energy = -0.4964335786089927, norm_value = 1.0 + 0.0im, bound_norm=1.0, free_norm=0.0 + 0.0im
     | block_size = 4 
[TDSE] Runing TDSE-SH-linear (length gauge, dipole form). step 1000 energy = -0.4964336498105146, norm_value = 1.0 + 0.0im, bound_norm=1.0, free_norm=0.0 + 0.0im
     | block_size = 4 
[TDSE] Runing TDSE-SH-linear (length gauge, dipole form). step 1200 energy = -0.4964336215005443, norm_value = 1.0 + 0.0im, bound_norm=1.0, free_norm=0.0 + 0.0im
     | block_size = 4 
[TDSE] Runing TDSE-SH-linear (length gauge, dipole form). step 1400 energy = -0.4964326706157999, norm_value = 1.0 + 0.0im, bound_norm=1.0, free_norm=0.0 + 0.0im
     | block_size = 4 
[TDSE] Runing TDSE-SH-linear (length gauge, dipole form). step 1600 energy = -0.49642940727583923, norm_value = 1.0 + 0.0im, bound_norm=0.999999, free_norm=1.0e-6 + 0.0im
     | block_size = 5 
[TDSE] Runing TDSE-SH-linear (length gauge, dipole form). step 1800 energy = -0.49642230842264257, norm_value = 1.0 + 0.0im, bound_norm=0.999996, free_norm=4.0e-6 + 0.0im
     | block_size = 6 
[TDSE] Runing TDSE-SH-linear (length gauge, dipole form). step 2000 energy = -0.49641128194936074, norm_value = 1.0 + 0.0im, bound_norm=0.999993, free_norm=7.0e-6 + 0.0im
     | block_size = 8 
[TDSE] Runing TDSE-SH-linear (length gauge, dipole form). step 2200 energy = -0.4963980966621856, norm_value = 1.0 + 0.0im, bound_norm=0.999989, free_norm=1.1e-5 + 0.0im
     | block_size = 11 
[TDSE] Runing TDSE-SH-linear (length gauge, dipole form). step 2400 energy = -0.4963873908824641, norm_value = 1.0 + 0.0im, bound_norm=0.999986, free_norm=1.4e-5 + 0.0im
     | block_size = 14 
[TDSE] Runing TDSE-SH-linear (length gauge, dipole form). step 2600 energy = -0.49638479499083293, norm_value = 1.0 + 0.0im, bound_norm=0.999985, free_norm=1.5e-5 + 0.0im
     | block_size = 17 
[TDSE] Runing TDSE-SH-linear (length gauge, dipole form). step 2800 energy = -0.4963935869572679, norm_value = 1.0 + 0.0im, bound_norm=0.999988, free_norm=1.2e-5 + 0.0im
     | block_size = 21 
[TDSE] Runing TDSE-SH-linear (length gauge, dipole form). step 3000 energy = -0.49641192581259014, norm_value = 1.0 + 0.0im, bound_norm=0.999993, free_norm=7.0e-6 + 0.0im
     | block_size = 24 
[TDSE] Runing TDSE-SH-linear (length gauge, dipole form). step 3200 energy = -0.49642946185659637, norm_value = 1.0 + 0.0im, bound_norm=0.999999, free_norm=1.0e-6 + 0.0im
     | block_size = 26 
[TDSE] Runing TDSE-SH-linear (length gauge, dipole form). step 3400 energy = -0.49642956420640866, norm_value = 1.0 + 0.0im, bound_norm=0.999999, free_norm=1.0e-6 + 0.0im
     | block_size = 26 
[TDSE] Runing TDSE-SH-linear (length gauge, dipole form). step 3600 energy = -0.4963940665129663, norm_value = 1.0 + 0.0im, bound_norm=0.999988, free_norm=1.2e-5 + 0.0im
     | block_size = 23 
[TDSE] Runing TDSE-SH-linear (length gauge, dipole form). step 3800 energy = -0.4963122315559535, norm_value = 1.0 + 0.0im, bound_norm=0.999963, free_norm=3.7e-5 + 0.0im
     | block_size = 17 
[TDSE] Runing TDSE-SH-linear (length gauge, dipole form). step 4000 energy = -0.4961881710618223, norm_value = 1.0 + 0.0im, bound_norm=0.999925, free_norm=7.5e-5 + 0.0im
     | block_size = 11 
[TDSE] Runing TDSE-SH-linear (length gauge, dipole form). step 4200 energy = -0.49604698487547444, norm_value = 1.0 + 0.0im, bound_norm=0.999883, free_norm=0.000117 + 0.0im
     | block_size = 17 
[TDSE] Runing TDSE-SH-linear (length gauge, dipole form). step 4400 energy = -0.4959303884478269, norm_value = 1.0 + 0.0im, bound_norm=0.999848, free_norm=0.000152 + 0.0im
     | block_size = 27 
[TDSE] Runing TDSE-SH-linear (length gauge, dipole form). step 4600 energy = -0.49588361784467583, norm_value = 1.0 + 0.0im, bound_norm=0.999835, free_norm=0.000165 + 0.0im
     | block_size = 37 
[TDSE] Runing TDSE-SH-linear (length gauge, dipole form). step 4800 energy = -0.49593638522321487, norm_value = 1.0 + 0.0im, bound_norm=0.99985, free_norm=0.00015 + 0.0im
     | block_size = 47 
[TDSE] Runing TDSE-SH-linear (length gauge, dipole form). step 5000 energy = -0.496080215453915, norm_value = 1.0 + 0.0im, bound_norm=0.999893, free_norm=0.000107 + 0.0im
     | block_size = 57 
[TDSE] Runing TDSE-SH-linear (length gauge, dipole form). step 5200 energy = -0.49626359406625964, norm_value = 1.0 + 0.0im, bound_norm=0.999948, free_norm=5.2e-5 + 0.0im
     | block_size = 66 
[TDSE] Runing TDSE-SH-linear (length gauge, dipole form). step 5400 energy = -0.49640334311367323, norm_value = 1.0 + 0.0im, bound_norm=0.999991, free_norm=9.0e-6 + 0.0im
     | block_size = 71 
[TDSE] Runing TDSE-SH-linear (length gauge, dipole form). step 5600 energy = -0.4964101894288048, norm_value = 1.0 + 0.0im, bound_norm=0.999994, free_norm=6.0e-6 + 0.0im
     | block_size = 72 
[TDSE] Runing TDSE-SH-linear (length gauge, dipole form). step 5800 energy = -0.4962198682757928, norm_value = 1.0 + 0.0im, bound_norm=0.999935, free_norm=6.5e-5 + 0.0im
     | block_size = 66 
[TDSE] Runing TDSE-SH-linear (length gauge, dipole form). step 6000 energy = -0.4958195697416906, norm_value = 1.0 + 0.0im, bound_norm=0.999816, free_norm=0.000184 + 0.0im
     | block_size = 59 
[TDSE] Runing TDSE-SH-linear (length gauge, dipole form). step 6200 energy = -0.49526814226545524, norm_value = 1.0 + 0.0im, bound_norm=0.999659, free_norm=0.000341 + 0.0im
     | block_size = 57 
[TDSE] Runing TDSE-SH-linear (length gauge, dipole form). step 6400 energy = -0.49469948048127177, norm_value = 1.0 + 0.0im, bound_norm=0.999508, free_norm=0.000492 + 0.0im
     | block_size = 59 
[TDSE] Runing TDSE-SH-linear (length gauge, dipole form). step 6600 energy = -0.4943006155645918, norm_value = 1.0 + 0.0im, bound_norm=0.999409, free_norm=0.000591 + 0.0im
     | block_size = 64 
[TDSE] Runing TDSE-SH-linear (length gauge, dipole form). step 6800 energy = -0.494243821864542, norm_value = 1.0 + 0.0im, bound_norm=0.999395, free_norm=0.000605 + 0.0im
     | block_size = 74 
[TDSE] Runing TDSE-SH-linear (length gauge, dipole form). step 7000 energy = -0.4945886222342249, norm_value = 1.0 + 0.0im, bound_norm=0.999477, free_norm=0.000523 + 0.0im
     | block_size = 84 
[TDSE] Runing TDSE-SH-linear (length gauge, dipole form). step 7200 energy = -0.4952152677574903, norm_value = 1.0 + 0.0im, bound_norm=0.999644, free_norm=0.000356 + 0.0im
     | block_size = 94 
[TDSE] Runing TDSE-SH-linear (length gauge, dipole form). step 7400 energy = -0.4958818209213571, norm_value = 1.0 + 0.0im, bound_norm=0.999835, free_norm=0.000165 + 0.0im
     | block_size = 104 
[TDSE] Runing TDSE-SH-linear (length gauge, dipole form). step 7600 energy = -0.4963369842229704, norm_value = 1.0 + 0.0im, bound_norm=0.999971, free_norm=2.9e-5 + 0.0im
     | block_size = 113 
[TDSE] Runing TDSE-SH-linear (length gauge, dipole form). step 7800 energy = -0.4963718890563339, norm_value = 1.0 + 0.0im, bound_norm=0.999983, free_norm=1.7e-5 + 0.0im
     | block_size = 114 
[TDSE] Runing TDSE-SH-linear (length gauge, dipole form). step 8000 energy = -0.49586953213129215, norm_value = 1.0 + 0.0im, bound_norm=0.999831, free_norm=0.000169 + 0.0im
     | block_size = 110 
[TDSE] Runing TDSE-SH-linear (length gauge, dipole form). step 8200 energy = -0.4948382745073599, norm_value = 1.0 + 0.0im, bound_norm=0.999541, free_norm=0.000459 + 0.0im
     | block_size = 117 
[TDSE] Runing TDSE-SH-linear (length gauge, dipole form). step 8400 energy = -0.49342780750710524, norm_value = 1.0 + 0.0im, bound_norm=0.999198, free_norm=0.000802 + 0.0im
     | block_size = 127 
[TDSE] Runing TDSE-SH-linear (length gauge, dipole form). step 8600 energy = -0.49195975320648444, norm_value = 1.0 + 0.0im, bound_norm=0.998911, free_norm=0.001089 + 0.0im
     | block_size = 137 
[TDSE] Runing TDSE-SH-linear (length gauge, dipole form). step 8800 energy = -0.4909188356405423, norm_value = 1.0 + 0.0im, bound_norm=0.998747, free_norm=0.001253 + 0.0im
     | block_size = 146 
[TDSE] Runing TDSE-SH-linear (length gauge, dipole form). step 9000 energy = -0.4907982989436575, norm_value = 1.0 + 0.0im, bound_norm=0.998662, free_norm=0.001338 + 0.0im
     | block_size = 156 
[TDSE] Runing TDSE-SH-linear (length gauge, dipole form). step 9200 energy = -0.49177181261862324, norm_value = 1.0 + 0.0im, bound_norm=0.998643, free_norm=0.001357 + 0.0im
     | block_size = 166 
[TDSE] Runing TDSE-SH-linear (length gauge, dipole form). step 9400 energy = -0.4933589487090746, norm_value = 1.0 + 0.0im, bound_norm=0.998792, free_norm=0.001208 + 0.0im
     | block_size = 176 
[TDSE] Runing TDSE-SH-linear (length gauge, dipole form). step 9600 energy = -0.49473208657520884, norm_value = 1.0 + 0.0im, bound_norm=0.999198, free_norm=0.000802 + 0.0im
     | block_size = 186 
[TDSE] Runing TDSE-SH-linear (length gauge, dipole form). step 9800 energy = -0.49553823067439545, norm_value = 1.0 + 0.0im, bound_norm=0.999471, free_norm=0.000529 + 0.0im
     | block_size = 196 
[TDSE] Runing TDSE-SH-linear (length gauge, dipole form). step 10000 energy = -0.4956234242398442, norm_value = 1.0 + 0.0im, bound_norm=0.999494, free_norm=0.000506 + 0.0im
     | block_size = 198 
[TDSE] Runing TDSE-SH-linear (length gauge, dipole form). step 10200 energy = -0.4948378548898172, norm_value = 1.0 + 0.0im, bound_norm=0.999241, free_norm=0.000759 + 0.0im
     | block_size = 200 
[TDSE] Runing TDSE-SH-linear (length gauge, dipole form). step 10400 energy = -0.4932115496722133, norm_value = 1.0 + 0.0im, bound_norm=0.99879, free_norm=0.00121 + 0.0im
     | block_size = 200 
[TDSE] Runing TDSE-SH-linear (length gauge, dipole form). step 10600 energy = -0.49079198903992277, norm_value = 1.0 + 0.0im, bound_norm=0.998248, free_norm=0.001752 + 0.0im
     | block_size = 200 
[TDSE] Runing TDSE-SH-linear (length gauge, dipole form). step 10800 energy = -0.4879681737044556, norm_value = 1.0 + 0.0im, bound_norm=0.997757, free_norm=0.002243 + 0.0im
     | block_size = 200 
[TDSE] Runing TDSE-SH-linear (length gauge, dipole form). step 11000 energy = -0.4853184258867005, norm_value = 1.0 + 0.0im, bound_norm=0.996883, free_norm=0.003117 + 0.0im
     | block_size = 200 
[TDSE] Runing TDSE-SH-linear (length gauge, dipole form). step 11200 energy = -0.4834392191758059, norm_value = 1.0 + 0.0im, bound_norm=0.995332, free_norm=0.004668 + 0.0im
     | block_size = 200 
[TDSE] Runing TDSE-SH-linear (length gauge, dipole form). step 11400 energy = -0.4827797224759295, norm_value = 1.0 + 0.0im, bound_norm=0.993797, free_norm=0.006203 + 0.0im
     | block_size = 200 
[TDSE] Runing TDSE-SH-linear (length gauge, dipole form). step 11600 energy = -0.4828578568670508, norm_value = 1.0 + 0.0im, bound_norm=0.992922, free_norm=0.007078 + 0.0im
     | block_size = 200 
[TDSE] Runing TDSE-SH-linear (length gauge, dipole form). step 11800 energy = -0.4824465890388717, norm_value = 1.0 + 0.0im, bound_norm=0.993013, free_norm=0.006987 + 0.0im
     | block_size = 200 
[TDSE] Runing TDSE-SH-linear (length gauge, dipole form). step 12000 energy = -0.48170231374521705, norm_value = 1.0 + 0.0im, bound_norm=0.993491, free_norm=0.006509 + 0.0im
     | block_size = 200 
[TDSE] Runing TDSE-SH-linear (length gauge, dipole form). step 12200 energy = -0.4816164819639474, norm_value = 1.0 + 0.0im, bound_norm=0.993487, free_norm=0.006513 + 0.0im
     | block_size = 200 
[TDSE] Runing TDSE-SH-linear (length gauge, dipole form). step 12400 energy = -0.4821947204035993, norm_value = 1.0 + 0.0im, bound_norm=0.993171, free_norm=0.006829 + 0.0im
     | block_size = 200 
[TDSE] Runing TDSE-SH-linear (length gauge, dipole form). step 12600 energy = -0.48280803153048907, norm_value = 1.0 + 0.0im, bound_norm=0.992599, free_norm=0.007401 + 0.0im
     | block_size = 200 
[TDSE] Runing TDSE-SH-linear (length gauge, dipole form). step 12800 energy = -0.4826078112130749, norm_value = 1.0 + 0.0im, bound_norm=0.991999, free_norm=0.008001 + 0.0im
     | block_size = 200 
[TDSE] Runing TDSE-SH-linear (length gauge, dipole form). step 13000 energy = -0.4809104389465185, norm_value = 1.0 + 0.0im, bound_norm=0.991197, free_norm=0.008803 + 0.0im
     | block_size = 200 
[TDSE] Runing TDSE-SH-linear (length gauge, dipole form). step 13200 energy = -0.47718299615650045, norm_value = 1.0 + 0.0im, bound_norm=0.989176, free_norm=0.010824 + 0.0im
     | block_size = 200 
[TDSE] Runing TDSE-SH-linear (length gauge, dipole form). step 13400 energy = -0.4714699047948447, norm_value = 1.0 + 0.0im, bound_norm=0.985863, free_norm=0.014137 + 0.0im
     | block_size = 200 
[TDSE] Runing TDSE-SH-linear (length gauge, dipole form). step 13600 energy = -0.4644848914234732, norm_value = 1.0 + 0.0im, bound_norm=0.98293, free_norm=0.01707 + 0.0im
     | block_size = 200 
[TDSE] Runing TDSE-SH-linear (length gauge, dipole form). step 13800 energy = -0.4570147745292898, norm_value = 1.0 + 0.0im, bound_norm=0.981291, free_norm=0.018709 + 0.0im
     | block_size = 200 
[TDSE] Runing TDSE-SH-linear (length gauge, dipole form). step 14000 energy = -0.4494387057019132, norm_value = 1.0 + 0.0im, bound_norm=0.981089, free_norm=0.018911 + 0.0im
     | block_size = 200 
[TDSE] Runing TDSE-SH-linear (length gauge, dipole form). step 14200 energy = -0.44394365207647635, norm_value = 1.0 + 0.0im, bound_norm=0.981605, free_norm=0.018395 + 0.0im
     | block_size = 200 
[TDSE] Runing TDSE-SH-linear (length gauge, dipole form). step 14400 energy = -0.44319154387554144, norm_value = 1.0 + 0.0im, bound_norm=0.981598, free_norm=0.018402 + 0.0im
     | block_size = 200 
[TDSE] Runing TDSE-SH-linear (length gauge, dipole form). step 14600 energy = -0.44738091491794185, norm_value = 1.0 + 0.0im, bound_norm=0.981305, free_norm=0.018695 + 0.0im
     | block_size = 200 
[TDSE] Runing TDSE-SH-linear (length gauge, dipole form). step 14800 energy = -0.45477856439226655, norm_value = 1.0 + 0.0im, bound_norm=0.980751, free_norm=0.019249 + 0.0im
     | block_size = 200 
[TDSE] Runing TDSE-SH-linear (length gauge, dipole form). step 15000 energy = -0.4627501847987418, norm_value = 1.0 + 0.0im, bound_norm=0.980206, free_norm=0.019794 + 0.0im
     | block_size = 200 
[TDSE] Runing TDSE-SH-linear (length gauge, dipole form). step 15200 energy = -0.4685952699337418, norm_value = 1.0 + 0.0im, bound_norm=0.979692, free_norm=0.020308 + 0.0im
     | block_size = 200 
[TDSE] Runing TDSE-SH-linear (length gauge, dipole form). step 15400 energy = -0.47042823443915355, norm_value = 1.0 + 0.0im, bound_norm=0.978717, free_norm=0.021283 + 0.0im
     | block_size = 200 
[TDSE] Runing TDSE-SH-linear (length gauge, dipole form). step 15600 energy = -0.46780057657998886, norm_value = 1.0 + 0.0im, bound_norm=0.976941, free_norm=0.023059 + 0.0im
     | block_size = 200 
[TDSE] Runing TDSE-SH-linear (length gauge, dipole form). step 15800 energy = -0.4614190013847553, norm_value = 1.0 + 0.0im, bound_norm=0.975691, free_norm=0.024309 + 0.0im
     | block_size = 200 
[TDSE] Runing TDSE-SH-linear (length gauge, dipole form). step 16000 energy = -0.45299937988459266, norm_value = 1.0 + 0.0im, bound_norm=0.975105, free_norm=0.024895 + 0.0im
     | block_size = 200 
[TDSE] Runing TDSE-SH-linear (length gauge, dipole form). step 16200 energy = -0.444104608725117, norm_value = 1.0 + 0.0im, bound_norm=0.975357, free_norm=0.024643 + 0.0im
     | block_size = 200 
[TDSE] Runing TDSE-SH-linear (length gauge, dipole form). step 16400 energy = -0.4380433784185366, norm_value = 1.0 + 0.0im, bound_norm=0.975735, free_norm=0.024265 + 0.0im
     | block_size = 200 
[TDSE] Runing TDSE-SH-linear (length gauge, dipole form). step 16600 energy = -0.43712388619380227, norm_value = 1.0 + 0.0im, bound_norm=0.975755, free_norm=0.024245 + 0.0im
     | block_size = 200 
[TDSE] Runing TDSE-SH-linear (length gauge, dipole form). step 16800 energy = -0.4414332331470658, norm_value = 1.0 + 0.0im, bound_norm=0.975546, free_norm=0.024454 + 0.0im
     | block_size = 200 
[TDSE] Runing TDSE-SH-linear (length gauge, dipole form). step 17000 energy = -0.4494768192908673, norm_value = 1.0 + 0.0im, bound_norm=0.975234, free_norm=0.024766 + 0.0im
     | block_size = 200 
[TDSE] Runing TDSE-SH-linear (length gauge, dipole form). step 17200 energy = -0.45856076859531286, norm_value = 1.0 + 0.0im, bound_norm=0.97481, free_norm=0.02519 + 0.0im
     | block_size = 200 
[TDSE] Runing TDSE-SH-linear (length gauge, dipole form). step 17400 energy = -0.4662399716290515, norm_value = 1.0 + 0.0im, bound_norm=0.974613, free_norm=0.025387 + 0.0im
     | block_size = 200 
[TDSE] Runing TDSE-SH-linear (length gauge, dipole form). step 17600 energy = -0.4710209994598837, norm_value = 1.0 + 0.0im, bound_norm=0.974741, free_norm=0.025259 + 0.0im
     | block_size = 200 
[TDSE] Runing TDSE-SH-linear (length gauge, dipole form). step 17800 energy = -0.4718506931073272, norm_value = 1.0 + 0.0im, bound_norm=0.974865, free_norm=0.025135 + 0.0im
     | block_size = 200 
[TDSE] Runing TDSE-SH-linear (length gauge, dipole form). step 18000 energy = -0.4693698777843314, norm_value = 1.0 + 0.0im, bound_norm=0.974584, free_norm=0.025416 + 0.0im
     | block_size = 200 
[TDSE] Runing TDSE-SH-linear (length gauge, dipole form). step 18200 energy = -0.4645810358895873, norm_value = 1.0 + 0.0im, bound_norm=0.974784, free_norm=0.025216 + 0.0im
     | block_size = 200 
[TDSE] Runing TDSE-SH-linear (length gauge, dipole form). step 18400 energy = -0.45963585177905075, norm_value = 1.0 + 0.0im, bound_norm=0.975092, free_norm=0.024908 + 0.0im
     | block_size = 200 
[TDSE] Runing TDSE-SH-linear (length gauge, dipole form). step 18600 energy = -0.45644032276006336, norm_value = 1.0 + 0.0im, bound_norm=0.975269, free_norm=0.024731 + 0.0im
     | block_size = 200 
[TDSE] Runing TDSE-SH-linear (length gauge, dipole form). step 18800 energy = -0.45586983560360006, norm_value = 1.0 + 0.0im, bound_norm=0.975302, free_norm=0.024698 + 0.0im
     | block_size = 200 
[TDSE] Runing TDSE-SH-linear (length gauge, dipole form). step 19000 energy = -0.45803258569891625, norm_value = 1.0 + 0.0im, bound_norm=0.975196, free_norm=0.024804 + 0.0im
     | block_size = 200 
[TDSE] Runing TDSE-SH-linear (length gauge, dipole form). step 19200 energy = -0.46218800342180666, norm_value = 1.0 + 0.0im, bound_norm=0.975015, free_norm=0.024985 + 0.0im
     | block_size = 200 
[TDSE] Runing TDSE-SH-linear (length gauge, dipole form). step 19400 energy = -0.4670086148057527, norm_value = 1.0 + 0.0im, bound_norm=0.974838, free_norm=0.025162 + 0.0im
     | block_size = 200 
[TDSE] Runing TDSE-SH-linear (length gauge, dipole form). step 19600 energy = -0.47120716358991416, norm_value = 1.0 + 0.0im, bound_norm=0.974916, free_norm=0.025084 + 0.0im
     | block_size = 200 
[TDSE] Runing TDSE-SH-linear (length gauge, dipole form). step 19800 energy = -0.47413996553866494, norm_value = 1.0 + 0.0im, bound_norm=0.974944, free_norm=0.025056 + 0.0im
     | block_size = 200 
[TDSE] Runing TDSE-SH-linear (length gauge, dipole form). step 20000 energy = -0.4747767892554517, norm_value = 1.0 + 0.0im, bound_norm=0.975035, free_norm=0.024965 + 0.0im
     | block_size = 200 
[TDSE] Runing TDSE-SH-linear (length gauge, dipole form). step 20200 energy = -0.47418359477540584, norm_value = 1.0 + 0.0im, bound_norm=0.975182, free_norm=0.024818 + 0.0im
     | block_size = 200 
[TDSE] Runing TDSE-SH-linear (length gauge, dipole form). step 20400 energy = -0.47228592976264855, norm_value = 1.0 + 0.0im, bound_norm=0.975085, free_norm=0.024915 + 0.0im
     | block_size = 200 
[TDSE] Runing TDSE-SH-linear (length gauge, dipole form). step 20600 energy = -0.47061187658184994, norm_value = 1.0 + 0.0im, bound_norm=0.975199, free_norm=0.024801 + 0.0im
     | block_size = 200 
[TDSE] Runing TDSE-SH-linear (length gauge, dipole form). step 20800 energy = -0.46937245133540445, norm_value = 1.0 + 0.0im, bound_norm=0.97529, free_norm=0.02471 + 0.0im
     | block_size = 200 
[TDSE] Runing TDSE-SH-linear (length gauge, dipole form). step 21000 energy = -0.46916405986263815, norm_value = 1.0 + 0.0im, bound_norm=0.975313, free_norm=0.024687 + 0.0im
     | block_size = 200 
[TDSE] Runing TDSE-SH-linear (length gauge, dipole form). step 21200 energy = -0.4698788052825211, norm_value = 1.0 + 0.0im, bound_norm=0.97528, free_norm=0.02472 + 0.0im
     | block_size = 200 
[TDSE] Runing TDSE-SH-linear (length gauge, dipole form). step 21400 energy = -0.4713934539402327, norm_value = 1.0 + 0.0im, bound_norm=0.975241, free_norm=0.024759 + 0.0im
     | block_size = 200 
[TDSE] Runing TDSE-SH-linear (length gauge, dipole form). step 21600 energy = -0.4729781119100735, norm_value = 1.0 + 0.0im, bound_norm=0.975161, free_norm=0.024839 + 0.0im
     | block_size = 200 
[TDSE] Runing TDSE-SH-linear (length gauge, dipole form). step 21800 energy = -0.4745501416270937, norm_value = 1.0 + 0.0im, bound_norm=0.975201, free_norm=0.024799 + 0.0im
     | block_size = 200 
[TDSE] Runing TDSE-SH-linear (length gauge, dipole form). step 22000 energy = -0.47566584736070655, norm_value = 1.0 + 0.0im, bound_norm=0.975308, free_norm=0.024692 + 0.0im
     | block_size = 200 
[TDSE] Runing TDSE-SH-linear (length gauge, dipole form). step 22200 energy = -0.47622623697398775, norm_value = 1.0 + 0.0im, bound_norm=0.975235, free_norm=0.024765 + 0.0im
     | block_size = 200 
[TDSE] Runing TDSE-SH-linear (length gauge, dipole form). step 22400 energy = -0.4763552592642409, norm_value = 1.0 + 0.0im, bound_norm=0.975321, free_norm=0.024679 + 0.0im
     | block_size = 200 
[TDSE] Runing TDSE-SH-linear (length gauge, dipole form). step 22600 energy = -0.4761813803570924, norm_value = 1.0 + 0.0im, bound_norm=0.975377, free_norm=0.024623 + 0.0im
     | block_size = 200 
[TDSE] Runing TDSE-SH-linear (length gauge, dipole form). step 22800 energy = -0.4759807678032511, norm_value = 1.0 + 0.0im, bound_norm=0.975367, free_norm=0.024633 + 0.0im
     | block_size = 200 
[TDSE] Runing TDSE-SH-linear (length gauge, dipole form). step 23000 energy = -0.47579880368797056, norm_value = 1.0 + 0.0im, bound_norm=0.975349, free_norm=0.024651 + 0.0im
     | block_size = 200 
[TDSE] Runing TDSE-SH-linear (length gauge, dipole form). step 23200 energy = -0.47576386341012833, norm_value = 1.0 + 0.0im, bound_norm=0.975344, free_norm=0.024656 + 0.0im
     | block_size = 200 
[TDSE] Runing TDSE-SH-linear (length gauge, dipole form). step 23400 energy = -0.4758552044529289, norm_value = 1.0 + 0.0im, bound_norm=0.975352, free_norm=0.024648 + 0.0im
     | block_size = 200 
[TDSE] Runing TDSE-SH-linear (length gauge, dipole form). step 23600 energy = -0.4760397530428591, norm_value = 1.0 + 0.0im, bound_norm=0.975365, free_norm=0.024635 + 0.0im
     | block_size = 200 
[TDSE] Runing TDSE-SH-linear (length gauge, dipole form). step 23800 energy = -0.4762297167679124, norm_value = 1.0 + 0.0im, bound_norm=0.975381, free_norm=0.024619 + 0.0im
     | block_size = 200 
[TDSE] Runing TDSE-SH-linear (length gauge, dipole form). step 24000 energy = -0.4764033544633222, norm_value = 1.0 + 0.0im, bound_norm=0.975369, free_norm=0.024631 + 0.0im
     | block_size = 200 
[TDSE] Runing TDSE-SH-linear (length gauge, dipole form). step 24200 energy = -0.4765487282012766, norm_value = 1.0 + 0.0im, bound_norm=0.975347, free_norm=0.024653 + 0.0im
     | block_size = 200 
[TDSE] Runing TDSE-SH-linear (length gauge, dipole form). step 24400 energy = -0.47659895673403974, norm_value = 1.0 + 0.0im, bound_norm=0.975336, free_norm=0.024664 + 0.0im
     | block_size = 200 
[TDSE] Runing TDSE-SH-linear (length gauge, dipole form). step 24600 energy = -0.4766454044181302, norm_value = 1.0 + 0.0im, bound_norm=0.97534, free_norm=0.02466 + 0.0im
     | block_size = 200 
[TDSE] Runing TDSE-SH-linear (length gauge, dipole form). step 24800 energy = -0.476662235530619, norm_value = 1.0 + 0.0im, bound_norm=0.975342, free_norm=0.024658 + 0.0im
     | block_size = 200 
[TDSE] Runing TDSE-SH-linear (length gauge, dipole form). step 25000 energy = -0.47665893701375855, norm_value = 1.0 + 0.0im, bound_norm=0.975341, free_norm=0.024659 + 0.0im
     | block_size = 200 
[TDSE] Runing TDSE-SH-linear (length gauge, dipole form). step 25200 energy = -0.47666033388050577, norm_value = 1.0 + 0.0im, bound_norm=0.97534, free_norm=0.02466 + 0.0im
     | block_size = 200 
[TDSE] Runing TDSE-SH-linear (length gauge, dipole form). step 25400 energy = -0.4766589273318905, norm_value = 1.0 + 0.0im, bound_norm=0.975339, free_norm=0.024661 + 0.0im
     | block_size = 200 
[TDSE] Runing TDSE-SH-linear (length gauge, dipole form). step 25600 energy = -0.4766598929086696, norm_value = 1.0 + 0.0im, bound_norm=0.97534, free_norm=0.02466 + 0.0im
     | block_size = 200 
[TDSE] Runing TDSE-SH-linear (length gauge, dipole form). step 25800 energy = -0.4766608275370215, norm_value = 1.0 + 0.0im, bound_norm=0.975341, free_norm=0.024659 + 0.0im
     | block_size = 200 
[TDSE] Runing TDSE-SH-linear (length gauge, dipole form). step 26000 energy = -0.47666219256621617, norm_value = 1.0 + 0.0im, bound_norm=0.975341, free_norm=0.024659 + 0.0im
     | block_size = 200 
[TDSE] Runing TDSE-SH-linear (length gauge, dipole form). step 26200 energy = -0.47666174135787764, norm_value = 1.0 + 0.0im, bound_norm=0.975341, free_norm=0.024659 + 0.0im
     | block_size = 200 
[TDSE] Runing TDSE-SH-linear (length gauge, dipole form). step 26400 energy = -0.47666213168123495, norm_value = 1.0 + 0.0im, bound_norm=0.975341, free_norm=0.024659 + 0.0im
     | block_size = 200 
Sample 2026_5_15_hg_massive_0.0625_0.0_0.0285_6.0_short_range does not exist. Exceute a new sample.
[ITP]: 10000.496424741636
[ITP]: 3.468948764850932e-6
[ITP]: 2.0119768988635656e-6
[ITP]: 1.2363970314233086e-6
[ITP]: 7.802127368616851e-7
[ITP]: 5.004886823867238e-7
[ITP]: 3.247063635747338e-7
[ITP]: 2.1241854042397534e-7
[ITP]: 1.3984492786001113e-7
[ITP]: 9.25260389417204e-8
[ITP]: 6.146357944825098e-8
[ITP]: 4.0962812142275595e-8
[ITP]: 2.737382170936442e-8
[ITP]: 1.8334269435982264e-8
[ITP]: 1.2303307206362746e-8
[ITP]: 8.269649631742482e-9
[ITP]: 5.566198502116038e-9
[ITP]: 3.7510526906814334e-9
[ITP]: 2.530471499007092e-9
[ITP]: 1.7086173587088638e-9
[ITP]: 1.154605577813328e-9
[ITP]: 7.807770541212733e-10
[ITP]: 5.283077308959605e-10
[ITP]: 3.576713369923823e-10
[ITP]: 2.422650968725293e-10
[ITP]: 1.6416579207145787e-10
[ITP]: 1.1128536980820058e-10
[ITP]: 7.546496760824084e-11
[ITP]: 5.119060730862657e-11
[ITP]: 3.4733049769641866e-11
[ITP]: 2.3571977703085167e-11
[ITP]: 1.6002199565434694e-11
[ITP]: 1.086369882941085e-11
[ITP]: 7.378653243961253e-12
[ITP]: 5.010714065889488e-12
[ITP]: 3.4039993046519612e-12
[ITP]: 2.313038649504051e-12
[ITP]: 1.570410468332284e-12
[ITP]: 1.0681455719918631e-12
[ITP]: 7.265299473147024e-13
[ITP]: 4.919398222114069e-13
[ITP]: 3.346212196220222e-13
[ITP]: 2.2842838731662596e-13
[ITP]: 1.5498713423767185e-13
[ITP]: 1.0536016503692736e-13
[ITP]: 7.188694084447889e-14
[ITP]: 4.801714581503802e-14
[ITP]: 3.347322419244847e-14
[ITP]: 2.3148150063434514e-14
[ITP]: 1.4432899320127035e-14
[ITP]: 1.1102230246251565e-14
[ITP]: 7.16093850883226e-15
[ITP]: 4.440892098500626e-15
[ITP]: 2.6645352591003757e-15
[ITP]: 2.831068712794149e-15
[ITP]: 1.4988010832439613e-15
[ITP]: 6.661338147750939e-16
[ITP]: 7.771561172376096e-16
[ITP]: 5.551115123125783e-16
[ITP]: 2.220446049250313e-16
[ITP]: 4.440892098500626e-16
[ITP]: 6.106226635438361e-16
[ITP]: 7.216449660063518e-16
[ITP]: 4.440892098500626e-16
[ITP]: 4.440892098500626e-16
[ITP]: 3.3306690738754696e-16
[ITP]: 1.1102230246251565e-15
[ITP]: 1.1102230246251565e-16
[ITP]: 7.216449660063518e-16
[ITP]: 1.1102230246251565e-16
[ITP]: 8.326672684688674e-16
[ITP]: 7.216449660063518e-16
[ITP]: 2.7755575615628914e-16
[ITP]: 4.996003610813204e-16
[ITP]: 4.440892098500626e-16
[ITP]: 4.440892098500626e-16
[ITP]: 1.6653345369377348e-16
[ITP]: 4.996003610813204e-16
[ITP]: 1.1657341758564144e-15
[ITP]: 1.1102230246251565e-16
[ITP]: 0.0
[TDSE] Runing TDSE-SH-linear (length gauge, dipole form). step 0 energy = -0.4964336949924361, norm_value = 1.0 + 0.0im, bound_norm=1.0, free_norm=0.0 + 0.0im
     | block_size = 3 
[TDSE] Runing TDSE-SH-linear (length gauge, dipole form). step 200 energy = -0.4964336924126863, norm_value = 1.0 + 0.0im, bound_norm=1.0, free_norm=0.0 + 0.0im
     | block_size = 3 
[TDSE] Runing TDSE-SH-linear (length gauge, dipole form). step 400 energy = -0.4964336631084233, norm_value = 1.0 + 0.0im, bound_norm=1.0, free_norm=0.0 + 0.0im
     | block_size = 4 
[TDSE] Runing TDSE-SH-linear (length gauge, dipole form). step 600 energy = -0.4964335942725849, norm_value = 1.0 + 0.0im, bound_norm=1.0, free_norm=0.0 + 0.0im
     | block_size = 4 
[TDSE] Runing TDSE-SH-linear (length gauge, dipole form). step 800 energy = -0.4964335687082479, norm_value = 1.0 + 0.0im, bound_norm=1.0, free_norm=0.0 + 0.0im
     | block_size = 4 
[TDSE] Runing TDSE-SH-linear (length gauge, dipole form). step 1000 energy = -0.49643364596695866, norm_value = 1.0 + 0.0im, bound_norm=1.0, free_norm=0.0 + 0.0im
     | block_size = 4 
[TDSE] Runing TDSE-SH-linear (length gauge, dipole form). step 1200 energy = -0.4964336152486735, norm_value = 1.0 + 0.0im, bound_norm=1.0, free_norm=0.0 + 0.0im
     | block_size = 4 
[TDSE] Runing TDSE-SH-linear (length gauge, dipole form). step 1400 energy = -0.4964325834712848, norm_value = 1.0 + 0.0im, bound_norm=1.0, free_norm=0.0 + 0.0im
     | block_size = 4 
[TDSE] Runing TDSE-SH-linear (length gauge, dipole form). step 1600 energy = -0.496429042479412, norm_value = 1.0 + 0.0im, bound_norm=0.999999, free_norm=1.0e-6 + 0.0im
     | block_size = 5 
[TDSE] Runing TDSE-SH-linear (length gauge, dipole form). step 1800 energy = -0.49642133944429007, norm_value = 1.0 + 0.0im, bound_norm=0.999996, free_norm=4.0e-6 + 0.0im
     | block_size = 6 
[TDSE] Runing TDSE-SH-linear (length gauge, dipole form). step 2000 energy = -0.49640937382768674, norm_value = 1.0 + 0.0im, bound_norm=0.999992, free_norm=8.0e-6 + 0.0im
     | block_size = 8 
[TDSE] Runing TDSE-SH-linear (length gauge, dipole form). step 2200 energy = -0.4963950645725336, norm_value = 1.0 + 0.0im, bound_norm=0.999988, free_norm=1.2e-5 + 0.0im
     | block_size = 11 
[TDSE] Runing TDSE-SH-linear (length gauge, dipole form). step 2400 energy = -0.49638344542646595, norm_value = 1.0 + 0.0im, bound_norm=0.999985, free_norm=1.5e-5 + 0.0im
     | block_size = 14 
[TDSE] Runing TDSE-SH-linear (length gauge, dipole form). step 2600 energy = -0.4963806270555792, norm_value = 1.0 + 0.0im, bound_norm=0.999984, free_norm=1.6e-5 + 0.0im
     | block_size = 18 
[TDSE] Runing TDSE-SH-linear (length gauge, dipole form). step 2800 energy = -0.4963901712735236, norm_value = 1.0 + 0.0im, bound_norm=0.999987, free_norm=1.3e-5 + 0.0im
     | block_size = 22 
[TDSE] Runing TDSE-SH-linear (length gauge, dipole form). step 3000 energy = -0.49641007146333704, norm_value = 1.0 + 0.0im, bound_norm=0.999993, free_norm=7.0e-6 + 0.0im
     | block_size = 25 
[TDSE] Runing TDSE-SH-linear (length gauge, dipole form). step 3200 energy = -0.49642910195173945, norm_value = 1.0 + 0.0im, bound_norm=0.999999, free_norm=1.0e-6 + 0.0im
     | block_size = 27 
[TDSE] Runing TDSE-SH-linear (length gauge, dipole form). step 3400 energy = -0.4964292122350145, norm_value = 1.0 + 0.0im, bound_norm=0.999999, free_norm=1.0e-6 + 0.0im
     | block_size = 27 
[TDSE] Runing TDSE-SH-linear (length gauge, dipole form). step 3600 energy = -0.4963906940724125, norm_value = 1.0 + 0.0im, bound_norm=0.999987, free_norm=1.3e-5 + 0.0im
     | block_size = 24 
[TDSE] Runing TDSE-SH-linear (length gauge, dipole form). step 3800 energy = -0.4963018581261733, norm_value = 1.0 + 0.0im, bound_norm=0.99996, free_norm=4.0e-5 + 0.0im
     | block_size = 18 
[TDSE] Runing TDSE-SH-linear (length gauge, dipole form). step 4000 energy = -0.496167109929233, norm_value = 1.0 + 0.0im, bound_norm=0.999919, free_norm=8.1e-5 + 0.0im
     | block_size = 11 
[TDSE] Runing TDSE-SH-linear (length gauge, dipole form). step 4200 energy = -0.4960136374633584, norm_value = 1.0 + 0.0im, bound_norm=0.999873, free_norm=0.000127 + 0.0im
     | block_size = 18 
[TDSE] Runing TDSE-SH-linear (length gauge, dipole form). step 4400 energy = -0.495886771855431, norm_value = 1.0 + 0.0im, bound_norm=0.999835, free_norm=0.000165 + 0.0im
     | block_size = 28 
[TDSE] Runing TDSE-SH-linear (length gauge, dipole form). step 4600 energy = -0.4958358614041624, norm_value = 1.0 + 0.0im, bound_norm=0.999821, free_norm=0.000179 + 0.0im
     | block_size = 38 
[TDSE] Runing TDSE-SH-linear (length gauge, dipole form). step 4800 energy = -0.4958932817506704, norm_value = 1.0 + 0.0im, bound_norm=0.999838, free_norm=0.000162 + 0.0im
     | block_size = 48 
[TDSE] Runing TDSE-SH-linear (length gauge, dipole form). step 5000 energy = -0.496049765114473, norm_value = 1.0 + 0.0im, bound_norm=0.999884, free_norm=0.000116 + 0.0im
     | block_size = 58 
[TDSE] Runing TDSE-SH-linear (length gauge, dipole form). step 5200 energy = -0.4962490433908014, norm_value = 1.0 + 0.0im, bound_norm=0.999944, free_norm=5.6e-5 + 0.0im
     | block_size = 68 
[TDSE] Runing TDSE-SH-linear (length gauge, dipole form). step 5400 energy = -0.49640076289054147, norm_value = 1.0 + 0.0im, bound_norm=0.999991, free_norm=9.0e-6 + 0.0im
     | block_size = 73 
[TDSE] Runing TDSE-SH-linear (length gauge, dipole form). step 5600 energy = -0.4964081919433219, norm_value = 1.0 + 0.0im, bound_norm=0.999993, free_norm=7.0e-6 + 0.0im
     | block_size = 73 
[TDSE] Runing TDSE-SH-linear (length gauge, dipole form). step 5800 energy = -0.49620158282087695, norm_value = 1.0 + 0.0im, bound_norm=0.999929, free_norm=7.1e-5 + 0.0im
     | block_size = 67 
[TDSE] Runing TDSE-SH-linear (length gauge, dipole form). step 6000 energy = -0.4957662815931781, norm_value = 1.0 + 0.0im, bound_norm=0.9998, free_norm=0.0002 + 0.0im
     | block_size = 60 
[TDSE] Runing TDSE-SH-linear (length gauge, dipole form). step 6200 energy = -0.4951648216345772, norm_value = 1.0 + 0.0im, bound_norm=0.999631, free_norm=0.000369 + 0.0im
     | block_size = 59 
[TDSE] Runing TDSE-SH-linear (length gauge, dipole form). step 6400 energy = -0.49454181441611134, norm_value = 1.0 + 0.0im, bound_norm=0.999468, free_norm=0.000532 + 0.0im
     | block_size = 66 
[TDSE] Runing TDSE-SH-linear (length gauge, dipole form). step 6600 energy = -0.49410222685720495, norm_value = 1.0 + 0.0im, bound_norm=0.999362, free_norm=0.000638 + 0.0im
     | block_size = 74 
[TDSE] Runing TDSE-SH-linear (length gauge, dipole form). step 6800 energy = -0.4940383621875979, norm_value = 1.0 + 0.0im, bound_norm=0.999345, free_norm=0.000655 + 0.0im
     | block_size = 82 
[TDSE] Runing TDSE-SH-linear (length gauge, dipole form). step 7000 energy = -0.4944181489441731, norm_value = 1.0 + 0.0im, bound_norm=0.999432, free_norm=0.000568 + 0.0im
     | block_size = 92 
[TDSE] Runing TDSE-SH-linear (length gauge, dipole form). step 7200 energy = -0.49510660023441105, norm_value = 1.0 + 0.0im, bound_norm=0.999612, free_norm=0.000388 + 0.0im
     | block_size = 102 
[TDSE] Runing TDSE-SH-linear (length gauge, dipole form). step 7400 energy = -0.4958333411186902, norm_value = 1.0 + 0.0im, bound_norm=0.999821, free_norm=0.000179 + 0.0im
     | block_size = 112 
[TDSE] Runing TDSE-SH-linear (length gauge, dipole form). step 7600 energy = -0.4963277674298974, norm_value = 1.0 + 0.0im, bound_norm=0.999968, free_norm=3.2e-5 + 0.0im
     | block_size = 121 
[TDSE] Runing TDSE-SH-linear (length gauge, dipole form). step 7800 energy = -0.49636577866587284, norm_value = 1.0 + 0.0im, bound_norm=0.99998, free_norm=2.0e-5 + 0.0im
     | block_size = 122 
[TDSE] Runing TDSE-SH-linear (length gauge, dipole form). step 8000 energy = -0.49581971719048024, norm_value = 1.0 + 0.0im, bound_norm=0.999816, free_norm=0.000184 + 0.0im
     | block_size = 119 
[TDSE] Runing TDSE-SH-linear (length gauge, dipole form). step 8200 energy = -0.49469532599057764, norm_value = 1.0 + 0.0im, bound_norm=0.999503, free_norm=0.000497 + 0.0im
     | block_size = 128 
[TDSE] Runing TDSE-SH-linear (length gauge, dipole form). step 8400 energy = -0.49314180178818123, norm_value = 1.0 + 0.0im, bound_norm=0.999132, free_norm=0.000868 + 0.0im
     | block_size = 138 
[TDSE] Runing TDSE-SH-linear (length gauge, dipole form). step 8600 energy = -0.4914962966889009, norm_value = 1.0 + 0.0im, bound_norm=0.998827, free_norm=0.001173 + 0.0im
     | block_size = 148 
[TDSE] Runing TDSE-SH-linear (length gauge, dipole form). step 8800 energy = -0.4902827328464093, norm_value = 1.0 + 0.0im, bound_norm=0.998633, free_norm=0.001367 + 0.0im
     | block_size = 153 
[TDSE] Runing TDSE-SH-linear (length gauge, dipole form). step 9000 energy = -0.4900556861113854, norm_value = 1.0 + 0.0im, bound_norm=0.998478, free_norm=0.001522 + 0.0im
     | block_size = 163 
[TDSE] Runing TDSE-SH-linear (length gauge, dipole form). step 9200 energy = -0.49104454986817525, norm_value = 1.0 + 0.0im, bound_norm=0.99836, free_norm=0.00164 + 0.0im
     | block_size = 173 
[TDSE] Runing TDSE-SH-linear (length gauge, dipole form). step 9400 energy = -0.4927357500843325, norm_value = 1.0 + 0.0im, bound_norm=0.998427, free_norm=0.001573 + 0.0im
     | block_size = 183 
[TDSE] Runing TDSE-SH-linear (length gauge, dipole form). step 9600 energy = -0.494166451667197, norm_value = 1.0 + 0.0im, bound_norm=0.998833, free_norm=0.001167 + 0.0im
     | block_size = 193 
[TDSE] Runing TDSE-SH-linear (length gauge, dipole form). step 9800 energy = -0.4949668214588487, norm_value = 1.0 + 0.0im, bound_norm=0.999142, free_norm=0.000858 + 0.0im
     | block_size = 200 
[TDSE] Runing TDSE-SH-linear (length gauge, dipole form). step 10000 energy = -0.49505210234840835, norm_value = 1.0 + 0.0im, bound_norm=0.99916, free_norm=0.00084 + 0.0im
     | block_size = 200 
[TDSE] Runing TDSE-SH-linear (length gauge, dipole form). step 10200 energy = -0.4942642835674836, norm_value = 1.0 + 0.0im, bound_norm=0.998887, free_norm=0.001113 + 0.0im
     | block_size = 200 
[TDSE] Runing TDSE-SH-linear (length gauge, dipole form). step 10400 energy = -0.49258194965092716, norm_value = 1.0 + 0.0im, bound_norm=0.998404, free_norm=0.001596 + 0.0im
     | block_size = 200 
[TDSE] Runing TDSE-SH-linear (length gauge, dipole form). step 10600 energy = -0.489972333950756, norm_value = 1.0 + 0.0im, bound_norm=0.997819, free_norm=0.002181 + 0.0im
     | block_size = 200 
[TDSE] Runing TDSE-SH-linear (length gauge, dipole form). step 10800 energy = -0.4867444642703585, norm_value = 1.0 + 0.0im, bound_norm=0.9972, free_norm=0.0028 + 0.0im
     | block_size = 200 
[TDSE] Runing TDSE-SH-linear (length gauge, dipole form). step 11000 energy = -0.4833369194410653, norm_value = 1.0 + 0.0im, bound_norm=0.995843, free_norm=0.004157 + 0.0im
     | block_size = 200 
[TDSE] Runing TDSE-SH-linear (length gauge, dipole form). step 11200 energy = -0.48023981497660695, norm_value = 1.0 + 0.0im, bound_norm=0.993421, free_norm=0.006579 + 0.0im
     | block_size = 200 
[TDSE] Runing TDSE-SH-linear (length gauge, dipole form). step 11400 energy = -0.4779804330947584, norm_value = 1.0 + 0.0im, bound_norm=0.991063, free_norm=0.008937 + 0.0im
     | block_size = 200 
[TDSE] Runing TDSE-SH-linear (length gauge, dipole form). step 11600 energy = -0.4763313497848263, norm_value = 1.0 + 0.0im, bound_norm=0.989687, free_norm=0.010313 + 0.0im
     | block_size = 200 
[TDSE] Runing TDSE-SH-linear (length gauge, dipole form). step 11800 energy = -0.47427163873646333, norm_value = 1.0 + 0.0im, bound_norm=0.989536, free_norm=0.010464 + 0.0im
     | block_size = 200 
[TDSE] Runing TDSE-SH-linear (length gauge, dipole form). step 12000 energy = -0.47231216013023025, norm_value = 1.0 + 0.0im, bound_norm=0.990061, free_norm=0.009939 + 0.0im
     | block_size = 200 
[TDSE] Runing TDSE-SH-linear (length gauge, dipole form). step 12200 energy = -0.47207231789247556, norm_value = 1.0 + 0.0im, bound_norm=0.990051, free_norm=0.009949 + 0.0im
     | block_size = 200 
[TDSE] Runing TDSE-SH-linear (length gauge, dipole form). step 12400 energy = -0.47365622411724484, norm_value = 1.0 + 0.0im, bound_norm=0.989709, free_norm=0.010291 + 0.0im
     | block_size = 200 
[TDSE] Runing TDSE-SH-linear (length gauge, dipole form). step 12600 energy = -0.4759323876999993, norm_value = 1.0 + 0.0im, bound_norm=0.989061, free_norm=0.010939 + 0.0im
     | block_size = 200 
[TDSE] Runing TDSE-SH-linear (length gauge, dipole form). step 12800 energy = -0.4774090579386482, norm_value = 1.0 + 0.0im, bound_norm=0.988435, free_norm=0.011565 + 0.0im
     | block_size = 200 
[TDSE] Runing TDSE-SH-linear (length gauge, dipole form). step 13000 energy = -0.4764747854550247, norm_value = 1.0 + 0.0im, bound_norm=0.987317, free_norm=0.012683 + 0.0im
     | block_size = 200 
[TDSE] Runing TDSE-SH-linear (length gauge, dipole form). step 13200 energy = -0.4716288271190164, norm_value = 1.0 + 0.0im, bound_norm=0.984308, free_norm=0.015692 + 0.0im
     | block_size = 200 
[TDSE] Runing TDSE-SH-linear (length gauge, dipole form). step 13400 energy = -0.4625333865982754, norm_value = 1.0 + 0.0im, bound_norm=0.979332, free_norm=0.020668 + 0.0im
     | block_size = 200 
[TDSE] Runing TDSE-SH-linear (length gauge, dipole form). step 13600 energy = -0.4499893848043354, norm_value = 1.0 + 0.0im, bound_norm=0.975099, free_norm=0.024901 + 0.0im
     | block_size = 200 
[TDSE] Runing TDSE-SH-linear (length gauge, dipole form). step 13800 energy = -0.4359790834082239, norm_value = 1.0 + 0.0im, bound_norm=0.972727, free_norm=0.027273 + 0.0im
     | block_size = 200 
[TDSE] Runing TDSE-SH-linear (length gauge, dipole form). step 14000 energy = -0.4223518374266719, norm_value = 1.0 + 0.0im, bound_norm=0.972165, free_norm=0.027835 + 0.0im
     | block_size = 200 
[TDSE] Runing TDSE-SH-linear (length gauge, dipole form). step 14200 energy = -0.41282514191981456, norm_value = 1.0 + 0.0im, bound_norm=0.97271, free_norm=0.02729 + 0.0im
     | block_size = 200 
[TDSE] Runing TDSE-SH-linear (length gauge, dipole form). step 14400 energy = -0.4115075322893586, norm_value = 1.0 + 0.0im, bound_norm=0.972698, free_norm=0.027302 + 0.0im
     | block_size = 200 
[TDSE] Runing TDSE-SH-linear (length gauge, dipole form). step 14600 energy = -0.4187698626662862, norm_value = 1.0 + 0.0im, bound_norm=0.972386, free_norm=0.027614 + 0.0im
     | block_size = 200 
[TDSE] Runing TDSE-SH-linear (length gauge, dipole form). step 14800 energy = -0.4317135516783325, norm_value = 1.0 + 0.0im, bound_norm=0.971738, free_norm=0.028262 + 0.0im
     | block_size = 200 
[TDSE] Runing TDSE-SH-linear (length gauge, dipole form). step 15000 energy = -0.44598567491493024, norm_value = 1.0 + 0.0im, bound_norm=0.971187, free_norm=0.028813 + 0.0im
     | block_size = 200 
[TDSE] Runing TDSE-SH-linear (length gauge, dipole form). step 15200 energy = -0.45680610905539704, norm_value = 1.0 + 0.0im, bound_norm=0.97053, free_norm=0.02947 + 0.0im
     | block_size = 200 
[TDSE] Runing TDSE-SH-linear (length gauge, dipole form). step 15400 energy = -0.4605078988163686, norm_value = 1.0 + 0.0im, bound_norm=0.969012, free_norm=0.030988 + 0.0im
     | block_size = 200 
[TDSE] Runing TDSE-SH-linear (length gauge, dipole form). step 15600 energy = -0.45567036855827076, norm_value = 1.0 + 0.0im, bound_norm=0.966164, free_norm=0.033836 + 0.0im
     | block_size = 200 
[TDSE] Runing TDSE-SH-linear (length gauge, dipole form). step 15800 energy = -0.44418076404056867, norm_value = 1.0 + 0.0im, bound_norm=0.964044, free_norm=0.035956 + 0.0im
     | block_size = 200 
[TDSE] Runing TDSE-SH-linear (length gauge, dipole form). step 16000 energy = -0.42884276167913254, norm_value = 1.0 + 0.0im, bound_norm=0.96289, free_norm=0.03711 + 0.0im
     | block_size = 200 
[TDSE] Runing TDSE-SH-linear (length gauge, dipole form). step 16200 energy = -0.4133743667387619, norm_value = 1.0 + 0.0im, bound_norm=0.96301, free_norm=0.03699 + 0.0im
     | block_size = 200 
[TDSE] Runing TDSE-SH-linear (length gauge, dipole form). step 16400 energy = -0.4029449069633126, norm_value = 1.0 + 0.0im, bound_norm=0.963428, free_norm=0.036572 + 0.0im
     | block_size = 200 
[TDSE] Runing TDSE-SH-linear (length gauge, dipole form). step 16600 energy = -0.401347244347453, norm_value = 1.0 + 0.0im, bound_norm=0.963435, free_norm=0.036565 + 0.0im
     | block_size = 200 
[TDSE] Runing TDSE-SH-linear (length gauge, dipole form). step 16800 energy = -0.40872427339128314, norm_value = 1.0 + 0.0im, bound_norm=0.963213, free_norm=0.036787 + 0.0im
     | block_size = 200 
[TDSE] Runing TDSE-SH-linear (length gauge, dipole form). step 17000 energy = -0.4224711095273654, norm_value = 1.0 + 0.0im, bound_norm=0.962859, free_norm=0.037141 + 0.0im
     | block_size = 200 
[TDSE] Runing TDSE-SH-linear (length gauge, dipole form). step 17200 energy = -0.43809294952623967, norm_value = 1.0 + 0.0im, bound_norm=0.962456, free_norm=0.037544 + 0.0im
     | block_size = 200 
[TDSE] Runing TDSE-SH-linear (length gauge, dipole form). step 17400 energy = -0.4512706910715011, norm_value = 1.0 + 0.0im, bound_norm=0.962193, free_norm=0.037807 + 0.0im
     | block_size = 200 
[TDSE] Runing TDSE-SH-linear (length gauge, dipole form). step 17600 energy = -0.45888172974924957, norm_value = 1.0 + 0.0im, bound_norm=0.96224, free_norm=0.03776 + 0.0im
     | block_size = 200 
[TDSE] Runing TDSE-SH-linear (length gauge, dipole form). step 17800 energy = -0.4594915622548786, norm_value = 1.0 + 0.0im, bound_norm=0.962319, free_norm=0.037681 + 0.0im
     | block_size = 200 
[TDSE] Runing TDSE-SH-linear (length gauge, dipole form). step 18000 energy = -0.45481909043505725, norm_value = 1.0 + 0.0im, bound_norm=0.961818, free_norm=0.038182 + 0.0im
     | block_size = 200 
[TDSE] Runing TDSE-SH-linear (length gauge, dipole form). step 18200 energy = -0.4460749210851655, norm_value = 1.0 + 0.0im, bound_norm=0.962085, free_norm=0.037915 + 0.0im
     | block_size = 200 
[TDSE] Runing TDSE-SH-linear (length gauge, dipole form). step 18400 energy = -0.4373303747498135, norm_value = 1.0 + 0.0im, bound_norm=0.962397, free_norm=0.037603 + 0.0im
     | block_size = 200 
[TDSE] Runing TDSE-SH-linear (length gauge, dipole form). step 18600 energy = -0.43165790554220684, norm_value = 1.0 + 0.0im, bound_norm=0.962591, free_norm=0.037409 + 0.0im
     | block_size = 200 
[TDSE] Runing TDSE-SH-linear (length gauge, dipole form). step 18800 energy = -0.43068045749407163, norm_value = 1.0 + 0.0im, bound_norm=0.962627, free_norm=0.037373 + 0.0im
     | block_size = 200 
[TDSE] Runing TDSE-SH-linear (length gauge, dipole form). step 19000 energy = -0.43443541405683156, norm_value = 1.0 + 0.0im, bound_norm=0.96251, free_norm=0.03749 + 0.0im
     | block_size = 200 
[TDSE] Runing TDSE-SH-linear (length gauge, dipole form). step 19200 energy = -0.4416576997871445, norm_value = 1.0 + 0.0im, bound_norm=0.962345, free_norm=0.037655 + 0.0im
     | block_size = 200 
[TDSE] Runing TDSE-SH-linear (length gauge, dipole form). step 19400 energy = -0.4500267262845985, norm_value = 1.0 + 0.0im, bound_norm=0.9622, free_norm=0.0378 + 0.0im
     | block_size = 200 
[TDSE] Runing TDSE-SH-linear (length gauge, dipole form). step 19600 energy = -0.45731974409022863, norm_value = 1.0 + 0.0im, bound_norm=0.962189, free_norm=0.037811 + 0.0im
     | block_size = 200 
[TDSE] Runing TDSE-SH-linear (length gauge, dipole form). step 19800 energy = -0.46184013663853307, norm_value = 1.0 + 0.0im, bound_norm=0.962278, free_norm=0.037722 + 0.0im
     | block_size = 200 
[TDSE] Runing TDSE-SH-linear (length gauge, dipole form). step 20000 energy = -0.4631126167969338, norm_value = 1.0 + 0.0im, bound_norm=0.962526, free_norm=0.037474 + 0.0im
     | block_size = 200 
[TDSE] Runing TDSE-SH-linear (length gauge, dipole form). step 20200 energy = -0.46167098404468343, norm_value = 1.0 + 0.0im, bound_norm=0.962532, free_norm=0.037468 + 0.0im
     | block_size = 200 
[TDSE] Runing TDSE-SH-linear (length gauge, dipole form). step 20400 energy = -0.45872536219410953, norm_value = 1.0 + 0.0im, bound_norm=0.962446, free_norm=0.037554 + 0.0im
     | block_size = 200 
[TDSE] Runing TDSE-SH-linear (length gauge, dipole form). step 20600 energy = -0.45561361386501975, norm_value = 1.0 + 0.0im, bound_norm=0.962563, free_norm=0.037437 + 0.0im
     | block_size = 200 
[TDSE] Runing TDSE-SH-linear (length gauge, dipole form). step 20800 energy = -0.4535734343951008, norm_value = 1.0 + 0.0im, bound_norm=0.962649, free_norm=0.037351 + 0.0im
     | block_size = 200 
[TDSE] Runing TDSE-SH-linear (length gauge, dipole form). step 21000 energy = -0.4531970053226792, norm_value = 1.0 + 0.0im, bound_norm=0.962682, free_norm=0.037318 + 0.0im
     | block_size = 200 
[TDSE] Runing TDSE-SH-linear (length gauge, dipole form). step 21200 energy = -0.45440656562208215, norm_value = 1.0 + 0.0im, bound_norm=0.96265, free_norm=0.03735 + 0.0im
     | block_size = 200 
[TDSE] Runing TDSE-SH-linear (length gauge, dipole form). step 21400 energy = -0.4569104397426602, norm_value = 1.0 + 0.0im, bound_norm=0.962612, free_norm=0.037388 + 0.0im
     | block_size = 200 
[TDSE] Runing TDSE-SH-linear (length gauge, dipole form). step 21600 energy = -0.45963789634298974, norm_value = 1.0 + 0.0im, bound_norm=0.962493, free_norm=0.037507 + 0.0im
     | block_size = 200 
[TDSE] Runing TDSE-SH-linear (length gauge, dipole form). step 21800 energy = -0.4620156643800677, norm_value = 1.0 + 0.0im, bound_norm=0.962638, free_norm=0.037362 + 0.0im
     | block_size = 200 
[TDSE] Runing TDSE-SH-linear (length gauge, dipole form). step 22000 energy = -0.46393181724009397, norm_value = 1.0 + 0.0im, bound_norm=0.962756, free_norm=0.037244 + 0.0im
     | block_size = 200 
[TDSE] Runing TDSE-SH-linear (length gauge, dipole form). step 22200 energy = -0.4646602172853337, norm_value = 1.0 + 0.0im, bound_norm=0.96269, free_norm=0.03731 + 0.0im
     | block_size = 200 
[TDSE] Runing TDSE-SH-linear (length gauge, dipole form). step 22400 energy = -0.4646826825245772, norm_value = 1.0 + 0.0im, bound_norm=0.962635, free_norm=0.037365 + 0.0im
     | block_size = 200 
[TDSE] Runing TDSE-SH-linear (length gauge, dipole form). step 22600 energy = -0.46441014957076726, norm_value = 1.0 + 0.0im, bound_norm=0.962698, free_norm=0.037302 + 0.0im
     | block_size = 200 
[TDSE] Runing TDSE-SH-linear (length gauge, dipole form). step 22800 energy = -0.46390545088526386, norm_value = 1.0 + 0.0im, bound_norm=0.96269, free_norm=0.03731 + 0.0im
     | block_size = 200 
[TDSE] Runing TDSE-SH-linear (length gauge, dipole form). step 23000 energy = -0.46361256415079244, norm_value = 1.0 + 0.0im, bound_norm=0.962672, free_norm=0.037328 + 0.0im
     | block_size = 200 
[TDSE] Runing TDSE-SH-linear (length gauge, dipole form). step 23200 energy = -0.4635473390432827, norm_value = 1.0 + 0.0im, bound_norm=0.962681, free_norm=0.037319 + 0.0im
     | block_size = 200 
[TDSE] Runing TDSE-SH-linear (length gauge, dipole form). step 23400 energy = -0.463721439384299, norm_value = 1.0 + 0.0im, bound_norm=0.962687, free_norm=0.037313 + 0.0im
     | block_size = 200 
[TDSE] Runing TDSE-SH-linear (length gauge, dipole form). step 23600 energy = -0.4640206492740418, norm_value = 1.0 + 0.0im, bound_norm=0.962696, free_norm=0.037304 + 0.0im
     | block_size = 200 
[TDSE] Runing TDSE-SH-linear (length gauge, dipole form). step 23800 energy = -0.46439663999156594, norm_value = 1.0 + 0.0im, bound_norm=0.962712, free_norm=0.037288 + 0.0im
     | block_size = 200 
[TDSE] Runing TDSE-SH-linear (length gauge, dipole form). step 24000 energy = -0.46467199270792287, norm_value = 1.0 + 0.0im, bound_norm=0.962687, free_norm=0.037313 + 0.0im
     | block_size = 200 
[TDSE] Runing TDSE-SH-linear (length gauge, dipole form). step 24200 energy = -0.46487688099606056, norm_value = 1.0 + 0.0im, bound_norm=0.962659, free_norm=0.037341 + 0.0im
     | block_size = 200 
[TDSE] Runing TDSE-SH-linear (length gauge, dipole form). step 24400 energy = -0.46503227953490917, norm_value = 1.0 + 0.0im, bound_norm=0.962668, free_norm=0.037332 + 0.0im
     | block_size = 200 
[TDSE] Runing TDSE-SH-linear (length gauge, dipole form). step 24600 energy = -0.4650892220031567, norm_value = 1.0 + 0.0im, bound_norm=0.96268, free_norm=0.03732 + 0.0im
     | block_size = 200 
[TDSE] Runing TDSE-SH-linear (length gauge, dipole form). step 24800 energy = -0.4651209289204374, norm_value = 1.0 + 0.0im, bound_norm=0.96268, free_norm=0.03732 + 0.0im
     | block_size = 200 
[TDSE] Runing TDSE-SH-linear (length gauge, dipole form). step 25000 energy = -0.46511612108960787, norm_value = 1.0 + 0.0im, bound_norm=0.962676, free_norm=0.037324 + 0.0im
     | block_size = 200 
[TDSE] Runing TDSE-SH-linear (length gauge, dipole form). step 25200 energy = -0.4651149665136434, norm_value = 1.0 + 0.0im, bound_norm=0.962676, free_norm=0.037324 + 0.0im
     | block_size = 200 
[TDSE] Runing TDSE-SH-linear (length gauge, dipole form). step 25400 energy = -0.46511615468783657, norm_value = 1.0 + 0.0im, bound_norm=0.962677, free_norm=0.037323 + 0.0im
     | block_size = 200 
[TDSE] Runing TDSE-SH-linear (length gauge, dipole form). step 25600 energy = -0.46511702076810196, norm_value = 1.0 + 0.0im, bound_norm=0.962677, free_norm=0.037323 + 0.0im
     | block_size = 200 
[TDSE] Runing TDSE-SH-linear (length gauge, dipole form). step 25800 energy = -0.4651177605607834, norm_value = 1.0 + 0.0im, bound_norm=0.962677, free_norm=0.037323 + 0.0im
     | block_size = 200 
[TDSE] Runing TDSE-SH-linear (length gauge, dipole form). step 26000 energy = -0.46511814753999275, norm_value = 1.0 + 0.0im, bound_norm=0.962678, free_norm=0.037322 + 0.0im
     | block_size = 200 
[TDSE] Runing TDSE-SH-linear (length gauge, dipole form). step 26200 energy = -0.4651188576473575, norm_value = 1.0 + 0.0im, bound_norm=0.962678, free_norm=0.037322 + 0.0im
     | block_size = 200 
[TDSE] Runing TDSE-SH-linear (length gauge, dipole form). step 26400 energy = -0.4651187754738661, norm_value = 1.0 + 0.0im, bound_norm=0.962678, free_norm=0.037322 + 0.0im
     | block_size = 200 
Sample 2026_5_15_hg_massive_0.065_0.0_0.0285_6.0_short_range does not exist. Exceute a new sample.
[ITP]: 10000.496424741636
[ITP]: 3.468948764850932e-6
[ITP]: 2.0119768988635656e-6
[ITP]: 1.2363970314233086e-6
[ITP]: 7.802127368616851e-7
[ITP]: 5.004886823867238e-7
[ITP]: 3.247063635747338e-7
[ITP]: 2.1241854042397534e-7
[ITP]: 1.3984492786001113e-7
[ITP]: 9.25260389417204e-8
[ITP]: 6.146357944825098e-8
[ITP]: 4.0962812142275595e-8
[ITP]: 2.737382170936442e-8
[ITP]: 1.8334269435982264e-8
[ITP]: 1.2303307206362746e-8
[ITP]: 8.269649631742482e-9
[ITP]: 5.566198502116038e-9
[ITP]: 3.7510526906814334e-9
[ITP]: 2.530471499007092e-9
[ITP]: 1.7086173587088638e-9
[ITP]: 1.154605577813328e-9
[ITP]: 7.807770541212733e-10
[ITP]: 5.283077308959605e-10
[ITP]: 3.576713369923823e-10
[ITP]: 2.422650968725293e-10
[ITP]: 1.6416579207145787e-10
[ITP]: 1.1128536980820058e-10
[ITP]: 7.546496760824084e-11
[ITP]: 5.119060730862657e-11
[ITP]: 3.4733049769641866e-11
[ITP]: 2.3571977703085167e-11
[ITP]: 1.6002199565434694e-11
[ITP]: 1.086369882941085e-11
[ITP]: 7.378653243961253e-12
[ITP]: 5.010714065889488e-12
[ITP]: 3.4039993046519612e-12
[ITP]: 2.313038649504051e-12
[ITP]: 1.570410468332284e-12
[ITP]: 1.0681455719918631e-12
[ITP]: 7.265299473147024e-13
[ITP]: 4.919398222114069e-13
[ITP]: 3.346212196220222e-13
[ITP]: 2.2842838731662596e-13
[ITP]: 1.5498713423767185e-13
[ITP]: 1.0536016503692736e-13
[ITP]: 7.188694084447889e-14
[ITP]: 4.801714581503802e-14
[ITP]: 3.347322419244847e-14
[ITP]: 2.3148150063434514e-14
[ITP]: 1.4432899320127035e-14
[ITP]: 1.1102230246251565e-14
[ITP]: 7.16093850883226e-15
[ITP]: 4.440892098500626e-15
[ITP]: 2.6645352591003757e-15
[ITP]: 2.831068712794149e-15
[ITP]: 1.4988010832439613e-15
[ITP]: 6.661338147750939e-16
[ITP]: 7.771561172376096e-16
[ITP]: 5.551115123125783e-16
[ITP]: 2.220446049250313e-16
[ITP]: 4.440892098500626e-16
[ITP]: 6.106226635438361e-16
[ITP]: 7.216449660063518e-16
[ITP]: 4.440892098500626e-16
[ITP]: 4.440892098500626e-16
[ITP]: 3.3306690738754696e-16
[ITP]: 1.1102230246251565e-15
[ITP]: 1.1102230246251565e-16
[ITP]: 7.216449660063518e-16
[ITP]: 1.1102230246251565e-16
[ITP]: 8.326672684688674e-16
[ITP]: 7.216449660063518e-16
[ITP]: 2.7755575615628914e-16
[ITP]: 4.996003610813204e-16
[ITP]: 4.440892098500626e-16
[ITP]: 4.440892098500626e-16
[ITP]: 1.6653345369377348e-16
[ITP]: 4.996003610813204e-16
[ITP]: 1.1657341758564144e-15
[ITP]: 1.1102230246251565e-16
[ITP]: 0.0
[TDSE] Runing TDSE-SH-linear (length gauge, dipole form). step 0 energy = -0.4964336949924361, norm_value = 1.0 + 0.0im, bound_norm=1.0, free_norm=0.0 + 0.0im
     | block_size = 3 
[TDSE] Runing TDSE-SH-linear (length gauge, dipole form). step 200 energy = -0.4964336922021779, norm_value = 1.0 + 0.0im, bound_norm=1.0, free_norm=0.0 + 0.0im
     | block_size = 3 
[TDSE] Runing TDSE-SH-linear (length gauge, dipole form). step 400 energy = -0.4964336605066846, norm_value = 1.0 + 0.0im, bound_norm=1.0, free_norm=0.0 + 0.0im
     | block_size = 4 
[TDSE] Runing TDSE-SH-linear (length gauge, dipole form). step 600 energy = -0.4964335860538203, norm_value = 1.0 + 0.0im, bound_norm=1.0, free_norm=0.0 + 0.0im
     | block_size = 4 
[TDSE] Runing TDSE-SH-linear (length gauge, dipole form). step 800 energy = -0.49643355840337144, norm_value = 1.0 + 0.0im, bound_norm=1.0, free_norm=0.0 + 0.0im
     | block_size = 4 
[TDSE] Runing TDSE-SH-linear (length gauge, dipole form). step 1000 energy = -0.49643364196652384, norm_value = 1.0 + 0.0im, bound_norm=1.0, free_norm=0.0 + 0.0im
     | block_size = 4 
[TDSE] Runing TDSE-SH-linear (length gauge, dipole form). step 1200 energy = -0.4964336087416231, norm_value = 1.0 + 0.0im, bound_norm=1.0, free_norm=0.0 + 0.0im
     | block_size = 4 
[TDSE] Runing TDSE-SH-linear (length gauge, dipole form). step 1400 energy = -0.4964324927696164, norm_value = 1.0 + 0.0im, bound_norm=1.0, free_norm=0.0 + 0.0im
     | block_size = 4 
[TDSE] Runing TDSE-SH-linear (length gauge, dipole form). step 1600 energy = -0.4964286627862032, norm_value = 1.0 + 0.0im, bound_norm=0.999998, free_norm=2.0e-6 + 0.0im
     | block_size = 5 
[TDSE] Runing TDSE-SH-linear (length gauge, dipole form). step 1800 energy = -0.4964203308609456, norm_value = 1.0 + 0.0im, bound_norm=0.999996, free_norm=4.0e-6 + 0.0im
     | block_size = 6 
[TDSE] Runing TDSE-SH-linear (length gauge, dipole form). step 2000 energy = -0.4964073875806636, norm_value = 1.0 + 0.0im, bound_norm=0.999992, free_norm=8.0e-6 + 0.0im
     | block_size = 8 
[TDSE] Runing TDSE-SH-linear (length gauge, dipole form). step 2200 energy = -0.4963919080966858, norm_value = 1.0 + 0.0im, bound_norm=0.999987, free_norm=1.3e-5 + 0.0im
     | block_size = 11 
[TDSE] Runing TDSE-SH-linear (length gauge, dipole form). step 2400 energy = -0.4963793378614826, norm_value = 1.0 + 0.0im, bound_norm=0.999983, free_norm=1.7e-5 + 0.0im
     | block_size = 15 
[TDSE] Runing TDSE-SH-linear (length gauge, dipole form). step 2600 energy = -0.496376287657783, norm_value = 1.0 + 0.0im, bound_norm=0.999982, free_norm=1.8e-5 + 0.0im
     | block_size = 19 
[TDSE] Runing TDSE-SH-linear (length gauge, dipole form). step 2800 energy = -0.49638661553250807, norm_value = 1.0 + 0.0im, bound_norm=0.999986, free_norm=1.4e-5 + 0.0im
     | block_size = 23 
[TDSE] Runing TDSE-SH-linear (length gauge, dipole form). step 3000 energy = -0.49640814105970066, norm_value = 1.0 + 0.0im, bound_norm=0.999992, free_norm=8.0e-6 + 0.0im
     | block_size = 26 
[TDSE] Runing TDSE-SH-linear (length gauge, dipole form). step 3200 energy = -0.49642872739778765, norm_value = 1.0 + 0.0im, bound_norm=0.999999, free_norm=1.0e-6 + 0.0im
     | block_size = 28 
[TDSE] Runing TDSE-SH-linear (length gauge, dipole form). step 3400 energy = -0.4964288458341958, norm_value = 1.0 + 0.0im, bound_norm=0.999999, free_norm=1.0e-6 + 0.0im
     | block_size = 28 
[TDSE] Runing TDSE-SH-linear (length gauge, dipole form). step 3600 energy = -0.49638718379520225, norm_value = 1.0 + 0.0im, bound_norm=0.999986, free_norm=1.4e-5 + 0.0im
     | block_size = 25 
[TDSE] Runing TDSE-SH-linear (length gauge, dipole form). step 3800 energy = -0.49629105442446775, norm_value = 1.0 + 0.0im, bound_norm=0.999956, free_norm=4.4e-5 + 0.0im
     | block_size = 19 
[TDSE] Runing TDSE-SH-linear (length gauge, dipole form). step 4000 energy = -0.4961451596360207, norm_value = 1.0 + 0.0im, bound_norm=0.999912, free_norm=8.8e-5 + 0.0im
     | block_size = 11 
[TDSE] Runing TDSE-SH-linear (length gauge, dipole form). step 4200 energy = -0.49597885182978735, norm_value = 1.0 + 0.0im, bound_norm=0.999862, free_norm=0.000138 + 0.0im
     | block_size = 18 
[TDSE] Runing TDSE-SH-linear (length gauge, dipole form). step 4400 energy = -0.49584123642006106, norm_value = 1.0 + 0.0im, bound_norm=0.999822, free_norm=0.000178 + 0.0im
     | block_size = 28 
[TDSE] Runing TDSE-SH-linear (length gauge, dipole form). step 4600 energy = -0.49578598708444443, norm_value = 1.0 + 0.0im, bound_norm=0.999806, free_norm=0.000194 + 0.0im
     | block_size = 38 
[TDSE] Runing TDSE-SH-linear (length gauge, dipole form). step 4800 energy = -0.4958482810488169, norm_value = 1.0 + 0.0im, bound_norm=0.999825, free_norm=0.000175 + 0.0im
     | block_size = 48 
[TDSE] Runing TDSE-SH-linear (length gauge, dipole form). step 5000 energy = -0.49601800681100855, norm_value = 1.0 + 0.0im, bound_norm=0.999875, free_norm=0.000125 + 0.0im
     | block_size = 58 
[TDSE] Runing TDSE-SH-linear (length gauge, dipole form). step 5200 energy = -0.49623388581949324, norm_value = 1.0 + 0.0im, bound_norm=0.99994, free_norm=6.0e-5 + 0.0im
     | block_size = 68 
[TDSE] Runing TDSE-SH-linear (length gauge, dipole form). step 5400 energy = -0.4963980773087945, norm_value = 1.0 + 0.0im, bound_norm=0.99999, free_norm=1.0e-5 + 0.0im
     | block_size = 73 
[TDSE] Runing TDSE-SH-linear (length gauge, dipole form). step 5600 energy = -0.4964061135279573, norm_value = 1.0 + 0.0im, bound_norm=0.999992, free_norm=8.0e-6 + 0.0im
     | block_size = 73 
[TDSE] Runing TDSE-SH-linear (length gauge, dipole form). step 5800 energy = -0.496182533539946, norm_value = 1.0 + 0.0im, bound_norm=0.999924, free_norm=7.6e-5 + 0.0im
     | block_size = 68 
[TDSE] Runing TDSE-SH-linear (length gauge, dipole form). step 6000 energy = -0.49571064334778764, norm_value = 1.0 + 0.0im, bound_norm=0.999784, free_norm=0.000216 + 0.0im
     | block_size = 61 
[TDSE] Runing TDSE-SH-linear (length gauge, dipole form). step 6200 energy = -0.4950565417709461, norm_value = 1.0 + 0.0im, bound_norm=0.999601, free_norm=0.000399 + 0.0im
     | block_size = 61 
[TDSE] Runing TDSE-SH-linear (length gauge, dipole form). step 6400 energy = -0.4943757705982399, norm_value = 1.0 + 0.0im, bound_norm=0.999426, free_norm=0.000574 + 0.0im
     | block_size = 70 
[TDSE] Runing TDSE-SH-linear (length gauge, dipole form). step 6600 energy = -0.4938922373668572, norm_value = 1.0 + 0.0im, bound_norm=0.999312, free_norm=0.000688 + 0.0im
     | block_size = 80 
[TDSE] Runing TDSE-SH-linear (length gauge, dipole form). step 6800 energy = -0.4938201158190168, norm_value = 1.0 + 0.0im, bound_norm=0.999295, free_norm=0.000705 + 0.0im
     | block_size = 88 
[TDSE] Runing TDSE-SH-linear (length gauge, dipole form). step 7000 energy = -0.49423728148881274, norm_value = 1.0 + 0.0im, bound_norm=0.999385, free_norm=0.000615 + 0.0im
     | block_size = 98 
[TDSE] Runing TDSE-SH-linear (length gauge, dipole form). step 7200 energy = -0.4949920303137827, norm_value = 1.0 + 0.0im, bound_norm=0.999578, free_norm=0.000422 + 0.0im
     | block_size = 108 
[TDSE] Runing TDSE-SH-linear (length gauge, dipole form). step 7400 energy = -0.49578204514809954, norm_value = 1.0 + 0.0im, bound_norm=0.999806, free_norm=0.000194 + 0.0im
     | block_size = 118 
[TDSE] Runing TDSE-SH-linear (length gauge, dipole form). step 7600 energy = -0.49631719912540195, norm_value = 1.0 + 0.0im, bound_norm=0.999963, free_norm=3.7e-5 + 0.0im
     | block_size = 128 
[TDSE] Runing TDSE-SH-linear (length gauge, dipole form). step 7800 energy = -0.4963584886455471, norm_value = 1.0 + 0.0im, bound_norm=0.999977, free_norm=2.3e-5 + 0.0im
     | block_size = 129 
[TDSE] Runing TDSE-SH-linear (length gauge, dipole form). step 8000 energy = -0.4957668792697754, norm_value = 1.0 + 0.0im, bound_norm=0.999799, free_norm=0.000201 + 0.0im
     | block_size = 125 
[TDSE] Runing TDSE-SH-linear (length gauge, dipole form). step 8200 energy = -0.49454495228749445, norm_value = 1.0 + 0.0im, bound_norm=0.999462, free_norm=0.000538 + 0.0im
     | block_size = 135 
[TDSE] Runing TDSE-SH-linear (length gauge, dipole form). step 8400 energy = -0.49283777592495936, norm_value = 1.0 + 0.0im, bound_norm=0.999064, free_norm=0.000936 + 0.0im
     | block_size = 145 
[TDSE] Runing TDSE-SH-linear (length gauge, dipole form). step 8600 energy = -0.4909946142921789, norm_value = 1.0 + 0.0im, bound_norm=0.998736, free_norm=0.001264 + 0.0im
     | block_size = 155 
[TDSE] Runing TDSE-SH-linear (length gauge, dipole form). step 8800 energy = -0.48957327189424044, norm_value = 1.0 + 0.0im, bound_norm=0.998496, free_norm=0.001504 + 0.0im
     | block_size = 160 
[TDSE] Runing TDSE-SH-linear (length gauge, dipole form). step 9000 energy = -0.4891858582798971, norm_value = 1.0 + 0.0im, bound_norm=0.998225, free_norm=0.001775 + 0.0im
     | block_size = 170 
[TDSE] Runing TDSE-SH-linear (length gauge, dipole form). step 9200 energy = -0.49012743082246724, norm_value = 1.0 + 0.0im, bound_norm=0.997961, free_norm=0.002039 + 0.0im
     | block_size = 180 
[TDSE] Runing TDSE-SH-linear (length gauge, dipole form). step 9400 energy = -0.4918656012262573, norm_value = 1.0 + 0.0im, bound_norm=0.997907, free_norm=0.002093 + 0.0im
     | block_size = 190 
[TDSE] Runing TDSE-SH-linear (length gauge, dipole form). step 9600 energy = -0.49329978445363903, norm_value = 1.0 + 0.0im, bound_norm=0.998289, free_norm=0.001711 + 0.0im
     | block_size = 200 
[TDSE] Runing TDSE-SH-linear (length gauge, dipole form). step 9800 energy = -0.49404560410447323, norm_value = 1.0 + 0.0im, bound_norm=0.998641, free_norm=0.001359 + 0.0im
     | block_size = 200 
[TDSE] Runing TDSE-SH-linear (length gauge, dipole form). step 10000 energy = -0.49412527147327945, norm_value = 1.0 + 0.0im, bound_norm=0.998653, free_norm=0.001347 + 0.0im
     | block_size = 200 
[TDSE] Runing TDSE-SH-linear (length gauge, dipole form). step 10200 energy = -0.4933796328749829, norm_value = 1.0 + 0.0im, bound_norm=0.998357, free_norm=0.001643 + 0.0im
     | block_size = 200 
[TDSE] Runing TDSE-SH-linear (length gauge, dipole form). step 10400 energy = -0.4917029380857092, norm_value = 1.0 + 0.0im, bound_norm=0.997842, free_norm=0.002158 + 0.0im
     | block_size = 200 
[TDSE] Runing TDSE-SH-linear (length gauge, dipole form). step 10600 energy = -0.4889495719694694, norm_value = 1.0 + 0.0im, bound_norm=0.997211, free_norm=0.002789 + 0.0im
     | block_size = 200 
[TDSE] Runing TDSE-SH-linear (length gauge, dipole form). step 10800 energy = -0.4852787620317225, norm_value = 1.0 + 0.0im, bound_norm=0.996401, free_norm=0.003599 + 0.0im
     | block_size = 200 
[TDSE] Runing TDSE-SH-linear (length gauge, dipole form). step 11000 energy = -0.48087438110014463, norm_value = 1.0 + 0.0im, bound_norm=0.994348, free_norm=0.005652 + 0.0im
     | block_size = 200 
[TDSE] Runing TDSE-SH-linear (length gauge, dipole form). step 11200 energy = -0.4760147950545557, norm_value = 1.0 + 0.0im, bound_norm=0.990729, free_norm=0.009271 + 0.0im
     | block_size = 200 
[TDSE] Runing TDSE-SH-linear (length gauge, dipole form). step 11400 energy = -0.4712452893874533, norm_value = 1.0 + 0.0im, bound_norm=0.987261, free_norm=0.012739 + 0.0im
     | block_size = 200 
[TDSE] Runing TDSE-SH-linear (length gauge, dipole form). step 11600 energy = -0.4667712162385863, norm_value = 1.0 + 0.0im, bound_norm=0.98524, free_norm=0.01476 + 0.0im
     | block_size = 200 
[TDSE] Runing TDSE-SH-linear (length gauge, dipole form). step 11800 energy = -0.46205740473005363, norm_value = 1.0 + 0.0im, bound_norm=0.984769, free_norm=0.015231 + 0.0im
     | block_size = 200 
[TDSE] Runing TDSE-SH-linear (length gauge, dipole form). step 12000 energy = -0.4582161172614969, norm_value = 1.0 + 0.0im, bound_norm=0.985323, free_norm=0.014677 + 0.0im
     | block_size = 200 
[TDSE] Runing TDSE-SH-linear (length gauge, dipole form). step 12200 energy = -0.4577376753898627, norm_value = 1.0 + 0.0im, bound_norm=0.98531, free_norm=0.01469 + 0.0im
     | block_size = 200 
[TDSE] Runing TDSE-SH-linear (length gauge, dipole form). step 12400 energy = -0.46087759568398406, norm_value = 1.0 + 0.0im, bound_norm=0.984942, free_norm=0.015058 + 0.0im
     | block_size = 200 
[TDSE] Runing TDSE-SH-linear (length gauge, dipole form). step 12600 energy = -0.4657854450146839, norm_value = 1.0 + 0.0im, bound_norm=0.984203, free_norm=0.015797 + 0.0im
     | block_size = 200 
[TDSE] Runing TDSE-SH-linear (length gauge, dipole form). step 12800 energy = -0.4699873965559817, norm_value = 1.0 + 0.0im, bound_norm=0.983511, free_norm=0.016489 + 0.0im
     | block_size = 200 
[TDSE] Runing TDSE-SH-linear (length gauge, dipole form). step 13000 energy = -0.4704478077766646, norm_value = 1.0 + 0.0im, bound_norm=0.98197, free_norm=0.01803 + 0.0im
     | block_size = 200 
[TDSE] Runing TDSE-SH-linear (length gauge, dipole form). step 13200 energy = -0.46429929482404586, norm_value = 1.0 + 0.0im, bound_norm=0.977564, free_norm=0.022436 + 0.0im
     | block_size = 200 
[TDSE] Runing TDSE-SH-linear (length gauge, dipole form). step 13400 energy = -0.4503320293552039, norm_value = 1.0 + 0.0im, bound_norm=0.970502, free_norm=0.029498 + 0.0im
     | block_size = 200 
[TDSE] Runing TDSE-SH-linear (length gauge, dipole form). step 13600 energy = -0.4296005463130644, norm_value = 1.0 + 0.0im, bound_norm=0.96454, free_norm=0.03546 + 0.0im
     | block_size = 200 
[TDSE] Runing TDSE-SH-linear (length gauge, dipole form). step 13800 energy = -0.4058020222557103, norm_value = 1.0 + 0.0im, bound_norm=0.961249, free_norm=0.038751 + 0.0im
     | block_size = 200 
[TDSE] Runing TDSE-SH-linear (length gauge, dipole form). step 14000 energy = -0.383154634377912, norm_value = 1.0 + 0.0im, bound_norm=0.96024, free_norm=0.03976 + 0.0im
     | block_size = 200 
[TDSE] Runing TDSE-SH-linear (length gauge, dipole form). step 14200 energy = -0.36771461246620063, norm_value = 1.0 + 0.0im, bound_norm=0.960781, free_norm=0.039219 + 0.0im
     | block_size = 200 
[TDSE] Runing TDSE-SH-linear (length gauge, dipole form). step 14400 energy = -0.36556549732415755, norm_value = 1.0 + 0.0im, bound_norm=0.960771, free_norm=0.039229 + 0.0im
     | block_size = 200 
[TDSE] Runing TDSE-SH-linear (length gauge, dipole form). step 14600 energy = -0.37733183262114994, norm_value = 1.0 + 0.0im, bound_norm=0.960444, free_norm=0.039556 + 0.0im
     | block_size = 200 
[TDSE] Runing TDSE-SH-linear (length gauge, dipole form). step 14800 energy = -0.3984547242951451, norm_value = 1.0 + 0.0im, bound_norm=0.959673, free_norm=0.040327 + 0.0im
     | block_size = 200 
[TDSE] Runing TDSE-SH-linear (length gauge, dipole form). step 15000 energy = -0.42204139131322255, norm_value = 1.0 + 0.0im, bound_norm=0.959157, free_norm=0.040843 + 0.0im
     | block_size = 200 
[TDSE] Runing TDSE-SH-linear (length gauge, dipole form). step 15200 energy = -0.4401297836910094, norm_value = 1.0 + 0.0im, bound_norm=0.958195, free_norm=0.041805 + 0.0im
     | block_size = 200 
[TDSE] Runing TDSE-SH-linear (length gauge, dipole form). step 15400 energy = -0.44653764584859656, norm_value = 1.0 + 0.0im, bound_norm=0.955792, free_norm=0.044208 + 0.0im
     | block_size = 200 
[TDSE] Runing TDSE-SH-linear (length gauge, dipole form). step 15600 energy = -0.4393804025086707, norm_value = 1.0 + 0.0im, bound_norm=0.952414, free_norm=0.047586 + 0.0im
     | block_size = 200 
[TDSE] Runing TDSE-SH-linear (length gauge, dipole form). step 15800 energy = -0.42062120846626017, norm_value = 1.0 + 0.0im, bound_norm=0.949266, free_norm=0.050734 + 0.0im
     | block_size = 200 
[TDSE] Runing TDSE-SH-linear (length gauge, dipole form). step 16000 energy = -0.39542560079500577, norm_value = 1.0 + 0.0im, bound_norm=0.947759, free_norm=0.052241 + 0.0im
     | block_size = 200 
[TDSE] Runing TDSE-SH-linear (length gauge, dipole form). step 16200 energy = -0.3706660221287694, norm_value = 1.0 + 0.0im, bound_norm=0.947641, free_norm=0.052359 + 0.0im
     | block_size = 200 
[TDSE] Runing TDSE-SH-linear (length gauge, dipole form). step 16400 energy = -0.3542116062117437, norm_value = 1.0 + 0.0im, bound_norm=0.948122, free_norm=0.051878 + 0.0im
     | block_size = 200 
[TDSE] Runing TDSE-SH-linear (length gauge, dipole form). step 16600 energy = -0.3516688996468675, norm_value = 1.0 + 0.0im, bound_norm=0.94812, free_norm=0.05188 + 0.0im
     | block_size = 200 
[TDSE] Runing TDSE-SH-linear (length gauge, dipole form). step 16800 energy = -0.36332983086414766, norm_value = 1.0 + 0.0im, bound_norm=0.947885, free_norm=0.052115 + 0.0im
     | block_size = 200 
[TDSE] Runing TDSE-SH-linear (length gauge, dipole form). step 17000 energy = -0.3849749669154885, norm_value = 1.0 + 0.0im, bound_norm=0.947484, free_norm=0.052516 + 0.0im
     | block_size = 200 
[TDSE] Runing TDSE-SH-linear (length gauge, dipole form). step 17200 energy = -0.40974052340436856, norm_value = 1.0 + 0.0im, bound_norm=0.947117, free_norm=0.052883 + 0.0im
     | block_size = 200 
[TDSE] Runing TDSE-SH-linear (length gauge, dipole form). step 17400 energy = -0.4306517887091571, norm_value = 1.0 + 0.0im, bound_norm=0.946868, free_norm=0.053132 + 0.0im
     | block_size = 200 
[TDSE] Runing TDSE-SH-linear (length gauge, dipole form). step 17600 energy = -0.4422989031442796, norm_value = 1.0 + 0.0im, bound_norm=0.946566, free_norm=0.053434 + 0.0im
     | block_size = 200 
[TDSE] Runing TDSE-SH-linear (length gauge, dipole form). step 17800 energy = -0.44345192089801144, norm_value = 1.0 + 0.0im, bound_norm=0.947028, free_norm=0.052972 + 0.0im
     | block_size = 200 
[TDSE] Runing TDSE-SH-linear (length gauge, dipole form). step 18000 energy = -0.43512773344273353, norm_value = 1.0 + 0.0im, bound_norm=0.946265, free_norm=0.053735 + 0.0im
     | block_size = 200 
[TDSE] Runing TDSE-SH-linear (length gauge, dipole form). step 18200 energy = -0.4212188162122331, norm_value = 1.0 + 0.0im, bound_norm=0.946472, free_norm=0.053528 + 0.0im
     | block_size = 200 
[TDSE] Runing TDSE-SH-linear (length gauge, dipole form). step 18400 energy = -0.4074365093768291, norm_value = 1.0 + 0.0im, bound_norm=0.946831, free_norm=0.053169 + 0.0im
     | block_size = 200 
[TDSE] Runing TDSE-SH-linear (length gauge, dipole form). step 18600 energy = -0.3984665478968778, norm_value = 1.0 + 0.0im, bound_norm=0.947024, free_norm=0.052976 + 0.0im
     | block_size = 200 
[TDSE] Runing TDSE-SH-linear (length gauge, dipole form). step 18800 energy = -0.3969358516095269, norm_value = 1.0 + 0.0im, bound_norm=0.947056, free_norm=0.052944 + 0.0im
     | block_size = 200 
[TDSE] Runing TDSE-SH-linear (length gauge, dipole form). step 19000 energy = -0.40282139193977673, norm_value = 1.0 + 0.0im, bound_norm=0.946947, free_norm=0.053053 + 0.0im
     | block_size = 200 
[TDSE] Runing TDSE-SH-linear (length gauge, dipole form). step 19200 energy = -0.4140699263328007, norm_value = 1.0 + 0.0im, bound_norm=0.946737, free_norm=0.053263 + 0.0im
     | block_size = 200 
[TDSE] Runing TDSE-SH-linear (length gauge, dipole form). step 19400 energy = -0.4270376195608457, norm_value = 1.0 + 0.0im, bound_norm=0.946522, free_norm=0.053478 + 0.0im
     | block_size = 200 
[TDSE] Runing TDSE-SH-linear (length gauge, dipole form). step 19600 energy = -0.4383527797021859, norm_value = 1.0 + 0.0im, bound_norm=0.946572, free_norm=0.053428 + 0.0im
     | block_size = 200 
[TDSE] Runing TDSE-SH-linear (length gauge, dipole form). step 19800 energy = -0.44546250752639827, norm_value = 1.0 + 0.0im, bound_norm=0.946647, free_norm=0.053353 + 0.0im
     | block_size = 200 
[TDSE] Runing TDSE-SH-linear (length gauge, dipole form). step 20000 energy = -0.44733494312394284, norm_value = 1.0 + 0.0im, bound_norm=0.946766, free_norm=0.053234 + 0.0im
     | block_size = 200 
[TDSE] Runing TDSE-SH-linear (length gauge, dipole form). step 20200 energy = -0.44476462665702304, norm_value = 1.0 + 0.0im, bound_norm=0.947028, free_norm=0.052972 + 0.0im
     | block_size = 200 
[TDSE] Runing TDSE-SH-linear (length gauge, dipole form). step 20400 energy = -0.4398551460789769, norm_value = 1.0 + 0.0im, bound_norm=0.946866, free_norm=0.053134 + 0.0im
     | block_size = 200 
[TDSE] Runing TDSE-SH-linear (length gauge, dipole form). step 20600 energy = -0.434895678116778, norm_value = 1.0 + 0.0im, bound_norm=0.946998, free_norm=0.053002 + 0.0im
     | block_size = 200 
[TDSE] Runing TDSE-SH-linear (length gauge, dipole form). step 20800 energy = -0.43158712675162636, norm_value = 1.0 + 0.0im, bound_norm=0.947056, free_norm=0.052944 + 0.0im
     | block_size = 200 
[TDSE] Runing TDSE-SH-linear (length gauge, dipole form). step 21000 energy = -0.4309816305269642, norm_value = 1.0 + 0.0im, bound_norm=0.947072, free_norm=0.052928 + 0.0im
     | block_size = 200 
[TDSE] Runing TDSE-SH-linear (length gauge, dipole form). step 21200 energy = -0.43295838519729113, norm_value = 1.0 + 0.0im, bound_norm=0.947054, free_norm=0.052946 + 0.0im
     | block_size = 200 
[TDSE] Runing TDSE-SH-linear (length gauge, dipole form). step 21400 energy = -0.4367261635614295, norm_value = 1.0 + 0.0im, bound_norm=0.946987, free_norm=0.053013 + 0.0im
     | block_size = 200 
[TDSE] Runing TDSE-SH-linear (length gauge, dipole form). step 21600 energy = -0.4410715371342118, norm_value = 1.0 + 0.0im, bound_norm=0.946943, free_norm=0.053057 + 0.0im
     | block_size = 200 
[TDSE] Runing TDSE-SH-linear (length gauge, dipole form). step 21800 energy = -0.44492147453749586, norm_value = 1.0 + 0.0im, bound_norm=0.947048, free_norm=0.052952 + 0.0im
     | block_size = 200 
[TDSE] Runing TDSE-SH-linear (length gauge, dipole form). step 22000 energy = -0.44750296134994216, norm_value = 1.0 + 0.0im, bound_norm=0.947107, free_norm=0.052893 + 0.0im
     | block_size = 200 
[TDSE] Runing TDSE-SH-linear (length gauge, dipole form). step 22200 energy = -0.4487094847626442, norm_value = 1.0 + 0.0im, bound_norm=0.947018, free_norm=0.052982 + 0.0im
     | block_size = 200 
[TDSE] Runing TDSE-SH-linear (length gauge, dipole form). step 22400 energy = -0.448827422423231, norm_value = 1.0 + 0.0im, bound_norm=0.947087, free_norm=0.052913 + 0.0im
     | block_size = 200 
[TDSE] Runing TDSE-SH-linear (length gauge, dipole form). step 22600 energy = -0.44825293279305634, norm_value = 1.0 + 0.0im, bound_norm=0.947139, free_norm=0.052861 + 0.0im
     | block_size = 200 
[TDSE] Runing TDSE-SH-linear (length gauge, dipole form). step 22800 energy = -0.44750346072752833, norm_value = 1.0 + 0.0im, bound_norm=0.947108, free_norm=0.052892 + 0.0im
     | block_size = 200 
[TDSE] Runing TDSE-SH-linear (length gauge, dipole form). step 23000 energy = -0.44701885303397115, norm_value = 1.0 + 0.0im, bound_norm=0.947096, free_norm=0.052904 + 0.0im
     | block_size = 200 
[TDSE] Runing TDSE-SH-linear (length gauge, dipole form). step 23200 energy = -0.44692090345246854, norm_value = 1.0 + 0.0im, bound_norm=0.947101, free_norm=0.052899 + 0.0im
     | block_size = 200 
[TDSE] Runing TDSE-SH-linear (length gauge, dipole form). step 23400 energy = -0.4471788788629182, norm_value = 1.0 + 0.0im, bound_norm=0.947101, free_norm=0.052899 + 0.0im
     | block_size = 200 
[TDSE] Runing TDSE-SH-linear (length gauge, dipole form). step 23600 energy = -0.4476509559738459, norm_value = 1.0 + 0.0im, bound_norm=0.947118, free_norm=0.052882 + 0.0im
     | block_size = 200 
[TDSE] Runing TDSE-SH-linear (length gauge, dipole form). step 23800 energy = -0.4481955028391869, norm_value = 1.0 + 0.0im, bound_norm=0.947146, free_norm=0.052854 + 0.0im
     | block_size = 200 
[TDSE] Runing TDSE-SH-linear (length gauge, dipole form). step 24000 energy = -0.44863725793256015, norm_value = 1.0 + 0.0im, bound_norm=0.947148, free_norm=0.052852 + 0.0im
     | block_size = 200 
[TDSE] Runing TDSE-SH-linear (length gauge, dipole form). step 24200 energy = -0.44894804000950916, norm_value = 1.0 + 0.0im, bound_norm=0.947118, free_norm=0.052882 + 0.0im
     | block_size = 200 
[TDSE] Runing TDSE-SH-linear (length gauge, dipole form). step 24400 energy = -0.449148392220072, norm_value = 1.0 + 0.0im, bound_norm=0.947098, free_norm=0.052902 + 0.0im
     | block_size = 200 
[TDSE] Runing TDSE-SH-linear (length gauge, dipole form). step 24600 energy = -0.4492423660247738, norm_value = 1.0 + 0.0im, bound_norm=0.947089, free_norm=0.052911 + 0.0im
     | block_size = 200 
[TDSE] Runing TDSE-SH-linear (length gauge, dipole form). step 24800 energy = -0.4492592800210073, norm_value = 1.0 + 0.0im, bound_norm=0.947086, free_norm=0.052914 + 0.0im
     | block_size = 200 
[TDSE] Runing TDSE-SH-linear (length gauge, dipole form). step 25000 energy = -0.4492622946149328, norm_value = 1.0 + 0.0im, bound_norm=0.947086, free_norm=0.052914 + 0.0im
     | block_size = 200 
[TDSE] Runing TDSE-SH-linear (length gauge, dipole form). step 25200 energy = -0.4492611502339661, norm_value = 1.0 + 0.0im, bound_norm=0.947087, free_norm=0.052913 + 0.0im
     | block_size = 200 
[TDSE] Runing TDSE-SH-linear (length gauge, dipole form). step 25400 energy = -0.44926076890343225, norm_value = 1.0 + 0.0im, bound_norm=0.947088, free_norm=0.052912 + 0.0im
     | block_size = 200 
[TDSE] Runing TDSE-SH-linear (length gauge, dipole form). step 25600 energy = -0.4492619797265179, norm_value = 1.0 + 0.0im, bound_norm=0.947088, free_norm=0.052912 + 0.0im
     | block_size = 200 
[TDSE] Runing TDSE-SH-linear (length gauge, dipole form). step 25800 energy = -0.4492638958558825, norm_value = 1.0 + 0.0im, bound_norm=0.947087, free_norm=0.052913 + 0.0im
     | block_size = 200 
[TDSE] Runing TDSE-SH-linear (length gauge, dipole form). step 26000 energy = -0.44926421484865015, norm_value = 1.0 + 0.0im, bound_norm=0.947087, free_norm=0.052913 + 0.0im
     | block_size = 200 
[TDSE] Runing TDSE-SH-linear (length gauge, dipole form). step 26200 energy = -0.4492651609317908, norm_value = 1.0 + 0.0im, bound_norm=0.947087, free_norm=0.052913 + 0.0im
     | block_size = 200 
[TDSE] Runing TDSE-SH-linear (length gauge, dipole form). step 26400 energy = -0.4492652835495476, norm_value = 1.0 + 0.0im, bound_norm=0.947087, free_norm=0.052913 + 0.0im
     | block_size = 200 
Sample 2026_5_15_hg_massive_0.0675_0.0_0.0285_6.0_short_range does not exist. Exceute a new sample.
[ITP]: 10000.496424741636
[ITP]: 3.468948764850932e-6
[ITP]: 2.0119768988635656e-6
[ITP]: 1.2363970314233086e-6
[ITP]: 7.802127368616851e-7
[ITP]: 5.004886823867238e-7
[ITP]: 3.247063635747338e-7
[ITP]: 2.1241854042397534e-7
[ITP]: 1.3984492786001113e-7
[ITP]: 9.25260389417204e-8
[ITP]: 6.146357944825098e-8
[ITP]: 4.0962812142275595e-8
[ITP]: 2.737382170936442e-8
[ITP]: 1.8334269435982264e-8
[ITP]: 1.2303307206362746e-8
[ITP]: 8.269649631742482e-9
[ITP]: 5.566198502116038e-9
[ITP]: 3.7510526906814334e-9
[ITP]: 2.530471499007092e-9
[ITP]: 1.7086173587088638e-9
[ITP]: 1.154605577813328e-9
[ITP]: 7.807770541212733e-10
[ITP]: 5.283077308959605e-10
[ITP]: 3.576713369923823e-10
[ITP]: 2.422650968725293e-10
[ITP]: 1.6416579207145787e-10
[ITP]: 1.1128536980820058e-10
[ITP]: 7.546496760824084e-11
[ITP]: 5.119060730862657e-11
[ITP]: 3.4733049769641866e-11
[ITP]: 2.3571977703085167e-11
[ITP]: 1.6002199565434694e-11
[ITP]: 1.086369882941085e-11
[ITP]: 7.378653243961253e-12
[ITP]: 5.010714065889488e-12
[ITP]: 3.4039993046519612e-12
[ITP]: 2.313038649504051e-12
[ITP]: 1.570410468332284e-12
[ITP]: 1.0681455719918631e-12
[ITP]: 7.265299473147024e-13
[ITP]: 4.919398222114069e-13
[ITP]: 3.346212196220222e-13
[ITP]: 2.2842838731662596e-13
[ITP]: 1.5498713423767185e-13
[ITP]: 1.0536016503692736e-13
[ITP]: 7.188694084447889e-14
[ITP]: 4.801714581503802e-14
[ITP]: 3.347322419244847e-14
[ITP]: 2.3148150063434514e-14
[ITP]: 1.4432899320127035e-14
[ITP]: 1.1102230246251565e-14
[ITP]: 7.16093850883226e-15
[ITP]: 4.440892098500626e-15
[ITP]: 2.6645352591003757e-15
[ITP]: 2.831068712794149e-15
[ITP]: 1.4988010832439613e-15
[ITP]: 6.661338147750939e-16
[ITP]: 7.771561172376096e-16
[ITP]: 5.551115123125783e-16
[ITP]: 2.220446049250313e-16
[ITP]: 4.440892098500626e-16
[ITP]: 6.106226635438361e-16
[ITP]: 7.216449660063518e-16
[ITP]: 4.440892098500626e-16
[ITP]: 4.440892098500626e-16
[ITP]: 3.3306690738754696e-16
[ITP]: 1.1102230246251565e-15
[ITP]: 1.1102230246251565e-16
[ITP]: 7.216449660063518e-16
[ITP]: 1.1102230246251565e-16
[ITP]: 8.326672684688674e-16
[ITP]: 7.216449660063518e-16
[ITP]: 2.7755575615628914e-16
[ITP]: 4.996003610813204e-16
[ITP]: 4.440892098500626e-16
[ITP]: 4.440892098500626e-16
[ITP]: 1.6653345369377348e-16
[ITP]: 4.996003610813204e-16
[ITP]: 1.1657341758564144e-15
[ITP]: 1.1102230246251565e-16
[ITP]: 0.0
[TDSE] Runing TDSE-SH-linear (length gauge, dipole form). step 0 energy = -0.4964336949924361, norm_value = 1.0 + 0.0im, bound_norm=1.0, free_norm=0.0 + 0.0im
     | block_size = 3 
[TDSE] Runing TDSE-SH-linear (length gauge, dipole form). step 200 energy = -0.49643369198341514, norm_value = 1.0 + 0.0im, bound_norm=1.0, free_norm=0.0 + 0.0im
     | block_size = 3 
[TDSE] Runing TDSE-SH-linear (length gauge, dipole form). step 400 energy = -0.4964336578029228, norm_value = 1.0 + 0.0im, bound_norm=1.0, free_norm=0.0 + 0.0im
     | block_size = 4 
[TDSE] Runing TDSE-SH-linear (length gauge, dipole form). step 600 energy = -0.49643357751274875, norm_value = 1.0 + 0.0im, bound_norm=1.0, free_norm=0.0 + 0.0im
     | block_size = 4 
[TDSE] Runing TDSE-SH-linear (length gauge, dipole form). step 800 energy = -0.49643354769437126, norm_value = 1.0 + 0.0im, bound_norm=1.0, free_norm=0.0 + 0.0im
     | block_size = 4 
[TDSE] Runing TDSE-SH-linear (length gauge, dipole form). step 1000 energy = -0.49643363780921695, norm_value = 1.0 + 0.0im, bound_norm=1.0, free_norm=0.0 + 0.0im
     | block_size = 4 
[TDSE] Runing TDSE-SH-linear (length gauge, dipole form). step 1200 energy = -0.4964336019794035, norm_value = 1.0 + 0.0im, bound_norm=1.0, free_norm=0.0 + 0.0im
     | block_size = 4 
[TDSE] Runing TDSE-SH-linear (length gauge, dipole form). step 1400 energy = -0.4964323985107745, norm_value = 1.0 + 0.0im, bound_norm=1.0, free_norm=0.0 + 0.0im
     | block_size = 4 
[TDSE] Runing TDSE-SH-linear (length gauge, dipole form). step 1600 energy = -0.49642826819537095, norm_value = 1.0 + 0.0im, bound_norm=0.999998, free_norm=2.0e-6 + 0.0im
     | block_size = 5 
[TDSE] Runing TDSE-SH-linear (length gauge, dipole form). step 1800 energy = -0.4964192826660381, norm_value = 1.0 + 0.0im, bound_norm=0.999996, free_norm=4.0e-6 + 0.0im
     | block_size = 6 
[TDSE] Runing TDSE-SH-linear (length gauge, dipole form). step 2000 energy = -0.4964053231791031, norm_value = 1.0 + 0.0im, bound_norm=0.999991, free_norm=9.0e-6 + 0.0im
     | block_size = 9 
[TDSE] Runing TDSE-SH-linear (length gauge, dipole form). step 2200 energy = -0.4963886271590283, norm_value = 1.0 + 0.0im, bound_norm=0.999986, free_norm=1.4e-5 + 0.0im
     | block_size = 12 
[TDSE] Runing TDSE-SH-linear (length gauge, dipole form). step 2400 energy = -0.4963750680577711, norm_value = 1.0 + 0.0im, bound_norm=0.999982, free_norm=1.8e-5 + 0.0im
     | block_size = 15 
[TDSE] Runing TDSE-SH-linear (length gauge, dipole form). step 2600 energy = -0.49637177663542775, norm_value = 1.0 + 0.0im, bound_norm=0.999981, free_norm=1.9e-5 + 0.0im
     | block_size = 19 
[TDSE] Runing TDSE-SH-linear (length gauge, dipole form). step 2800 energy = -0.49638291965156495, norm_value = 1.0 + 0.0im, bound_norm=0.999984, free_norm=1.6e-5 + 0.0im
     | block_size = 23 
[TDSE] Runing TDSE-SH-linear (length gauge, dipole form). step 3000 energy = -0.496406134565328, norm_value = 1.0 + 0.0im, bound_norm=0.999992, free_norm=8.0e-6 + 0.0im
     | block_size = 27 
[TDSE] Runing TDSE-SH-linear (length gauge, dipole form). step 3200 energy = -0.4964283382016544, norm_value = 1.0 + 0.0im, bound_norm=0.999999, free_norm=1.0e-6 + 0.0im
     | block_size = 29 
[TDSE] Runing TDSE-SH-linear (length gauge, dipole form). step 3400 energy = -0.49642846499964766, norm_value = 1.0 + 0.0im, bound_norm=0.999999, free_norm=1.0e-6 + 0.0im
     | block_size = 29 
[TDSE] Runing TDSE-SH-linear (length gauge, dipole form). step 3600 energy = -0.4963835356540117, norm_value = 1.0 + 0.0im, bound_norm=0.999985, free_norm=1.5e-5 + 0.0im
     | block_size = 26 
[TDSE] Runing TDSE-SH-linear (length gauge, dipole form). step 3800 energy = -0.4962798196391797, norm_value = 1.0 + 0.0im, bound_norm=0.999953, free_norm=4.7e-5 + 0.0im
     | block_size = 19 
[TDSE] Runing TDSE-SH-linear (length gauge, dipole form). step 4000 energy = -0.49612231654489214, norm_value = 1.0 + 0.0im, bound_norm=0.999905, free_norm=9.5e-5 + 0.0im
     | block_size = 12 
[TDSE] Runing TDSE-SH-linear (length gauge, dipole form). step 4200 energy = -0.49594261813617757, norm_value = 1.0 + 0.0im, bound_norm=0.999852, free_norm=0.000148 + 0.0im
     | block_size = 19 
[TDSE] Runing TDSE-SH-linear (length gauge, dipole form). step 4400 energy = -0.4957937641045266, norm_value = 1.0 + 0.0im, bound_norm=0.999808, free_norm=0.000192 + 0.0im
     | block_size = 29 
[TDSE] Runing TDSE-SH-linear (length gauge, dipole form). step 4600 energy = -0.4957339723806465, norm_value = 1.0 + 0.0im, bound_norm=0.999791, free_norm=0.000209 + 0.0im
     | block_size = 39 
[TDSE] Runing TDSE-SH-linear (length gauge, dipole form). step 4800 energy = -0.49580136514859935, norm_value = 1.0 + 0.0im, bound_norm=0.999811, free_norm=0.000189 + 0.0im
     | block_size = 49 
[TDSE] Runing TDSE-SH-linear (length gauge, dipole form). step 5000 energy = -0.49598493232131036, norm_value = 1.0 + 0.0im, bound_norm=0.999865, free_norm=0.000135 + 0.0im
     | block_size = 59 
[TDSE] Runing TDSE-SH-linear (length gauge, dipole form). step 5200 energy = -0.4962181195447779, norm_value = 1.0 + 0.0im, bound_norm=0.999935, free_norm=6.5e-5 + 0.0im
     | block_size = 69 
[TDSE] Runing TDSE-SH-linear (length gauge, dipole form). step 5400 energy = -0.496395286527838, norm_value = 1.0 + 0.0im, bound_norm=0.999989, free_norm=1.1e-5 + 0.0im
     | block_size = 75 
[TDSE] Runing TDSE-SH-linear (length gauge, dipole form). step 5600 energy = -0.49640395448029245, norm_value = 1.0 + 0.0im, bound_norm=0.999992, free_norm=8.0e-6 + 0.0im
     | block_size = 75 
[TDSE] Runing TDSE-SH-linear (length gauge, dipole form). step 5800 energy = -0.496162719242898, norm_value = 1.0 + 0.0im, bound_norm=0.999918, free_norm=8.2e-5 + 0.0im
     | block_size = 69 
[TDSE] Runing TDSE-SH-linear (length gauge, dipole form). step 6000 energy = -0.4956526343782418, norm_value = 1.0 + 0.0im, bound_norm=0.999767, free_norm=0.000233 + 0.0im
     | block_size = 63 
[TDSE] Runing TDSE-SH-linear (length gauge, dipole form). step 6200 energy = -0.4949432071966913, norm_value = 1.0 + 0.0im, bound_norm=0.999571, free_norm=0.000429 + 0.0im
     | block_size = 65 
[TDSE] Runing TDSE-SH-linear (length gauge, dipole form). step 6400 energy = -0.49420105377137774, norm_value = 1.0 + 0.0im, bound_norm=0.999383, free_norm=0.000617 + 0.0im
     | block_size = 75 
[TDSE] Runing TDSE-SH-linear (length gauge, dipole form). step 6600 energy = -0.4936699976148055, norm_value = 1.0 + 0.0im, bound_norm=0.999262, free_norm=0.000738 + 0.0im
     | block_size = 85 
[TDSE] Runing TDSE-SH-linear (length gauge, dipole form). step 6800 energy = -0.4935880839564412, norm_value = 1.0 + 0.0im, bound_norm=0.999243, free_norm=0.000757 + 0.0im
     | block_size = 94 
[TDSE] Runing TDSE-SH-linear (length gauge, dipole form). step 7000 energy = -0.49404499198729285, norm_value = 1.0 + 0.0im, bound_norm=0.999336, free_norm=0.000664 + 0.0im
     | block_size = 104 
[TDSE] Runing TDSE-SH-linear (length gauge, dipole form). step 7200 energy = -0.4948708483188313, norm_value = 1.0 + 0.0im, bound_norm=0.99954, free_norm=0.00046 + 0.0im
     | block_size = 114 
[TDSE] Runing TDSE-SH-linear (length gauge, dipole form). step 7400 energy = -0.49572731141697657, norm_value = 1.0 + 0.0im, bound_norm=0.999788, free_norm=0.000212 + 0.0im
     | block_size = 124 
[TDSE] Runing TDSE-SH-linear (length gauge, dipole form). step 7600 energy = -0.4963044926310289, norm_value = 1.0 + 0.0im, bound_norm=0.999957, free_norm=4.3e-5 + 0.0im
     | block_size = 134 
[TDSE] Runing TDSE-SH-linear (length gauge, dipole form). step 7800 energy = -0.4963492302331434, norm_value = 1.0 + 0.0im, bound_norm=0.999972, free_norm=2.8e-5 + 0.0im
     | block_size = 135 
[TDSE] Runing TDSE-SH-linear (length gauge, dipole form). step 8000 energy = -0.4957103599843335, norm_value = 1.0 + 0.0im, bound_norm=0.999781, free_norm=0.000219 + 0.0im
     | block_size = 133 
[TDSE] Runing TDSE-SH-linear (length gauge, dipole form). step 8200 energy = -0.4943865344517003, norm_value = 1.0 + 0.0im, bound_norm=0.99942, free_norm=0.00058 + 0.0im
     | block_size = 143 
[TDSE] Runing TDSE-SH-linear (length gauge, dipole form). step 8400 energy = -0.49251437121913266, norm_value = 1.0 + 0.0im, bound_norm=0.998991, free_norm=0.001009 + 0.0im
     | block_size = 153 
[TDSE] Runing TDSE-SH-linear (length gauge, dipole form). step 8600 energy = -0.49045059903858346, norm_value = 1.0 + 0.0im, bound_norm=0.998638, free_norm=0.001362 + 0.0im
     | block_size = 163 
[TDSE] Runing TDSE-SH-linear (length gauge, dipole form). step 8800 energy = -0.4887779786116907, norm_value = 1.0 + 0.0im, bound_norm=0.998323, free_norm=0.001677 + 0.0im
     | block_size = 168 
[TDSE] Runing TDSE-SH-linear (length gauge, dipole form). step 9000 energy = -0.4881566893696696, norm_value = 1.0 + 0.0im, bound_norm=0.997872, free_norm=0.002128 + 0.0im
     | block_size = 178 
[TDSE] Runing TDSE-SH-linear (length gauge, dipole form). step 9200 energy = -0.48895443450044795, norm_value = 1.0 + 0.0im, bound_norm=0.997396, free_norm=0.002604 + 0.0im
     | block_size = 188 
[TDSE] Runing TDSE-SH-linear (length gauge, dipole form). step 9400 energy = -0.4906412285062777, norm_value = 1.0 + 0.0im, bound_norm=0.997178, free_norm=0.002822 + 0.0im
     | block_size = 198 
[TDSE] Runing TDSE-SH-linear (length gauge, dipole form). step 9600 energy = -0.4919890025767065, norm_value = 1.0 + 0.0im, bound_norm=0.997504, free_norm=0.002496 + 0.0im
     | block_size = 200 
[TDSE] Runing TDSE-SH-linear (length gauge, dipole form). step 9800 energy = -0.49260654976731044, norm_value = 1.0 + 0.0im, bound_norm=0.997902, free_norm=0.002098 + 0.0im
     | block_size = 200 
[TDSE] Runing TDSE-SH-linear (length gauge, dipole form). step 10000 energy = -0.49267187134534085, norm_value = 1.0 + 0.0im, bound_norm=0.997907, free_norm=0.002093 + 0.0im
     | block_size = 200 
[TDSE] Runing TDSE-SH-linear (length gauge, dipole form). step 10200 energy = -0.49203561949874347, norm_value = 1.0 + 0.0im, bound_norm=0.997588, free_norm=0.002412 + 0.0im
     | block_size = 200 
[TDSE] Runing TDSE-SH-linear (length gauge, dipole form). step 10400 energy = -0.49046339815234186, norm_value = 1.0 + 0.0im, bound_norm=0.997037, free_norm=0.002963 + 0.0im
     | block_size = 200 
[TDSE] Runing TDSE-SH-linear (length gauge, dipole form). step 10600 energy = -0.4876495166643875, norm_value = 1.0 + 0.0im, bound_norm=0.996343, free_norm=0.003657 + 0.0im
     | block_size = 200 
[TDSE] Runing TDSE-SH-linear (length gauge, dipole form). step 10800 energy = -0.4835022664268676, norm_value = 1.0 + 0.0im, bound_norm=0.995272, free_norm=0.004728 + 0.0im
     | block_size = 200 
[TDSE] Runing TDSE-SH-linear (length gauge, dipole form). step 11000 energy = -0.47780002664359567, norm_value = 1.0 + 0.0im, bound_norm=0.992259, free_norm=0.007741 + 0.0im
     | block_size = 200 
[TDSE] Runing TDSE-SH-linear (length gauge, dipole form). step 11200 energy = -0.47044016716494713, norm_value = 1.0 + 0.0im, bound_norm=0.987043, free_norm=0.012957 + 0.0im
     | block_size = 200 
[TDSE] Runing TDSE-SH-linear (length gauge, dipole form). step 11400 energy = -0.46193278481807704, norm_value = 1.0 + 0.0im, bound_norm=0.982129, free_norm=0.017871 + 0.0im
     | block_size = 200 
[TDSE] Runing TDSE-SH-linear (length gauge, dipole form). step 11600 energy = -0.4531076767630579, norm_value = 1.0 + 0.0im, bound_norm=0.979295, free_norm=0.020705 + 0.0im
     | block_size = 200 
[TDSE] Runing TDSE-SH-linear (length gauge, dipole form). step 11800 energy = -0.44433787789263735, norm_value = 1.0 + 0.0im, bound_norm=0.978422, free_norm=0.021578 + 0.0im
     | block_size = 200 
[TDSE] Runing TDSE-SH-linear (length gauge, dipole form). step 12000 energy = -0.43770109695085885, norm_value = 1.0 + 0.0im, bound_norm=0.978976, free_norm=0.021024 + 0.0im
     | block_size = 200 
[TDSE] Runing TDSE-SH-linear (length gauge, dipole form). step 12200 energy = -0.43686937696039463, norm_value = 1.0 + 0.0im, bound_norm=0.978968, free_norm=0.021032 + 0.0im
     | block_size = 200 
[TDSE] Runing TDSE-SH-linear (length gauge, dipole form). step 12400 energy = -0.44231707960001543, norm_value = 1.0 + 0.0im, bound_norm=0.978575, free_norm=0.021425 + 0.0im
     | block_size = 200 
[TDSE] Runing TDSE-SH-linear (length gauge, dipole form). step 12600 energy = -0.45119646843320527, norm_value = 1.0 + 0.0im, bound_norm=0.977727, free_norm=0.022273 + 0.0im
     | block_size = 200 
[TDSE] Runing TDSE-SH-linear (length gauge, dipole form). step 12800 energy = -0.45957843610995847, norm_value = 1.0 + 0.0im, bound_norm=0.976932, free_norm=0.023068 + 0.0im
     | block_size = 200 
[TDSE] Runing TDSE-SH-linear (length gauge, dipole form). step 13000 energy = -0.46235578018224427, norm_value = 1.0 + 0.0im, bound_norm=0.974818, free_norm=0.025182 + 0.0im
     | block_size = 200 
[TDSE] Runing TDSE-SH-linear (length gauge, dipole form). step 13200 energy = -0.4546957017646682, norm_value = 1.0 + 0.0im, bound_norm=0.968522, free_norm=0.031478 + 0.0im
     | block_size = 200 
[TDSE] Runing TDSE-SH-linear (length gauge, dipole form). step 13400 energy = -0.4339998235889028, norm_value = 1.0 + 0.0im, bound_norm=0.958901, free_norm=0.041099 + 0.0im
     | block_size = 200 
[TDSE] Runing TDSE-SH-linear (length gauge, dipole form). step 13600 energy = -0.40159031722782706, norm_value = 1.0 + 0.0im, bound_norm=0.950671, free_norm=0.049329 + 0.0im
     | block_size = 200 
[TDSE] Runing TDSE-SH-linear (length gauge, dipole form). step 13800 energy = -0.3636860151929058, norm_value = 1.0 + 0.0im, bound_norm=0.94626, free_norm=0.05374 + 0.0im
     | block_size = 200 
[TDSE] Runing TDSE-SH-linear (length gauge, dipole form). step 14000 energy = -0.32808468220495907, norm_value = 1.0 + 0.0im, bound_norm=0.944725, free_norm=0.055275 + 0.0im
     | block_size = 200 
[TDSE] Runing TDSE-SH-linear (length gauge, dipole form). step 14200 energy = -0.30425333290960527, norm_value = 1.0 + 0.0im, bound_norm=0.94522, free_norm=0.05478 + 0.0im
     | block_size = 200 
[TDSE] Runing TDSE-SH-linear (length gauge, dipole form). step 14400 energy = -0.30092623599303914, norm_value = 1.0 + 0.0im, bound_norm=0.945221, free_norm=0.054779 + 0.0im
     | block_size = 200 
[TDSE] Runing TDSE-SH-linear (length gauge, dipole form). step 14600 energy = -0.3190750061435853, norm_value = 1.0 + 0.0im, bound_norm=0.944884, free_norm=0.055116 + 0.0im
     | block_size = 200 
[TDSE] Runing TDSE-SH-linear (length gauge, dipole form). step 14800 energy = -0.3518590537992176, norm_value = 1.0 + 0.0im, bound_norm=0.943967, free_norm=0.056033 + 0.0im
     | block_size = 200 
[TDSE] Runing TDSE-SH-linear (length gauge, dipole form). step 15000 energy = -0.38871832016316665, norm_value = 1.0 + 0.0im, bound_norm=0.943483, free_norm=0.056517 + 0.0im
     | block_size = 200 
[TDSE] Runing TDSE-SH-linear (length gauge, dipole form). step 15200 energy = -0.4172511232522916, norm_value = 1.0 + 0.0im, bound_norm=0.942159, free_norm=0.057841 + 0.0im
     | block_size = 200 
[TDSE] Runing TDSE-SH-linear (length gauge, dipole form). step 15400 energy = -0.42779685791015565, norm_value = 1.0 + 0.0im, bound_norm=0.938836, free_norm=0.061164 + 0.0im
     | block_size = 200 
[TDSE] Runing TDSE-SH-linear (length gauge, dipole form). step 15600 energy = -0.41627402307646544, norm_value = 1.0 + 0.0im, bound_norm=0.933183, free_norm=0.066817 + 0.0im
     | block_size = 200 
[TDSE] Runing TDSE-SH-linear (length gauge, dipole form). step 15800 energy = -0.38639526851925554, norm_value = 1.0 + 0.0im, bound_norm=0.928819, free_norm=0.071181 + 0.0im
     | block_size = 200 
[TDSE] Runing TDSE-SH-linear (length gauge, dipole form). step 16000 energy = -0.346576149727477, norm_value = 1.0 + 0.0im, bound_norm=0.926488, free_norm=0.073512 + 0.0im
     | block_size = 200 
[TDSE] Runing TDSE-SH-linear (length gauge, dipole form). step 16200 energy = -0.3079213770636135, norm_value = 1.0 + 0.0im, bound_norm=0.926071, free_norm=0.073929 + 0.0im
     | block_size = 200 
[TDSE] Runing TDSE-SH-linear (length gauge, dipole form). step 16400 energy = -0.2824148049088729, norm_value = 1.0 + 0.0im, bound_norm=0.926568, free_norm=0.073432 + 0.0im
     | block_size = 200 
[TDSE] Runing TDSE-SH-linear (length gauge, dipole form). step 16600 energy = -0.2784722243252749, norm_value = 1.0 + 0.0im, bound_norm=0.926557, free_norm=0.073443 + 0.0im
     | block_size = 200 
[TDSE] Runing TDSE-SH-linear (length gauge, dipole form). step 16800 energy = -0.2964901946765046, norm_value = 1.0 + 0.0im, bound_norm=0.926315, free_norm=0.073685 + 0.0im
     | block_size = 200 
[TDSE] Runing TDSE-SH-linear (length gauge, dipole form). step 17000 energy = -0.3299932637975859, norm_value = 1.0 + 0.0im, bound_norm=0.925873, free_norm=0.074127 + 0.0im
     | block_size = 200 
[TDSE] Runing TDSE-SH-linear (length gauge, dipole form). step 17200 energy = -0.3683043450418731, norm_value = 1.0 + 0.0im, bound_norm=0.925455, free_norm=0.074545 + 0.0im
     | block_size = 200 
[TDSE] Runing TDSE-SH-linear (length gauge, dipole form). step 17400 energy = -0.4003591395568656, norm_value = 1.0 + 0.0im, bound_norm=0.925098, free_norm=0.074902 + 0.0im
     | block_size = 200 
[TDSE] Runing TDSE-SH-linear (length gauge, dipole form). step 17600 energy = -0.4181890757907553, norm_value = 1.0 + 0.0im, bound_norm=0.925032, free_norm=0.074968 + 0.0im
     | block_size = 200 
[TDSE] Runing TDSE-SH-linear (length gauge, dipole form). step 17800 energy = -0.4188981377361368, norm_value = 1.0 + 0.0im, bound_norm=0.924878, free_norm=0.075122 + 0.0im
     | block_size = 200 
[TDSE] Runing TDSE-SH-linear (length gauge, dipole form). step 18000 energy = -0.4054371737101728, norm_value = 1.0 + 0.0im, bound_norm=0.924061, free_norm=0.075939 + 0.0im
     | block_size = 200 
[TDSE] Runing TDSE-SH-linear (length gauge, dipole form). step 18200 energy = -0.3830998076984184, norm_value = 1.0 + 0.0im, bound_norm=0.923933, free_norm=0.076067 + 0.0im
     | block_size = 200 
[TDSE] Runing TDSE-SH-linear (length gauge, dipole form). step 18400 energy = -0.3611423431115744, norm_value = 1.0 + 0.0im, bound_norm=0.924294, free_norm=0.075706 + 0.0im
     | block_size = 200 
[TDSE] Runing TDSE-SH-linear (length gauge, dipole form). step 18600 energy = -0.34708206796658964, norm_value = 1.0 + 0.0im, bound_norm=0.924526, free_norm=0.075474 + 0.0im
     | block_size = 200 
[TDSE] Runing TDSE-SH-linear (length gauge, dipole form). step 18800 energy = -0.344650459594124, norm_value = 1.0 + 0.0im, bound_norm=0.924556, free_norm=0.075444 + 0.0im
     | block_size = 200 
[TDSE] Runing TDSE-SH-linear (length gauge, dipole form). step 19000 energy = -0.3539130946101724, norm_value = 1.0 + 0.0im, bound_norm=0.924423, free_norm=0.075577 + 0.0im
     | block_size = 200 
[TDSE] Runing TDSE-SH-linear (length gauge, dipole form). step 19200 energy = -0.37152044198096934, norm_value = 1.0 + 0.0im, bound_norm=0.924259, free_norm=0.075741 + 0.0im
     | block_size = 200 
[TDSE] Runing TDSE-SH-linear (length gauge, dipole form). step 19400 energy = -0.3919860879990013, norm_value = 1.0 + 0.0im, bound_norm=0.924071, free_norm=0.075929 + 0.0im
     | block_size = 200 
[TDSE] Runing TDSE-SH-linear (length gauge, dipole form). step 19600 energy = -0.40957976525548134, norm_value = 1.0 + 0.0im, bound_norm=0.924042, free_norm=0.075958 + 0.0im
     | block_size = 200 
[TDSE] Runing TDSE-SH-linear (length gauge, dipole form). step 19800 energy = -0.4204289618456967, norm_value = 1.0 + 0.0im, bound_norm=0.924319, free_norm=0.075681 + 0.0im
     | block_size = 200 
[TDSE] Runing TDSE-SH-linear (length gauge, dipole form). step 20000 energy = -0.4231672647259983, norm_value = 1.0 + 0.0im, bound_norm=0.924597, free_norm=0.075403 + 0.0im
     | block_size = 200 
[TDSE] Runing TDSE-SH-linear (length gauge, dipole form). step 20200 energy = -0.4192555947309533, norm_value = 1.0 + 0.0im, bound_norm=0.924548, free_norm=0.075452 + 0.0im
     | block_size = 200 
[TDSE] Runing TDSE-SH-linear (length gauge, dipole form). step 20400 energy = -0.4116568232982477, norm_value = 1.0 + 0.0im, bound_norm=0.924324, free_norm=0.075676 + 0.0im
     | block_size = 200 
[TDSE] Runing TDSE-SH-linear (length gauge, dipole form). step 20600 energy = -0.40399617944789334, norm_value = 1.0 + 0.0im, bound_norm=0.924463, free_norm=0.075537 + 0.0im
     | block_size = 200 
[TDSE] Runing TDSE-SH-linear (length gauge, dipole form). step 20800 energy = -0.39890387684868067, norm_value = 1.0 + 0.0im, bound_norm=0.924567, free_norm=0.075433 + 0.0im
     | block_size = 200 
[TDSE] Runing TDSE-SH-linear (length gauge, dipole form). step 21000 energy = -0.39798442926596683, norm_value = 1.0 + 0.0im, bound_norm=0.924606, free_norm=0.075394 + 0.0im
     | block_size = 200 
[TDSE] Runing TDSE-SH-linear (length gauge, dipole form). step 21200 energy = -0.400966146147962, norm_value = 1.0 + 0.0im, bound_norm=0.924575, free_norm=0.075425 + 0.0im
     | block_size = 200 
[TDSE] Runing TDSE-SH-linear (length gauge, dipole form). step 21400 energy = -0.40690206038675963, norm_value = 1.0 + 0.0im, bound_norm=0.924546, free_norm=0.075454 + 0.0im
     | block_size = 200 
[TDSE] Runing TDSE-SH-linear (length gauge, dipole form). step 21600 energy = -0.4134834653852189, norm_value = 1.0 + 0.0im, bound_norm=0.924516, free_norm=0.075484 + 0.0im
     | block_size = 200 
[TDSE] Runing TDSE-SH-linear (length gauge, dipole form). step 21800 energy = -0.4191747798890505, norm_value = 1.0 + 0.0im, bound_norm=0.924619, free_norm=0.075381 + 0.0im
     | block_size = 200 
[TDSE] Runing TDSE-SH-linear (length gauge, dipole form). step 22000 energy = -0.42301709146979255, norm_value = 1.0 + 0.0im, bound_norm=0.924671, free_norm=0.075329 + 0.0im
     | block_size = 200 
[TDSE] Runing TDSE-SH-linear (length gauge, dipole form). step 22200 energy = -0.42490203715652275, norm_value = 1.0 + 0.0im, bound_norm=0.924516, free_norm=0.075484 + 0.0im
     | block_size = 200 
[TDSE] Runing TDSE-SH-linear (length gauge, dipole form). step 22400 energy = -0.4246390931674372, norm_value = 1.0 + 0.0im, bound_norm=0.924774, free_norm=0.075226 + 0.0im
     | block_size = 200 
[TDSE] Runing TDSE-SH-linear (length gauge, dipole form). step 22600 energy = -0.4238742312478907, norm_value = 1.0 + 0.0im, bound_norm=0.9248, free_norm=0.0752 + 0.0im
     | block_size = 200 
[TDSE] Runing TDSE-SH-linear (length gauge, dipole form). step 22800 energy = -0.42253867113998494, norm_value = 1.0 + 0.0im, bound_norm=0.924764, free_norm=0.075236 + 0.0im
     | block_size = 200 
[TDSE] Runing TDSE-SH-linear (length gauge, dipole form). step 23000 energy = -0.42178207192339295, norm_value = 1.0 + 0.0im, bound_norm=0.924735, free_norm=0.075265 + 0.0im
     | block_size = 200 
[TDSE] Runing TDSE-SH-linear (length gauge, dipole form). step 23200 energy = -0.42161203464030544, norm_value = 1.0 + 0.0im, bound_norm=0.924737, free_norm=0.075263 + 0.0im
     | block_size = 200 
[TDSE] Runing TDSE-SH-linear (length gauge, dipole form). step 23400 energy = -0.4220693291687811, norm_value = 1.0 + 0.0im, bound_norm=0.924742, free_norm=0.075258 + 0.0im
     | block_size = 200 
[TDSE] Runing TDSE-SH-linear (length gauge, dipole form). step 23600 energy = -0.4227346616422889, norm_value = 1.0 + 0.0im, bound_norm=0.924781, free_norm=0.075219 + 0.0im
     | block_size = 200 
[TDSE] Runing TDSE-SH-linear (length gauge, dipole form). step 23800 energy = -0.4236512345410878, norm_value = 1.0 + 0.0im, bound_norm=0.924835, free_norm=0.075165 + 0.0im
     | block_size = 200 
[TDSE] Runing TDSE-SH-linear (length gauge, dipole form). step 24000 energy = -0.4243920341790041, norm_value = 1.0 + 0.0im, bound_norm=0.92483, free_norm=0.07517 + 0.0im
     | block_size = 200 
[TDSE] Runing TDSE-SH-linear (length gauge, dipole form). step 24200 energy = -0.42481314956702637, norm_value = 1.0 + 0.0im, bound_norm=0.924758, free_norm=0.075242 + 0.0im
     | block_size = 200 
[TDSE] Runing TDSE-SH-linear (length gauge, dipole form). step 24400 energy = -0.4251903063393148, norm_value = 1.0 + 0.0im, bound_norm=0.924709, free_norm=0.075291 + 0.0im
     | block_size = 200 
[TDSE] Runing TDSE-SH-linear (length gauge, dipole form). step 24600 energy = -0.4253055876238127, norm_value = 1.0 + 0.0im, bound_norm=0.924709, free_norm=0.075291 + 0.0im
     | block_size = 200 
[TDSE] Runing TDSE-SH-linear (length gauge, dipole form). step 24800 energy = -0.4253541965657785, norm_value = 1.0 + 0.0im, bound_norm=0.924713, free_norm=0.075287 + 0.0im
     | block_size = 200 
[TDSE] Runing TDSE-SH-linear (length gauge, dipole form). step 25000 energy = -0.4253676638238835, norm_value = 1.0 + 0.0im, bound_norm=0.924714, free_norm=0.075286 + 0.0im
     | block_size = 200 
[TDSE] Runing TDSE-SH-linear (length gauge, dipole form). step 25200 energy = -0.42536382415334417, norm_value = 1.0 + 0.0im, bound_norm=0.924714, free_norm=0.075286 + 0.0im
     | block_size = 200 
[TDSE] Runing TDSE-SH-linear (length gauge, dipole form). step 25400 energy = -0.4253642254441, norm_value = 1.0 + 0.0im, bound_norm=0.924714, free_norm=0.075286 + 0.0im
     | block_size = 200 
[TDSE] Runing TDSE-SH-linear (length gauge, dipole form). step 25600 energy = -0.42536637676909766, norm_value = 1.0 + 0.0im, bound_norm=0.924715, free_norm=0.075285 + 0.0im
     | block_size = 200 
[TDSE] Runing TDSE-SH-linear (length gauge, dipole form). step 25800 energy = -0.4253680759215301, norm_value = 1.0 + 0.0im, bound_norm=0.924715, free_norm=0.075285 + 0.0im
     | block_size = 200 
[TDSE] Runing TDSE-SH-linear (length gauge, dipole form). step 26000 energy = -0.4253658730287898, norm_value = 1.0 + 0.0im, bound_norm=0.924715, free_norm=0.075285 + 0.0im
     | block_size = 200 
[TDSE] Runing TDSE-SH-linear (length gauge, dipole form). step 26200 energy = -0.4253677125162298, norm_value = 1.0 + 0.0im, bound_norm=0.924716, free_norm=0.075284 + 0.0im
     | block_size = 200 
[TDSE] Runing TDSE-SH-linear (length gauge, dipole form). step 26400 energy = -0.42536759920481376, norm_value = 1.0 + 0.0im, bound_norm=0.924716, free_norm=0.075284 + 0.0im
     | block_size = 200 
Sample 2026_5_15_hg_massive_0.07_0.0_0.0285_6.0_short_range does not exist. Exceute a new sample.
[ITP]: 10000.496424741636
[ITP]: 3.468948764850932e-6
[ITP]: 2.0119768988635656e-6
[ITP]: 1.2363970314233086e-6
[ITP]: 7.802127368616851e-7
[ITP]: 5.004886823867238e-7
[ITP]: 3.247063635747338e-7
[ITP]: 2.1241854042397534e-7
[ITP]: 1.3984492786001113e-7
[ITP]: 9.25260389417204e-8
[ITP]: 6.146357944825098e-8
[ITP]: 4.0962812142275595e-8
[ITP]: 2.737382170936442e-8
[ITP]: 1.8334269435982264e-8
[ITP]: 1.2303307206362746e-8
[ITP]: 8.269649631742482e-9
[ITP]: 5.566198502116038e-9
[ITP]: 3.7510526906814334e-9
[ITP]: 2.530471499007092e-9
[ITP]: 1.7086173587088638e-9
[ITP]: 1.154605577813328e-9
[ITP]: 7.807770541212733e-10
[ITP]: 5.283077308959605e-10
[ITP]: 3.576713369923823e-10
[ITP]: 2.422650968725293e-10
[ITP]: 1.6416579207145787e-10
[ITP]: 1.1128536980820058e-10
[ITP]: 7.546496760824084e-11
[ITP]: 5.119060730862657e-11
[ITP]: 3.4733049769641866e-11
[ITP]: 2.3571977703085167e-11
[ITP]: 1.6002199565434694e-11
[ITP]: 1.086369882941085e-11
[ITP]: 7.378653243961253e-12
[ITP]: 5.010714065889488e-12
[ITP]: 3.4039993046519612e-12
[ITP]: 2.313038649504051e-12
[ITP]: 1.570410468332284e-12
[ITP]: 1.0681455719918631e-12
[ITP]: 7.265299473147024e-13
[ITP]: 4.919398222114069e-13
[ITP]: 3.346212196220222e-13
[ITP]: 2.2842838731662596e-13
[ITP]: 1.5498713423767185e-13
[ITP]: 1.0536016503692736e-13
[ITP]: 7.188694084447889e-14
[ITP]: 4.801714581503802e-14
[ITP]: 3.347322419244847e-14
[ITP]: 2.3148150063434514e-14
[ITP]: 1.4432899320127035e-14
[ITP]: 1.1102230246251565e-14
[ITP]: 7.16093850883226e-15
[ITP]: 4.440892098500626e-15
[ITP]: 2.6645352591003757e-15
[ITP]: 2.831068712794149e-15
[ITP]: 1.4988010832439613e-15
[ITP]: 6.661338147750939e-16
[ITP]: 7.771561172376096e-16
[ITP]: 5.551115123125783e-16
[ITP]: 2.220446049250313e-16
[ITP]: 4.440892098500626e-16
[ITP]: 6.106226635438361e-16
[ITP]: 7.216449660063518e-16
[ITP]: 4.440892098500626e-16
[ITP]: 4.440892098500626e-16
[ITP]: 3.3306690738754696e-16
[ITP]: 1.1102230246251565e-15
[ITP]: 1.1102230246251565e-16
[ITP]: 7.216449660063518e-16
[ITP]: 1.1102230246251565e-16
[ITP]: 8.326672684688674e-16
[ITP]: 7.216449660063518e-16
[ITP]: 2.7755575615628914e-16
[ITP]: 4.996003610813204e-16
[ITP]: 4.440892098500626e-16
[ITP]: 4.440892098500626e-16
[ITP]: 1.6653345369377348e-16
[ITP]: 4.996003610813204e-16
[ITP]: 1.1657341758564144e-15
[ITP]: 1.1102230246251565e-16
[ITP]: 0.0
[TDSE] Runing TDSE-SH-linear (length gauge, dipole form). step 0 energy = -0.4964336949924361, norm_value = 1.0 + 0.0im, bound_norm=1.0, free_norm=0.0 + 0.0im
     | block_size = 3 
[TDSE] Runing TDSE-SH-linear (length gauge, dipole form). step 200 energy = -0.4964336917563984, norm_value = 1.0 + 0.0im, bound_norm=1.0, free_norm=0.0 + 0.0im
     | block_size = 3 
[TDSE] Runing TDSE-SH-linear (length gauge, dipole form). step 400 energy = -0.4964336549971273, norm_value = 1.0 + 0.0im, bound_norm=1.0, free_norm=0.0 + 0.0im
     | block_size = 4 
[TDSE] Runing TDSE-SH-linear (length gauge, dipole form). step 600 energy = -0.4964335686493643, norm_value = 1.0 + 0.0im, bound_norm=1.0, free_norm=0.0 + 0.0im
     | block_size = 4 
[TDSE] Runing TDSE-SH-linear (length gauge, dipole form). step 800 energy = -0.4964335365812378, norm_value = 1.0 + 0.0im, bound_norm=1.0, free_norm=0.0 + 0.0im
     | block_size = 4 
[TDSE] Runing TDSE-SH-linear (length gauge, dipole form). step 1000 energy = -0.496433633495035, norm_value = 1.0 + 0.0im, bound_norm=1.0, free_norm=0.0 + 0.0im
     | block_size = 4 
[TDSE] Runing TDSE-SH-linear (length gauge, dipole form). step 1200 energy = -0.49643359496200645, norm_value = 1.0 + 0.0im, bound_norm=1.0, free_norm=0.0 + 0.0im
     | block_size = 4 
[TDSE] Runing TDSE-SH-linear (length gauge, dipole form). step 1400 energy = -0.4964323006947234, norm_value = 1.0 + 0.0im, bound_norm=1.0, free_norm=0.0 + 0.0im
     | block_size = 4 
[TDSE] Runing TDSE-SH-linear (length gauge, dipole form). step 1600 energy = -0.49642785870601747, norm_value = 1.0 + 0.0im, bound_norm=0.999998, free_norm=2.0e-6 + 0.0im
     | block_size = 5 
[TDSE] Runing TDSE-SH-linear (length gauge, dipole form). step 1800 energy = -0.4964181948527018, norm_value = 1.0 + 0.0im, bound_norm=0.999995, free_norm=5.0e-6 + 0.0im
     | block_size = 6 
[TDSE] Runing TDSE-SH-linear (length gauge, dipole form). step 2000 energy = -0.49640318059262395, norm_value = 1.0 + 0.0im, bound_norm=0.999991, free_norm=9.0e-6 + 0.0im
     | block_size = 9 
[TDSE] Runing TDSE-SH-linear (length gauge, dipole form). step 2200 energy = -0.49638522168087745, norm_value = 1.0 + 0.0im, bound_norm=0.999985, free_norm=1.5e-5 + 0.0im
     | block_size = 12 
[TDSE] Runing TDSE-SH-linear (length gauge, dipole form). step 2400 energy = -0.4963706358801867, norm_value = 1.0 + 0.0im, bound_norm=0.999981, free_norm=1.9e-5 + 0.0im
     | block_size = 16 
[TDSE] Runing TDSE-SH-linear (length gauge, dipole form). step 2600 energy = -0.4963670938199349, norm_value = 1.0 + 0.0im, bound_norm=0.99998, free_norm=2.0e-5 + 0.0im
     | block_size = 20 
[TDSE] Runing TDSE-SH-linear (length gauge, dipole form). step 2800 energy = -0.49637908354366256, norm_value = 1.0 + 0.0im, bound_norm=0.999983, free_norm=1.7e-5 + 0.0im
     | block_size = 24 
[TDSE] Runing TDSE-SH-linear (length gauge, dipole form). step 3000 energy = -0.49640405194311316, norm_value = 1.0 + 0.0im, bound_norm=0.999991, free_norm=9.0e-6 + 0.0im
     | block_size = 28 
[TDSE] Runing TDSE-SH-linear (length gauge, dipole form). step 3200 energy = -0.49642793437071064, norm_value = 1.0 + 0.0im, bound_norm=0.999998, free_norm=2.0e-6 + 0.0im
     | block_size = 30 
[TDSE] Runing TDSE-SH-linear (length gauge, dipole form). step 3400 energy = -0.496428069726846, norm_value = 1.0 + 0.0im, bound_norm=0.999998, free_norm=2.0e-6 + 0.0im
     | block_size = 30 
[TDSE] Runing TDSE-SH-linear (length gauge, dipole form). step 3600 energy = -0.4963797496158519, norm_value = 1.0 + 0.0im, bound_norm=0.999984, free_norm=1.6e-5 + 0.0im
     | block_size = 27 
[TDSE] Runing TDSE-SH-linear (length gauge, dipole form). step 3800 energy = -0.4962681529318945, norm_value = 1.0 + 0.0im, bound_norm=0.999949, free_norm=5.1e-5 + 0.0im
     | block_size = 20 
[TDSE] Runing TDSE-SH-linear (length gauge, dipole form). step 4000 energy = -0.4960985768667243, norm_value = 1.0 + 0.0im, bound_norm=0.999898, free_norm=0.000102 + 0.0im
     | block_size = 12 
[TDSE] Runing TDSE-SH-linear (length gauge, dipole form). step 4200 energy = -0.4959049260326512, norm_value = 1.0 + 0.0im, bound_norm=0.999841, free_norm=0.000159 + 0.0im
     | block_size = 19 
[TDSE] Runing TDSE-SH-linear (length gauge, dipole form). step 4400 energy = -0.49574433584064553, norm_value = 1.0 + 0.0im, bound_norm=0.999794, free_norm=0.000206 + 0.0im
     | block_size = 29 
[TDSE] Runing TDSE-SH-linear (length gauge, dipole form). step 4600 energy = -0.49567979335759366, norm_value = 1.0 + 0.0im, bound_norm=0.999776, free_norm=0.000224 + 0.0im
     | block_size = 39 
[TDSE] Runing TDSE-SH-linear (length gauge, dipole form). step 4800 energy = -0.495752514972234, norm_value = 1.0 + 0.0im, bound_norm=0.999797, free_norm=0.000203 + 0.0im
     | block_size = 49 
[TDSE] Runing TDSE-SH-linear (length gauge, dipole form). step 5000 energy = -0.49595053294166674, norm_value = 1.0 + 0.0im, bound_norm=0.999855, free_norm=0.000145 + 0.0im
     | block_size = 59 
[TDSE] Runing TDSE-SH-linear (length gauge, dipole form). step 5200 energy = -0.4962017427873759, norm_value = 1.0 + 0.0im, bound_norm=0.99993, free_norm=7.0e-5 + 0.0im
     | block_size = 69 
[TDSE] Runing TDSE-SH-linear (length gauge, dipole form). step 5400 energy = -0.49639239074577945, norm_value = 1.0 + 0.0im, bound_norm=0.999988, free_norm=1.2e-5 + 0.0im
     | block_size = 75 
[TDSE] Runing TDSE-SH-linear (length gauge, dipole form). step 5600 energy = -0.4964017152054622, norm_value = 1.0 + 0.0im, bound_norm=0.999991, free_norm=9.0e-6 + 0.0im
     | block_size = 75 
[TDSE] Runing TDSE-SH-linear (length gauge, dipole form). step 5800 energy = -0.49614213691191555, norm_value = 1.0 + 0.0im, bound_norm=0.999912, free_norm=8.8e-5 + 0.0im
     | block_size = 70 
[TDSE] Runing TDSE-SH-linear (length gauge, dipole form). step 6000 energy = -0.4955922286982873, norm_value = 1.0 + 0.0im, bound_norm=0.99975, free_norm=0.00025 + 0.0im
     | block_size = 65 
[TDSE] Runing TDSE-SH-linear (length gauge, dipole form). step 6200 energy = -0.4948247058226729, norm_value = 1.0 + 0.0im, bound_norm=0.999539, free_norm=0.000461 + 0.0im
     | block_size = 68 
[TDSE] Runing TDSE-SH-linear (length gauge, dipole form). step 6400 energy = -0.49401734879159603, norm_value = 1.0 + 0.0im, bound_norm=0.999339, free_norm=0.000661 + 0.0im
     | block_size = 78 
[TDSE] Runing TDSE-SH-linear (length gauge, dipole form). step 6600 energy = -0.4934347826277069, norm_value = 1.0 + 0.0im, bound_norm=0.999211, free_norm=0.000789 + 0.0im
     | block_size = 88 
[TDSE] Runing TDSE-SH-linear (length gauge, dipole form). step 6800 energy = -0.4933411092256531, norm_value = 1.0 + 0.0im, bound_norm=0.999189, free_norm=0.000811 + 0.0im
     | block_size = 98 
[TDSE] Runing TDSE-SH-linear (length gauge, dipole form). step 7000 energy = -0.4938399176329163, norm_value = 1.0 + 0.0im, bound_norm=0.999284, free_norm=0.000716 + 0.0im
     | block_size = 108 
[TDSE] Runing TDSE-SH-linear (length gauge, dipole form). step 7200 energy = -0.4947419711455372, norm_value = 1.0 + 0.0im, bound_norm=0.999498, free_norm=0.000502 + 0.0im
     | block_size = 118 
[TDSE] Runing TDSE-SH-linear (length gauge, dipole form). step 7400 energy = -0.49566812414020345, norm_value = 1.0 + 0.0im, bound_norm=0.999768, free_norm=0.000232 + 0.0im
     | block_size = 128 
[TDSE] Runing TDSE-SH-linear (length gauge, dipole form). step 7600 energy = -0.4962883777933072, norm_value = 1.0 + 0.0im, bound_norm=0.999948, free_norm=5.2e-5 + 0.0im
     | block_size = 138 
[TDSE] Runing TDSE-SH-linear (length gauge, dipole form). step 7800 energy = -0.4963367209047929, norm_value = 1.0 + 0.0im, bound_norm=0.999964, free_norm=3.6e-5 + 0.0im
     | block_size = 139 
[TDSE] Runing TDSE-SH-linear (length gauge, dipole form). step 8000 energy = -0.4956490978352469, norm_value = 1.0 + 0.0im, bound_norm=0.999759, free_norm=0.000241 + 0.0im
     | block_size = 137 
[TDSE] Runing TDSE-SH-linear (length gauge, dipole form). step 8200 energy = -0.4942191071058577, norm_value = 1.0 + 0.0im, bound_norm=0.999373, free_norm=0.000627 + 0.0im
     | block_size = 147 
[TDSE] Runing TDSE-SH-linear (length gauge, dipole form). step 8400 energy = -0.49216988580254534, norm_value = 1.0 + 0.0im, bound_norm=0.998914, free_norm=0.001086 + 0.0im
     | block_size = 157 
[TDSE] Runing TDSE-SH-linear (length gauge, dipole form). step 8600 energy = -0.4898594434830305, norm_value = 1.0 + 0.0im, bound_norm=0.998527, free_norm=0.001473 + 0.0im
     | block_size = 167 
[TDSE] Runing TDSE-SH-linear (length gauge, dipole form). step 8800 energy = -0.4878817569478896, norm_value = 1.0 + 0.0im, bound_norm=0.998097, free_norm=0.001903 + 0.0im
     | block_size = 172 
[TDSE] Runing TDSE-SH-linear (length gauge, dipole form). step 9000 energy = -0.48692867139078166, norm_value = 1.0 + 0.0im, bound_norm=0.997382, free_norm=0.002618 + 0.0im
     | block_size = 182 
[TDSE] Runing TDSE-SH-linear (length gauge, dipole form). step 9200 energy = -0.48744020223211154, norm_value = 1.0 + 0.0im, bound_norm=0.996605, free_norm=0.003395 + 0.0im
     | block_size = 192 
[TDSE] Runing TDSE-SH-linear (length gauge, dipole form). step 9400 energy = -0.48892236960462293, norm_value = 1.0 + 0.0im, bound_norm=0.996168, free_norm=0.003832 + 0.0im
     | block_size = 200 
[TDSE] Runing TDSE-SH-linear (length gauge, dipole form). step 9600 energy = -0.49004294649000885, norm_value = 1.0 + 0.0im, bound_norm=0.996402, free_norm=0.003598 + 0.0im
     | block_size = 200 
[TDSE] Runing TDSE-SH-linear (length gauge, dipole form). step 9800 energy = -0.4904247313056252, norm_value = 1.0 + 0.0im, bound_norm=0.996847, free_norm=0.003153 + 0.0im
     | block_size = 200 
[TDSE] Runing TDSE-SH-linear (length gauge, dipole form). step 10000 energy = -0.49046313914447126, norm_value = 1.0 + 0.0im, bound_norm=0.996845, free_norm=0.003155 + 0.0im
     | block_size = 200 
[TDSE] Runing TDSE-SH-linear (length gauge, dipole form). step 10200 energy = -0.4900340531673571, norm_value = 1.0 + 0.0im, bound_norm=0.996501, free_norm=0.003499 + 0.0im
     | block_size = 200 
[TDSE] Runing TDSE-SH-linear (length gauge, dipole form). step 10400 energy = -0.4887165370326574, norm_value = 1.0 + 0.0im, bound_norm=0.99591, free_norm=0.00409 + 0.0im
     | block_size = 200 
[TDSE] Runing TDSE-SH-linear (length gauge, dipole form). step 10600 energy = -0.4859762044014163, norm_value = 1.0 + 0.0im, bound_norm=0.995128, free_norm=0.004872 + 0.0im
     | block_size = 200 
[TDSE] Runing TDSE-SH-linear (length gauge, dipole form). step 10800 energy = -0.4813303051717866, norm_value = 1.0 + 0.0im, bound_norm=0.993705, free_norm=0.006295 + 0.0im
     | block_size = 200 
[TDSE] Runing TDSE-SH-linear (length gauge, dipole form). step 11000 energy = -0.4739538434728945, norm_value = 1.0 + 0.0im, bound_norm=0.989421, free_norm=0.010579 + 0.0im
     | block_size = 200 
[TDSE] Runing TDSE-SH-linear (length gauge, dipole form). step 11200 energy = -0.46312463382498326, norm_value = 1.0 + 0.0im, bound_norm=0.982134, free_norm=0.017866 + 0.0im
     | block_size = 200 
[TDSE] Runing TDSE-SH-linear (length gauge, dipole form). step 11400 energy = -0.44925126820067124, norm_value = 1.0 + 0.0im, bound_norm=0.975389, free_norm=0.024611 + 0.0im
     | block_size = 200 
[TDSE] Runing TDSE-SH-linear (length gauge, dipole form). step 11600 energy = -0.43403927893865946, norm_value = 1.0 + 0.0im, bound_norm=0.971554, free_norm=0.028446 + 0.0im
     | block_size = 200 
[TDSE] Runing TDSE-SH-linear (length gauge, dipole form). step 11800 energy = -0.4193265951870897, norm_value = 1.0 + 0.0im, bound_norm=0.970197, free_norm=0.029803 + 0.0im
     | block_size = 200 
[TDSE] Runing TDSE-SH-linear (length gauge, dipole form). step 12000 energy = -0.4086803893277013, norm_value = 1.0 + 0.0im, bound_norm=0.970712, free_norm=0.029288 + 0.0im
     | block_size = 200 
[TDSE] Runing TDSE-SH-linear (length gauge, dipole form). step 12200 energy = -0.4073447426415906, norm_value = 1.0 + 0.0im, bound_norm=0.970715, free_norm=0.029285 + 0.0im
     | block_size = 200 
[TDSE] Runing TDSE-SH-linear (length gauge, dipole form). step 12400 energy = -0.4160942933039838, norm_value = 1.0 + 0.0im, bound_norm=0.970299, free_norm=0.029701 + 0.0im
     | block_size = 200 
[TDSE] Runing TDSE-SH-linear (length gauge, dipole form). step 12600 energy = -0.4307362314010885, norm_value = 1.0 + 0.0im, bound_norm=0.969328, free_norm=0.030672 + 0.0im
     | block_size = 200 
[TDSE] Runing TDSE-SH-linear (length gauge, dipole form). step 12800 energy = -0.4452431739712096, norm_value = 1.0 + 0.0im, bound_norm=0.968427, free_norm=0.031573 + 0.0im
     | block_size = 200 
[TDSE] Runing TDSE-SH-linear (length gauge, dipole form). step 13000 energy = -0.4515621014321001, norm_value = 1.0 + 0.0im, bound_norm=0.965486, free_norm=0.034514 + 0.0im
     | block_size = 200 
[TDSE] Runing TDSE-SH-linear (length gauge, dipole form). step 13200 energy = -0.4421821443676328, norm_value = 1.0 + 0.0im, bound_norm=0.956726, free_norm=0.043274 + 0.0im
     | block_size = 200 
[TDSE] Runing TDSE-SH-linear (length gauge, dipole form). step 13400 energy = -0.41233001824401816, norm_value = 1.0 + 0.0im, bound_norm=0.943965, free_norm=0.056035 + 0.0im
     | block_size = 200 
[TDSE] Runing TDSE-SH-linear (length gauge, dipole form). step 13600 energy = -0.3640254197152818, norm_value = 1.0 + 0.0im, bound_norm=0.932941, free_norm=0.067059 + 0.0im
     | block_size = 200 
[TDSE] Runing TDSE-SH-linear (length gauge, dipole form). step 13800 energy = -0.3064975132243364, norm_value = 1.0 + 0.0im, bound_norm=0.927182, free_norm=0.072818 + 0.0im
     | block_size = 200 
[TDSE] Runing TDSE-SH-linear (length gauge, dipole form). step 14000 energy = -0.25288987526800905, norm_value = 1.0 + 0.0im, bound_norm=0.925055, free_norm=0.074945 + 0.0im
     | block_size = 200 
[TDSE] Runing TDSE-SH-linear (length gauge, dipole form). step 14200 energy = -0.21751287869378605, norm_value = 1.0 + 0.0im, bound_norm=0.925452, free_norm=0.074548 + 0.0im
     | block_size = 200 
[TDSE] Runing TDSE-SH-linear (length gauge, dipole form). step 14400 energy = -0.2125705278478345, norm_value = 1.0 + 0.0im, bound_norm=0.925473, free_norm=0.074527 + 0.0im
     | block_size = 200 
[TDSE] Runing TDSE-SH-linear (length gauge, dipole form). step 14600 energy = -0.23948453612750234, norm_value = 1.0 + 0.0im, bound_norm=0.925131, free_norm=0.074869 + 0.0im
     | block_size = 200 
[TDSE] Runing TDSE-SH-linear (length gauge, dipole form). step 14800 energy = -0.288352392481057, norm_value = 1.0 + 0.0im, bound_norm=0.92405, free_norm=0.07595 + 0.0im
     | block_size = 200 
[TDSE] Runing TDSE-SH-linear (length gauge, dipole form). step 15000 energy = -0.34349568553985965, norm_value = 1.0 + 0.0im, bound_norm=0.923542, free_norm=0.076458 + 0.0im
     | block_size = 200 
[TDSE] Runing TDSE-SH-linear (length gauge, dipole form). step 15200 energy = -0.38630995416702735, norm_value = 1.0 + 0.0im, bound_norm=0.921739, free_norm=0.078261 + 0.0im
     | block_size = 200 
[TDSE] Runing TDSE-SH-linear (length gauge, dipole form). step 15400 energy = -0.4024328817408125, norm_value = 1.0 + 0.0im, bound_norm=0.917029, free_norm=0.082971 + 0.0im
     | block_size = 200 
[TDSE] Runing TDSE-SH-linear (length gauge, dipole form). step 15600 energy = -0.3862184435272271, norm_value = 1.0 + 0.0im, bound_norm=0.909646, free_norm=0.090354 + 0.0im
     | block_size = 200 
[TDSE] Runing TDSE-SH-linear (length gauge, dipole form). step 15800 energy = -0.34171930591971017, norm_value = 1.0 + 0.0im, bound_norm=0.904654, free_norm=0.095346 + 0.0im
     | block_size = 200 
[TDSE] Runing TDSE-SH-linear (length gauge, dipole form). step 16000 energy = -0.2826735869256303, norm_value = 1.0 + 0.0im, bound_norm=0.901784, free_norm=0.098216 + 0.0im
     | block_size = 200 
[TDSE] Runing TDSE-SH-linear (length gauge, dipole form). step 16200 energy = -0.22591552264406997, norm_value = 1.0 + 0.0im, bound_norm=0.900984, free_norm=0.099016 + 0.0im
     | block_size = 200 
[TDSE] Runing TDSE-SH-linear (length gauge, dipole form). step 16400 energy = -0.18875547760004657, norm_value = 1.0 + 0.0im, bound_norm=0.901486, free_norm=0.098514 + 0.0im
     | block_size = 200 
[TDSE] Runing TDSE-SH-linear (length gauge, dipole form). step 16600 energy = -0.18300626329712158, norm_value = 1.0 + 0.0im, bound_norm=0.901473, free_norm=0.098527 + 0.0im
     | block_size = 200 
[TDSE] Runing TDSE-SH-linear (length gauge, dipole form). step 16800 energy = -0.20923519514120167, norm_value = 1.0 + 0.0im, bound_norm=0.901226, free_norm=0.098774 + 0.0im
     | block_size = 200 
[TDSE] Runing TDSE-SH-linear (length gauge, dipole form). step 17000 energy = -0.2579789560221476, norm_value = 1.0 + 0.0im, bound_norm=0.900726, free_norm=0.099274 + 0.0im
     | block_size = 200 
[TDSE] Runing TDSE-SH-linear (length gauge, dipole form). step 17200 energy = -0.3139149273837239, norm_value = 1.0 + 0.0im, bound_norm=0.900259, free_norm=0.099741 + 0.0im
     | block_size = 200 
[TDSE] Runing TDSE-SH-linear (length gauge, dipole form). step 17400 energy = -0.36058826114459486, norm_value = 1.0 + 0.0im, bound_norm=0.899967, free_norm=0.100033 + 0.0im
     | block_size = 200 
[TDSE] Runing TDSE-SH-linear (length gauge, dipole form). step 17600 energy = -0.3865287542097282, norm_value = 1.0 + 0.0im, bound_norm=0.899666, free_norm=0.100334 + 0.0im
     | block_size = 200 
[TDSE] Runing TDSE-SH-linear (length gauge, dipole form). step 17800 energy = -0.3874273830568414, norm_value = 1.0 + 0.0im, bound_norm=0.899394, free_norm=0.100606 + 0.0im
     | block_size = 200 
[TDSE] Runing TDSE-SH-linear (length gauge, dipole form). step 18000 energy = -0.36655996910480865, norm_value = 1.0 + 0.0im, bound_norm=0.898109, free_norm=0.101891 + 0.0im
     | block_size = 200 
[TDSE] Runing TDSE-SH-linear (length gauge, dipole form). step 18200 energy = -0.3344729100563329, norm_value = 1.0 + 0.0im, bound_norm=0.897765, free_norm=0.102235 + 0.0im
     | block_size = 200 
[TDSE] Runing TDSE-SH-linear (length gauge, dipole form). step 18400 energy = -0.30242840549167005, norm_value = 1.0 + 0.0im, bound_norm=0.898175, free_norm=0.101825 + 0.0im
     | block_size = 200 
[TDSE] Runing TDSE-SH-linear (length gauge, dipole form). step 18600 energy = -0.28194294221385696, norm_value = 1.0 + 0.0im, bound_norm=0.898404, free_norm=0.101596 + 0.0im
     | block_size = 200 
[TDSE] Runing TDSE-SH-linear (length gauge, dipole form). step 18800 energy = -0.2784553351440281, norm_value = 1.0 + 0.0im, bound_norm=0.898451, free_norm=0.101549 + 0.0im
     | block_size = 200 
[TDSE] Runing TDSE-SH-linear (length gauge, dipole form). step 19000 energy = -0.29185851448121597, norm_value = 1.0 + 0.0im, bound_norm=0.898317, free_norm=0.101683 + 0.0im
     | block_size = 200 
[TDSE] Runing TDSE-SH-linear (length gauge, dipole form). step 19200 energy = -0.31733707580266235, norm_value = 1.0 + 0.0im, bound_norm=0.898122, free_norm=0.101878 + 0.0im
     | block_size = 200 
[TDSE] Runing TDSE-SH-linear (length gauge, dipole form). step 19400 energy = -0.34691762745547167, norm_value = 1.0 + 0.0im, bound_norm=0.897883, free_norm=0.102117 + 0.0im
     | block_size = 200 
[TDSE] Runing TDSE-SH-linear (length gauge, dipole form). step 19600 energy = -0.372120123876366, norm_value = 1.0 + 0.0im, bound_norm=0.898012, free_norm=0.101988 + 0.0im
     | block_size = 200 
[TDSE] Runing TDSE-SH-linear (length gauge, dipole form). step 19800 energy = -0.3879575562695134, norm_value = 1.0 + 0.0im, bound_norm=0.898386, free_norm=0.101614 + 0.0im
     | block_size = 200 
[TDSE] Runing TDSE-SH-linear (length gauge, dipole form). step 20000 energy = -0.3913567983665457, norm_value = 1.0 + 0.0im, bound_norm=0.898526, free_norm=0.101474 + 0.0im
     | block_size = 200 
[TDSE] Runing TDSE-SH-linear (length gauge, dipole form). step 20200 energy = -0.38565553811053116, norm_value = 1.0 + 0.0im, bound_norm=0.898396, free_norm=0.101604 + 0.0im
     | block_size = 200 
[TDSE] Runing TDSE-SH-linear (length gauge, dipole form). step 20400 energy = -0.3739992770500675, norm_value = 1.0 + 0.0im, bound_norm=0.898082, free_norm=0.101918 + 0.0im
     | block_size = 200 
[TDSE] Runing TDSE-SH-linear (length gauge, dipole form). step 20600 energy = -0.3627891069200442, norm_value = 1.0 + 0.0im, bound_norm=0.898252, free_norm=0.101748 + 0.0im
     | block_size = 200 
[TDSE] Runing TDSE-SH-linear (length gauge, dipole form). step 20800 energy = -0.35532371528813733, norm_value = 1.0 + 0.0im, bound_norm=0.898429, free_norm=0.101571 + 0.0im
     | block_size = 200 
[TDSE] Runing TDSE-SH-linear (length gauge, dipole form). step 21000 energy = -0.3539548249501437, norm_value = 1.0 + 0.0im, bound_norm=0.898457, free_norm=0.101543 + 0.0im
     | block_size = 200 
[TDSE] Runing TDSE-SH-linear (length gauge, dipole form). step 21200 energy = -0.35835244221579743, norm_value = 1.0 + 0.0im, bound_norm=0.898405, free_norm=0.101595 + 0.0im
     | block_size = 200 
[TDSE] Runing TDSE-SH-linear (length gauge, dipole form). step 21400 energy = -0.36690290972510137, norm_value = 1.0 + 0.0im, bound_norm=0.898338, free_norm=0.101662 + 0.0im
     | block_size = 200 
[TDSE] Runing TDSE-SH-linear (length gauge, dipole form). step 21600 energy = -0.3764958156769653, norm_value = 1.0 + 0.0im, bound_norm=0.898421, free_norm=0.101579 + 0.0im
     | block_size = 200 
[TDSE] Runing TDSE-SH-linear (length gauge, dipole form). step 21800 energy = -0.38508823649729007, norm_value = 1.0 + 0.0im, bound_norm=0.898673, free_norm=0.101327 + 0.0im
     | block_size = 200 
[TDSE] Runing TDSE-SH-linear (length gauge, dipole form). step 22000 energy = -0.39048704234456055, norm_value = 1.0 + 0.0im, bound_norm=0.898574, free_norm=0.101426 + 0.0im
     | block_size = 200 
[TDSE] Runing TDSE-SH-linear (length gauge, dipole form). step 22200 energy = -0.39320324932659634, norm_value = 1.0 + 0.0im, bound_norm=0.898413, free_norm=0.101587 + 0.0im
     | block_size = 200 
[TDSE] Runing TDSE-SH-linear (length gauge, dipole form). step 22400 energy = -0.39286430106513115, norm_value = 1.0 + 0.0im, bound_norm=0.899147, free_norm=0.100853 + 0.0im
     | block_size = 200 
[TDSE] Runing TDSE-SH-linear (length gauge, dipole form). step 22600 energy = -0.39168137751530646, norm_value = 1.0 + 0.0im, bound_norm=0.898993, free_norm=0.101007 + 0.0im
     | block_size = 200 
[TDSE] Runing TDSE-SH-linear (length gauge, dipole form). step 22800 energy = -0.3899314007137673, norm_value = 1.0 + 0.0im, bound_norm=0.898891, free_norm=0.101109 + 0.0im
     | block_size = 200 
[TDSE] Runing TDSE-SH-linear (length gauge, dipole form). step 23000 energy = -0.38878732357251616, norm_value = 1.0 + 0.0im, bound_norm=0.898872, free_norm=0.101128 + 0.0im
     | block_size = 200 
[TDSE] Runing TDSE-SH-linear (length gauge, dipole form). step 23200 energy = -0.38855409826891196, norm_value = 1.0 + 0.0im, bound_norm=0.898868, free_norm=0.101132 + 0.0im
     | block_size = 200 
[TDSE] Runing TDSE-SH-linear (length gauge, dipole form). step 23400 energy = -0.3892051847165713, norm_value = 1.0 + 0.0im, bound_norm=0.89888, free_norm=0.10112 + 0.0im
     | block_size = 200 
[TDSE] Runing TDSE-SH-linear (length gauge, dipole form). step 23600 energy = -0.3901888201425462, norm_value = 1.0 + 0.0im, bound_norm=0.898887, free_norm=0.101113 + 0.0im
     | block_size = 200 
[TDSE] Runing TDSE-SH-linear (length gauge, dipole form). step 23800 energy = -0.39136330239669664, norm_value = 1.0 + 0.0im, bound_norm=0.898921, free_norm=0.101079 + 0.0im
     | block_size = 200 
[TDSE] Runing TDSE-SH-linear (length gauge, dipole form). step 24000 energy = -0.39247283658475424, norm_value = 1.0 + 0.0im, bound_norm=0.898903, free_norm=0.101097 + 0.0im
     | block_size = 200 
[TDSE] Runing TDSE-SH-linear (length gauge, dipole form). step 24200 energy = -0.3930499105850091, norm_value = 1.0 + 0.0im, bound_norm=0.898761, free_norm=0.101239 + 0.0im
     | block_size = 200 
[TDSE] Runing TDSE-SH-linear (length gauge, dipole form). step 24400 energy = -0.3934806515180096, norm_value = 1.0 + 0.0im, bound_norm=0.898701, free_norm=0.101299 + 0.0im
     | block_size = 200 
[TDSE] Runing TDSE-SH-linear (length gauge, dipole form). step 24600 energy = -0.3936817951026431, norm_value = 1.0 + 0.0im, bound_norm=0.898732, free_norm=0.101268 + 0.0im
     | block_size = 200 
[TDSE] Runing TDSE-SH-linear (length gauge, dipole form). step 24800 energy = -0.3937258848925885, norm_value = 1.0 + 0.0im, bound_norm=0.898746, free_norm=0.101254 + 0.0im
     | block_size = 200 
[TDSE] Runing TDSE-SH-linear (length gauge, dipole form). step 25000 energy = -0.39373173980065307, norm_value = 1.0 + 0.0im, bound_norm=0.898743, free_norm=0.101257 + 0.0im
     | block_size = 200 
[TDSE] Runing TDSE-SH-linear (length gauge, dipole form). step 25200 energy = -0.3937216808740812, norm_value = 1.0 + 0.0im, bound_norm=0.898737, free_norm=0.101263 + 0.0im
     | block_size = 200 
[TDSE] Runing TDSE-SH-linear (length gauge, dipole form). step 25400 energy = -0.3937217903265908, norm_value = 1.0 + 0.0im, bound_norm=0.898736, free_norm=0.101264 + 0.0im
     | block_size = 200 
[TDSE] Runing TDSE-SH-linear (length gauge, dipole form). step 25600 energy = -0.3937228207423756, norm_value = 1.0 + 0.0im, bound_norm=0.898738, free_norm=0.101262 + 0.0im
     | block_size = 200 
[TDSE] Runing TDSE-SH-linear (length gauge, dipole form). step 25800 energy = -0.3937300659751462, norm_value = 1.0 + 0.0im, bound_norm=0.898739, free_norm=0.101261 + 0.0im
     | block_size = 200 
[TDSE] Runing TDSE-SH-linear (length gauge, dipole form). step 26000 energy = -0.3937292080178039, norm_value = 1.0 + 0.0im, bound_norm=0.898739, free_norm=0.101261 + 0.0im
     | block_size = 200 
[TDSE] Runing TDSE-SH-linear (length gauge, dipole form). step 26200 energy = -0.39373014064285444, norm_value = 1.0 + 0.0im, bound_norm=0.89874, free_norm=0.10126 + 0.0im
     | block_size = 200 
[TDSE] Runing TDSE-SH-linear (length gauge, dipole form). step 26400 energy = -0.3937306399506069, norm_value = 1.0 + 0.0im, bound_norm=0.89874, free_norm=0.10126 + 0.0im
     | block_size = 200 
Sample 2026_5_15_hg_massive_0.0725_0.0_0.0285_6.0_short_range does not exist. Exceute a new sample.
[ITP]: 10000.496424741636
[ITP]: 3.468948764850932e-6
[ITP]: 2.0119768988635656e-6
[ITP]: 1.2363970314233086e-6
[ITP]: 7.802127368616851e-7
[ITP]: 5.004886823867238e-7
[ITP]: 3.247063635747338e-7
[ITP]: 2.1241854042397534e-7
[ITP]: 1.3984492786001113e-7
[ITP]: 9.25260389417204e-8
[ITP]: 6.146357944825098e-8
[ITP]: 4.0962812142275595e-8
[ITP]: 2.737382170936442e-8
[ITP]: 1.8334269435982264e-8
[ITP]: 1.2303307206362746e-8
[ITP]: 8.269649631742482e-9
[ITP]: 5.566198502116038e-9
[ITP]: 3.7510526906814334e-9
[ITP]: 2.530471499007092e-9
[ITP]: 1.7086173587088638e-9
[ITP]: 1.154605577813328e-9
[ITP]: 7.807770541212733e-10
[ITP]: 5.283077308959605e-10
[ITP]: 3.576713369923823e-10
[ITP]: 2.422650968725293e-10
[ITP]: 1.6416579207145787e-10
[ITP]: 1.1128536980820058e-10
[ITP]: 7.546496760824084e-11
[ITP]: 5.119060730862657e-11
[ITP]: 3.4733049769641866e-11
[ITP]: 2.3571977703085167e-11
[ITP]: 1.6002199565434694e-11
[ITP]: 1.086369882941085e-11
[ITP]: 7.378653243961253e-12
[ITP]: 5.010714065889488e-12
[ITP]: 3.4039993046519612e-12
[ITP]: 2.313038649504051e-12
[ITP]: 1.570410468332284e-12
[ITP]: 1.0681455719918631e-12
[ITP]: 7.265299473147024e-13
[ITP]: 4.919398222114069e-13
[ITP]: 3.346212196220222e-13
[ITP]: 2.2842838731662596e-13
[ITP]: 1.5498713423767185e-13
[ITP]: 1.0536016503692736e-13
[ITP]: 7.188694084447889e-14
[ITP]: 4.801714581503802e-14
[ITP]: 3.347322419244847e-14
[ITP]: 2.3148150063434514e-14
[ITP]: 1.4432899320127035e-14
[ITP]: 1.1102230246251565e-14
[ITP]: 7.16093850883226e-15
[ITP]: 4.440892098500626e-15
[ITP]: 2.6645352591003757e-15
[ITP]: 2.831068712794149e-15
[ITP]: 1.4988010832439613e-15
[ITP]: 6.661338147750939e-16
[ITP]: 7.771561172376096e-16
[ITP]: 5.551115123125783e-16
[ITP]: 2.220446049250313e-16
[ITP]: 4.440892098500626e-16
[ITP]: 6.106226635438361e-16
[ITP]: 7.216449660063518e-16
[ITP]: 4.440892098500626e-16
[ITP]: 4.440892098500626e-16
[ITP]: 3.3306690738754696e-16
[ITP]: 1.1102230246251565e-15
[ITP]: 1.1102230246251565e-16
[ITP]: 7.216449660063518e-16
[ITP]: 1.1102230246251565e-16
[ITP]: 8.326672684688674e-16
[ITP]: 7.216449660063518e-16
[ITP]: 2.7755575615628914e-16
[ITP]: 4.996003610813204e-16
[ITP]: 4.440892098500626e-16
[ITP]: 4.440892098500626e-16
[ITP]: 1.6653345369377348e-16
[ITP]: 4.996003610813204e-16
[ITP]: 1.1657341758564144e-15
[ITP]: 1.1102230246251565e-16
[ITP]: 0.0
[TDSE] Runing TDSE-SH-linear (length gauge, dipole form). step 0 energy = -0.4964336949924361, norm_value = 1.0 + 0.0im, bound_norm=1.0, free_norm=0.0 + 0.0im
     | block_size = 3 
[TDSE] Runing TDSE-SH-linear (length gauge, dipole form). step 200 energy = -0.4964336915211236, norm_value = 1.0 + 0.0im, bound_norm=1.0, free_norm=0.0 + 0.0im
     | block_size = 3 
[TDSE] Runing TDSE-SH-linear (length gauge, dipole form). step 400 energy = -0.49643365208930346, norm_value = 1.0 + 0.0im, bound_norm=1.0, free_norm=0.0 + 0.0im
     | block_size = 4 
[TDSE] Runing TDSE-SH-linear (length gauge, dipole form). step 600 energy = -0.49643355946367135, norm_value = 1.0 + 0.0im, bound_norm=1.0, free_norm=0.0 + 0.0im
     | block_size = 4 
[TDSE] Runing TDSE-SH-linear (length gauge, dipole form). step 800 energy = -0.49643352506397437, norm_value = 1.0 + 0.0im, bound_norm=1.0, free_norm=0.0 + 0.0im
     | block_size = 4 
[TDSE] Runing TDSE-SH-linear (length gauge, dipole form). step 1000 energy = -0.49643362902398225, norm_value = 1.0 + 0.0im, bound_norm=1.0, free_norm=0.0 + 0.0im
     | block_size = 4 
[TDSE] Runing TDSE-SH-linear (length gauge, dipole form). step 1200 energy = -0.49643358768944135, norm_value = 1.0 + 0.0im, bound_norm=1.0, free_norm=0.0 + 0.0im
     | block_size = 4 
[TDSE] Runing TDSE-SH-linear (length gauge, dipole form). step 1400 energy = -0.49643219932144433, norm_value = 1.0 + 0.0im, bound_norm=1.0, free_norm=0.0 + 0.0im
     | block_size = 4 
[TDSE] Runing TDSE-SH-linear (length gauge, dipole form). step 1600 energy = -0.4964274343172316, norm_value = 1.0 + 0.0im, bound_norm=0.999998, free_norm=2.0e-6 + 0.0im
     | block_size = 5 
[TDSE] Runing TDSE-SH-linear (length gauge, dipole form). step 1800 energy = -0.4964170674138506, norm_value = 1.0 + 0.0im, bound_norm=0.999995, free_norm=5.0e-6 + 0.0im
     | block_size = 7 
[TDSE] Runing TDSE-SH-linear (length gauge, dipole form). step 2000 energy = -0.49640095978972454, norm_value = 1.0 + 0.0im, bound_norm=0.99999, free_norm=1.0e-5 + 0.0im
     | block_size = 9 
[TDSE] Runing TDSE-SH-linear (length gauge, dipole form). step 2200 energy = -0.49638169158056683, norm_value = 1.0 + 0.0im, bound_norm=0.999984, free_norm=1.6e-5 + 0.0im
     | block_size = 12 
[TDSE] Runing TDSE-SH-linear (length gauge, dipole form). step 2400 energy = -0.49636604118826017, norm_value = 1.0 + 0.0im, bound_norm=0.999979, free_norm=2.1e-5 + 0.0im
     | block_size = 16 
[TDSE] Runing TDSE-SH-linear (length gauge, dipole form). step 2600 energy = -0.4963622390362595, norm_value = 1.0 + 0.0im, bound_norm=0.999978, free_norm=2.2e-5 + 0.0im
     | block_size = 21 
[TDSE] Runing TDSE-SH-linear (length gauge, dipole form). step 2800 energy = -0.4963751071173472, norm_value = 1.0 + 0.0im, bound_norm=0.999982, free_norm=1.8e-5 + 0.0im
     | block_size = 25 
[TDSE] Runing TDSE-SH-linear (length gauge, dipole form). step 3000 energy = -0.49640189315525646, norm_value = 1.0 + 0.0im, bound_norm=0.99999, free_norm=1.0e-5 + 0.0im
     | block_size = 29 
[TDSE] Runing TDSE-SH-linear (length gauge, dipole form). step 3200 energy = -0.49642751591288464, norm_value = 1.0 + 0.0im, bound_norm=0.999998, free_norm=2.0e-6 + 0.0im
     | block_size = 32 
[TDSE] Runing TDSE-SH-linear (length gauge, dipole form). step 3400 energy = -0.4964276600112219, norm_value = 1.0 + 0.0im, bound_norm=0.999998, free_norm=2.0e-6 + 0.0im
     | block_size = 32 
[TDSE] Runing TDSE-SH-linear (length gauge, dipole form). step 3600 energy = -0.4963758256411501, norm_value = 1.0 + 0.0im, bound_norm=0.999982, free_norm=1.8e-5 + 0.0im
     | block_size = 28 
[TDSE] Runing TDSE-SH-linear (length gauge, dipole form). step 3800 energy = -0.4962560534366444, norm_value = 1.0 + 0.0im, bound_norm=0.999946, free_norm=5.4e-5 + 0.0im
     | block_size = 20 
[TDSE] Runing TDSE-SH-linear (length gauge, dipole form). step 4000 energy = -0.49607393666183713, norm_value = 1.0 + 0.0im, bound_norm=0.999891, free_norm=0.000109 + 0.0im
     | block_size = 12 
[TDSE] Runing TDSE-SH-linear (length gauge, dipole form). step 4200 energy = -0.49586576464398335, norm_value = 1.0 + 0.0im, bound_norm=0.999829, free_norm=0.000171 + 0.0im
     | block_size = 20 
[TDSE] Runing TDSE-SH-linear (length gauge, dipole form). step 4400 energy = -0.4956929314810111, norm_value = 1.0 + 0.0im, bound_norm=0.999779, free_norm=0.000221 + 0.0im
     | block_size = 30 
[TDSE] Runing TDSE-SH-linear (length gauge, dipole form). step 4600 energy = -0.4956234245522872, norm_value = 1.0 + 0.0im, bound_norm=0.99976, free_norm=0.00024 + 0.0im
     | block_size = 40 
[TDSE] Runing TDSE-SH-linear (length gauge, dipole form). step 4800 energy = -0.495701710245665, norm_value = 1.0 + 0.0im, bound_norm=0.999782, free_norm=0.000218 + 0.0im
     | block_size = 50 
[TDSE] Runing TDSE-SH-linear (length gauge, dipole form). step 5000 energy = -0.4959147994888556, norm_value = 1.0 + 0.0im, bound_norm=0.999844, free_norm=0.000156 + 0.0im
     | block_size = 60 
[TDSE] Runing TDSE-SH-linear (length gauge, dipole form). step 5200 energy = -0.4961847539615554, norm_value = 1.0 + 0.0im, bound_norm=0.999925, free_norm=7.5e-5 + 0.0im
     | block_size = 70 
[TDSE] Runing TDSE-SH-linear (length gauge, dipole form). step 5400 energy = -0.49638938995729687, norm_value = 1.0 + 0.0im, bound_norm=0.999987, free_norm=1.3e-5 + 0.0im
     | block_size = 76 
[TDSE] Runing TDSE-SH-linear (length gauge, dipole form). step 5600 energy = -0.4963993957929377, norm_value = 1.0 + 0.0im, bound_norm=0.999991, free_norm=9.0e-6 + 0.0im
     | block_size = 77 
[TDSE] Runing TDSE-SH-linear (length gauge, dipole form). step 5800 energy = -0.49612078281753036, norm_value = 1.0 + 0.0im, bound_norm=0.999905, free_norm=9.5e-5 + 0.0im
     | block_size = 71 
[TDSE] Runing TDSE-SH-linear (length gauge, dipole form). step 6000 energy = -0.495529401739396, norm_value = 1.0 + 0.0im, bound_norm=0.999732, free_norm=0.000268 + 0.0im
     | block_size = 66 
[TDSE] Runing TDSE-SH-linear (length gauge, dipole form). step 6200 energy = -0.4947009175727521, norm_value = 1.0 + 0.0im, bound_norm=0.999507, free_norm=0.000493 + 0.0im
     | block_size = 71 
[TDSE] Runing TDSE-SH-linear (length gauge, dipole form). step 6400 energy = -0.4938242881801472, norm_value = 1.0 + 0.0im, bound_norm=0.999294, free_norm=0.000706 + 0.0im
     | block_size = 81 
[TDSE] Runing TDSE-SH-linear (length gauge, dipole form). step 6600 energy = -0.49318578107291006, norm_value = 1.0 + 0.0im, bound_norm=0.999158, free_norm=0.000842 + 0.0im
     | block_size = 91 
[TDSE] Runing TDSE-SH-linear (length gauge, dipole form). step 6800 energy = -0.49307777470554887, norm_value = 1.0 + 0.0im, bound_norm=0.999135, free_norm=0.000865 + 0.0im
     | block_size = 101 
[TDSE] Runing TDSE-SH-linear (length gauge, dipole form). step 7000 energy = -0.4936202831505436, norm_value = 1.0 + 0.0im, bound_norm=0.999229, free_norm=0.000771 + 0.0im
     | block_size = 111 
[TDSE] Runing TDSE-SH-linear (length gauge, dipole form). step 7200 energy = -0.49460375447158733, norm_value = 1.0 + 0.0im, bound_norm=0.99945, free_norm=0.00055 + 0.0im
     | block_size = 121 
[TDSE] Runing TDSE-SH-linear (length gauge, dipole form). step 7400 energy = -0.4956028552520305, norm_value = 1.0 + 0.0im, bound_norm=0.999742, free_norm=0.000258 + 0.0im
     | block_size = 131 
[TDSE] Runing TDSE-SH-linear (length gauge, dipole form). step 7600 energy = -0.49626687011581355, norm_value = 1.0 + 0.0im, bound_norm=0.999934, free_norm=6.6e-5 + 0.0im
     | block_size = 141 
[TDSE] Runing TDSE-SH-linear (length gauge, dipole form). step 7800 energy = -0.4963189428919508, norm_value = 1.0 + 0.0im, bound_norm=0.999952, free_norm=4.8e-5 + 0.0im
     | block_size = 142 
[TDSE] Runing TDSE-SH-linear (length gauge, dipole form). step 8000 energy = -0.4955814272562373, norm_value = 1.0 + 0.0im, bound_norm=0.999733, free_norm=0.000267 + 0.0im
     | block_size = 142 
[TDSE] Runing TDSE-SH-linear (length gauge, dipole form). step 8200 energy = -0.4940412009248294, norm_value = 1.0 + 0.0im, bound_norm=0.999323, free_norm=0.000677 + 0.0im
     | block_size = 152 
[TDSE] Runing TDSE-SH-linear (length gauge, dipole form). step 8400 energy = -0.49180216699365226, norm_value = 1.0 + 0.0im, bound_norm=0.99883, free_norm=0.00117 + 0.0im
     | block_size = 162 
[TDSE] Runing TDSE-SH-linear (length gauge, dipole form). step 8600 energy = -0.48921549711794676, norm_value = 1.0 + 0.0im, bound_norm=0.998399, free_norm=0.001601 + 0.0im
     | block_size = 172 
[TDSE] Runing TDSE-SH-linear (length gauge, dipole form). step 8800 energy = -0.4868663849407127, norm_value = 1.0 + 0.0im, bound_norm=0.997798, free_norm=0.002202 + 0.0im
     | block_size = 179 
[TDSE] Runing TDSE-SH-linear (length gauge, dipole form). step 9000 energy = -0.48545251572751447, norm_value = 1.0 + 0.0im, bound_norm=0.996705, free_norm=0.003295 + 0.0im
     | block_size = 189 
[TDSE] Runing TDSE-SH-linear (length gauge, dipole form). step 9200 energy = -0.4854800455558314, norm_value = 1.0 + 0.0im, bound_norm=0.995517, free_norm=0.004483 + 0.0im
     | block_size = 199 
[TDSE] Runing TDSE-SH-linear (length gauge, dipole form). step 9400 energy = -0.48652841043434886, norm_value = 1.0 + 0.0im, bound_norm=0.994795, free_norm=0.005205 + 0.0im
     | block_size = 200 
[TDSE] Runing TDSE-SH-linear (length gauge, dipole form). step 9600 energy = -0.48721350014108017, norm_value = 1.0 + 0.0im, bound_norm=0.994894, free_norm=0.005106 + 0.0im
     | block_size = 200 
[TDSE] Runing TDSE-SH-linear (length gauge, dipole form). step 9800 energy = -0.4872075808856466, norm_value = 1.0 + 0.0im, bound_norm=0.995384, free_norm=0.004616 + 0.0im
     | block_size = 200 
[TDSE] Runing TDSE-SH-linear (length gauge, dipole form). step 10000 energy = -0.48720152436150294, norm_value = 1.0 + 0.0im, bound_norm=0.995375, free_norm=0.004625 + 0.0im
     | block_size = 200 
[TDSE] Runing TDSE-SH-linear (length gauge, dipole form). step 10200 energy = -0.4871172843894578, norm_value = 1.0 + 0.0im, bound_norm=0.995005, free_norm=0.004995 + 0.0im
     | block_size = 200 
[TDSE] Runing TDSE-SH-linear (length gauge, dipole form). step 10400 energy = -0.4862733386835082, norm_value = 1.0 + 0.0im, bound_norm=0.994371, free_norm=0.005629 + 0.0im
     | block_size = 200 
[TDSE] Runing TDSE-SH-linear (length gauge, dipole form). step 10600 energy = -0.4838086907392666, norm_value = 1.0 + 0.0im, bound_norm=0.993477, free_norm=0.006523 + 0.0im
     | block_size = 200 
[TDSE] Runing TDSE-SH-linear (length gauge, dipole form). step 10800 energy = -0.478661527457439, norm_value = 1.0 + 0.0im, bound_norm=0.991576, free_norm=0.008424 + 0.0im
     | block_size = 200 
[TDSE] Runing TDSE-SH-linear (length gauge, dipole form). step 11000 energy = -0.4691422988239865, norm_value = 1.0 + 0.0im, bound_norm=0.985653, free_norm=0.014347 + 0.0im
     | block_size = 200 
[TDSE] Runing TDSE-SH-linear (length gauge, dipole form). step 11200 energy = -0.4536313459062642, norm_value = 1.0 + 0.0im, bound_norm=0.97578, free_norm=0.02422 + 0.0im
     | block_size = 200 
[TDSE] Runing TDSE-SH-linear (length gauge, dipole form). step 11400 energy = -0.4322863162510196, norm_value = 1.0 + 0.0im, bound_norm=0.966779, free_norm=0.033221 + 0.0im
     | block_size = 200 
[TDSE] Runing TDSE-SH-linear (length gauge, dipole form). step 11600 energy = -0.40804431866417373, norm_value = 1.0 + 0.0im, bound_norm=0.961728, free_norm=0.038272 + 0.0im
     | block_size = 200 
[TDSE] Runing TDSE-SH-linear (length gauge, dipole form). step 11800 energy = -0.3849385680995499, norm_value = 1.0 + 0.0im, bound_norm=0.959808, free_norm=0.040192 + 0.0im
     | block_size = 200 
[TDSE] Runing TDSE-SH-linear (length gauge, dipole form). step 12000 energy = -0.36871724983358517, norm_value = 1.0 + 0.0im, bound_norm=0.960237, free_norm=0.039763 + 0.0im
     | block_size = 200 
[TDSE] Runing TDSE-SH-linear (length gauge, dipole form). step 12200 energy = -0.366686173050017, norm_value = 1.0 + 0.0im, bound_norm=0.960261, free_norm=0.039739 + 0.0im
     | block_size = 200 
[TDSE] Runing TDSE-SH-linear (length gauge, dipole form). step 12400 energy = -0.38001402730831385, norm_value = 1.0 + 0.0im, bound_norm=0.959825, free_norm=0.040175 + 0.0im
     | block_size = 200 
[TDSE] Runing TDSE-SH-linear (length gauge, dipole form). step 12600 energy = -0.40273237827655833, norm_value = 1.0 + 0.0im, bound_norm=0.958719, free_norm=0.041281 + 0.0im
     | block_size = 200 
[TDSE] Runing TDSE-SH-linear (length gauge, dipole form). step 12800 energy = -0.4258878895841653, norm_value = 1.0 + 0.0im, bound_norm=0.957722, free_norm=0.042278 + 0.0im
     | block_size = 200 
[TDSE] Runing TDSE-SH-linear (length gauge, dipole form). step 13000 energy = -0.43741470920776276, norm_value = 1.0 + 0.0im, bound_norm=0.953686, free_norm=0.046314 + 0.0im
     | block_size = 200 
[TDSE] Runing TDSE-SH-linear (length gauge, dipole form). step 13200 energy = -0.4259813161505476, norm_value = 1.0 + 0.0im, bound_norm=0.942435, free_norm=0.057565 + 0.0im
     | block_size = 200 
[TDSE] Runing TDSE-SH-linear (length gauge, dipole form). step 13400 energy = -0.38463441518320496, norm_value = 1.0 + 0.0im, bound_norm=0.925534, free_norm=0.074466 + 0.0im
     | block_size = 200 
[TDSE] Runing TDSE-SH-linear (length gauge, dipole form). step 13600 energy = -0.31555827347043797, norm_value = 1.0 + 0.0im, bound_norm=0.911744, free_norm=0.088256 + 0.0im
     | block_size = 200 
[TDSE] Runing TDSE-SH-linear (length gauge, dipole form). step 13800 energy = -0.23230717154982855, norm_value = 1.0 + 0.0im, bound_norm=0.90446, free_norm=0.09554 + 0.0im
     | block_size = 200 
[TDSE] Runing TDSE-SH-linear (length gauge, dipole form). step 14000 energy = -0.15513051890149246, norm_value = 1.0 + 0.0im, bound_norm=0.901671, free_norm=0.098329 + 0.0im
     | block_size = 200 
[TDSE] Runing TDSE-SH-linear (length gauge, dipole form). step 14200 energy = -0.10474038955063034, norm_value = 1.0 + 0.0im, bound_norm=0.901909, free_norm=0.098091 + 0.0im
     | block_size = 200 
[TDSE] Runing TDSE-SH-linear (length gauge, dipole form). step 14400 energy = -0.09771086409634755, norm_value = 1.0 + 0.0im, bound_norm=0.901958, free_norm=0.098042 + 0.0im
     | block_size = 200 
[TDSE] Runing TDSE-SH-linear (length gauge, dipole form). step 14600 energy = -0.13598288082706655, norm_value = 1.0 + 0.0im, bound_norm=0.901618, free_norm=0.098382 + 0.0im
     | block_size = 200 
[TDSE] Runing TDSE-SH-linear (length gauge, dipole form). step 14800 energy = -0.20578404182684715, norm_value = 1.0 + 0.0im, bound_norm=0.900359, free_norm=0.099641 + 0.0im
     | block_size = 200 
[TDSE] Runing TDSE-SH-linear (length gauge, dipole form). step 15000 energy = -0.28473156323339405, norm_value = 1.0 + 0.0im, bound_norm=0.899792, free_norm=0.100208 + 0.0im
     | block_size = 200 
[TDSE] Runing TDSE-SH-linear (length gauge, dipole form). step 15200 energy = -0.34624876285897255, norm_value = 1.0 + 0.0im, bound_norm=0.897414, free_norm=0.102586 + 0.0im
     | block_size = 200 
[TDSE] Runing TDSE-SH-linear (length gauge, dipole form). step 15400 energy = -0.36973839694204774, norm_value = 1.0 + 0.0im, bound_norm=0.890895, free_norm=0.109105 + 0.0im
     | block_size = 200 
[TDSE] Runing TDSE-SH-linear (length gauge, dipole form). step 15600 energy = -0.3468846423995968, norm_value = 1.0 + 0.0im, bound_norm=0.88195, free_norm=0.11805 + 0.0im
     | block_size = 200 
[TDSE] Runing TDSE-SH-linear (length gauge, dipole form). step 15800 energy = -0.2834420012263391, norm_value = 1.0 + 0.0im, bound_norm=0.875022, free_norm=0.124978 + 0.0im
     | block_size = 200 
[TDSE] Runing TDSE-SH-linear (length gauge, dipole form). step 16000 energy = -0.1989432593780868, norm_value = 1.0 + 0.0im, bound_norm=0.871379, free_norm=0.128621 + 0.0im
     | block_size = 200 
[TDSE] Runing TDSE-SH-linear (length gauge, dipole form). step 16200 energy = -0.11842106619134962, norm_value = 1.0 + 0.0im, bound_norm=0.870199, free_norm=0.129801 + 0.0im
     | block_size = 200 
[TDSE] Runing TDSE-SH-linear (length gauge, dipole form). step 16400 energy = -0.06603019379965847, norm_value = 1.0 + 0.0im, bound_norm=0.870681, free_norm=0.129319 + 0.0im
     | block_size = 200 
[TDSE] Runing TDSE-SH-linear (length gauge, dipole form). step 16600 energy = -0.057908014185125395, norm_value = 1.0 + 0.0im, bound_norm=0.870672, free_norm=0.129328 + 0.0im
     | block_size = 200 
[TDSE] Runing TDSE-SH-linear (length gauge, dipole form). step 16800 energy = -0.09488119715871807, norm_value = 1.0 + 0.0im, bound_norm=0.870428, free_norm=0.129572 + 0.0im
     | block_size = 200 
[TDSE] Runing TDSE-SH-linear (length gauge, dipole form). step 17000 energy = -0.16357532465803787, norm_value = 1.0 + 0.0im, bound_norm=0.869838, free_norm=0.130162 + 0.0im
     | block_size = 200 
[TDSE] Runing TDSE-SH-linear (length gauge, dipole form). step 17200 energy = -0.24249652818411238, norm_value = 1.0 + 0.0im, bound_norm=0.869377, free_norm=0.130623 + 0.0im
     | block_size = 200 
[TDSE] Runing TDSE-SH-linear (length gauge, dipole form). step 17400 energy = -0.30820388048496866, norm_value = 1.0 + 0.0im, bound_norm=0.869069, free_norm=0.130931 + 0.0im
     | block_size = 200 
[TDSE] Runing TDSE-SH-linear (length gauge, dipole form). step 17600 energy = -0.34428323679710093, norm_value = 1.0 + 0.0im, bound_norm=0.868427, free_norm=0.131573 + 0.0im
     | block_size = 200 
[TDSE] Runing TDSE-SH-linear (length gauge, dipole form). step 17800 energy = -0.3445764295023584, norm_value = 1.0 + 0.0im, bound_norm=0.868533, free_norm=0.131467 + 0.0im
     | block_size = 200 
[TDSE] Runing TDSE-SH-linear (length gauge, dipole form). step 18000 energy = -0.3148458217714451, norm_value = 1.0 + 0.0im, bound_norm=0.866381, free_norm=0.133619 + 0.0im
     | block_size = 200 
[TDSE] Runing TDSE-SH-linear (length gauge, dipole form). step 18200 energy = -0.2686939000685927, norm_value = 1.0 + 0.0im, bound_norm=0.866264, free_norm=0.133736 + 0.0im
     | block_size = 200 
[TDSE] Runing TDSE-SH-linear (length gauge, dipole form). step 18400 energy = -0.2234454741237761, norm_value = 1.0 + 0.0im, bound_norm=0.86666, free_norm=0.13334 + 0.0im
     | block_size = 200 
[TDSE] Runing TDSE-SH-linear (length gauge, dipole form). step 18600 energy = -0.19440635557801966, norm_value = 1.0 + 0.0im, bound_norm=0.866883, free_norm=0.133117 + 0.0im
     | block_size = 200 
[TDSE] Runing TDSE-SH-linear (length gauge, dipole form). step 18800 energy = -0.18947271456615966, norm_value = 1.0 + 0.0im, bound_norm=0.866915, free_norm=0.133085 + 0.0im
     | block_size = 200 
[TDSE] Runing TDSE-SH-linear (length gauge, dipole form). step 19000 energy = -0.2083679333266251, norm_value = 1.0 + 0.0im, bound_norm=0.86678, free_norm=0.13322 + 0.0im
     | block_size = 200 
[TDSE] Runing TDSE-SH-linear (length gauge, dipole form). step 19200 energy = -0.24435975373494567, norm_value = 1.0 + 0.0im, bound_norm=0.866563, free_norm=0.133437 + 0.0im
     | block_size = 200 
[TDSE] Runing TDSE-SH-linear (length gauge, dipole form). step 19400 energy = -0.2859862773391698, norm_value = 1.0 + 0.0im, bound_norm=0.866287, free_norm=0.133713 + 0.0im
     | block_size = 200 
[TDSE] Runing TDSE-SH-linear (length gauge, dipole form). step 19600 energy = -0.3217705871619945, norm_value = 1.0 + 0.0im, bound_norm=0.866489, free_norm=0.133511 + 0.0im
     | block_size = 200 
[TDSE] Runing TDSE-SH-linear (length gauge, dipole form). step 19800 energy = -0.3438366210487327, norm_value = 1.0 + 0.0im, bound_norm=0.866794, free_norm=0.133206 + 0.0im
     | block_size = 200 
[TDSE] Runing TDSE-SH-linear (length gauge, dipole form). step 20000 energy = -0.34917691822329994, norm_value = 1.0 + 0.0im, bound_norm=0.866855, free_norm=0.133145 + 0.0im
     | block_size = 200 
[TDSE] Runing TDSE-SH-linear (length gauge, dipole form). step 20200 energy = -0.3406951605552481, norm_value = 1.0 + 0.0im, bound_norm=0.866637, free_norm=0.133363 + 0.0im
     | block_size = 200 
[TDSE] Runing TDSE-SH-linear (length gauge, dipole form). step 20400 energy = -0.3247955170888484, norm_value = 1.0 + 0.0im, bound_norm=0.866475, free_norm=0.133525 + 0.0im
     | block_size = 200 
[TDSE] Runing TDSE-SH-linear (length gauge, dipole form). step 20600 energy = -0.30887439269827655, norm_value = 1.0 + 0.0im, bound_norm=0.866753, free_norm=0.133247 + 0.0im
     | block_size = 200 
[TDSE] Runing TDSE-SH-linear (length gauge, dipole form). step 20800 energy = -0.2985136165791467, norm_value = 1.0 + 0.0im, bound_norm=0.866905, free_norm=0.133095 + 0.0im
     | block_size = 200 
[TDSE] Runing TDSE-SH-linear (length gauge, dipole form). step 21000 energy = -0.296549077795205, norm_value = 1.0 + 0.0im, bound_norm=0.866915, free_norm=0.133085 + 0.0im
     | block_size = 200 
[TDSE] Runing TDSE-SH-linear (length gauge, dipole form). step 21200 energy = -0.3027630636587038, norm_value = 1.0 + 0.0im, bound_norm=0.866871, free_norm=0.133129 + 0.0im
     | block_size = 200 
[TDSE] Runing TDSE-SH-linear (length gauge, dipole form). step 21400 energy = -0.3144901565541407, norm_value = 1.0 + 0.0im, bound_norm=0.866771, free_norm=0.133229 + 0.0im
     | block_size = 200 
[TDSE] Runing TDSE-SH-linear (length gauge, dipole form). step 21600 energy = -0.3278381996781733, norm_value = 1.0 + 0.0im, bound_norm=0.866741, free_norm=0.133259 + 0.0im
     | block_size = 200 
[TDSE] Runing TDSE-SH-linear (length gauge, dipole form). step 21800 energy = -0.3396588770393879, norm_value = 1.0 + 0.0im, bound_norm=0.867162, free_norm=0.132838 + 0.0im
     | block_size = 200 
[TDSE] Runing TDSE-SH-linear (length gauge, dipole form). step 22000 energy = -0.347322448653511, norm_value = 1.0 + 0.0im, bound_norm=0.867124, free_norm=0.132876 + 0.0im
     | block_size = 200 
[TDSE] Runing TDSE-SH-linear (length gauge, dipole form). step 22200 energy = -0.35064275395748495, norm_value = 1.0 + 0.0im, bound_norm=0.867064, free_norm=0.132936 + 0.0im
     | block_size = 200 
[TDSE] Runing TDSE-SH-linear (length gauge, dipole form). step 22400 energy = -0.35054062948398856, norm_value = 1.0 + 0.0im, bound_norm=0.867305, free_norm=0.132695 + 0.0im
     | block_size = 200 
[TDSE] Runing TDSE-SH-linear (length gauge, dipole form). step 22600 energy = -0.3481602906172989, norm_value = 1.0 + 0.0im, bound_norm=0.867191, free_norm=0.132809 + 0.0im
     | block_size = 200 
[TDSE] Runing TDSE-SH-linear (length gauge, dipole form). step 22800 energy = -0.34595910696008203, norm_value = 1.0 + 0.0im, bound_norm=0.867182, free_norm=0.132818 + 0.0im
     | block_size = 200 
[TDSE] Runing TDSE-SH-linear (length gauge, dipole form). step 23000 energy = -0.34424388802823125, norm_value = 1.0 + 0.0im, bound_norm=0.867208, free_norm=0.132792 + 0.0im
     | block_size = 200 
[TDSE] Runing TDSE-SH-linear (length gauge, dipole form). step 23200 energy = -0.3439549417188024, norm_value = 1.0 + 0.0im, bound_norm=0.867206, free_norm=0.132794 + 0.0im
     | block_size = 200 
[TDSE] Runing TDSE-SH-linear (length gauge, dipole form). step 23400 energy = -0.34476125583865047, norm_value = 1.0 + 0.0im, bound_norm=0.867192, free_norm=0.132808 + 0.0im
     | block_size = 200 
[TDSE] Runing TDSE-SH-linear (length gauge, dipole form). step 23600 energy = -0.34638477513036564, norm_value = 1.0 + 0.0im, bound_norm=0.86721, free_norm=0.13279 + 0.0im
     | block_size = 200 
[TDSE] Runing TDSE-SH-linear (length gauge, dipole form). step 23800 energy = -0.34793313227208206, norm_value = 1.0 + 0.0im, bound_norm=0.867229, free_norm=0.132771 + 0.0im
     | block_size = 200 
[TDSE] Runing TDSE-SH-linear (length gauge, dipole form). step 24000 energy = -0.34944181443078015, norm_value = 1.0 + 0.0im, bound_norm=0.867239, free_norm=0.132761 + 0.0im
     | block_size = 200 
[TDSE] Runing TDSE-SH-linear (length gauge, dipole form). step 24200 energy = -0.35043987158754314, norm_value = 1.0 + 0.0im, bound_norm=0.867139, free_norm=0.132861 + 0.0im
     | block_size = 200 
[TDSE] Runing TDSE-SH-linear (length gauge, dipole form). step 24400 energy = -0.35092351040654696, norm_value = 1.0 + 0.0im, bound_norm=0.867087, free_norm=0.132913 + 0.0im
     | block_size = 200 
[TDSE] Runing TDSE-SH-linear (length gauge, dipole form). step 24600 energy = -0.3512239819171597, norm_value = 1.0 + 0.0im, bound_norm=0.867101, free_norm=0.132899 + 0.0im
     | block_size = 200 
[TDSE] Runing TDSE-SH-linear (length gauge, dipole form). step 24800 energy = -0.35130400747311186, norm_value = 1.0 + 0.0im, bound_norm=0.867115, free_norm=0.132885 + 0.0im
     | block_size = 200 
[TDSE] Runing TDSE-SH-linear (length gauge, dipole form). step 25000 energy = -0.35132091003605925, norm_value = 1.0 + 0.0im, bound_norm=0.867121, free_norm=0.132879 + 0.0im
     | block_size = 200 
[TDSE] Runing TDSE-SH-linear (length gauge, dipole form). step 25200 energy = -0.35131448758955913, norm_value = 1.0 + 0.0im, bound_norm=0.86712, free_norm=0.13288 + 0.0im
     | block_size = 200 
[TDSE] Runing TDSE-SH-linear (length gauge, dipole form). step 25400 energy = -0.3513123087573797, norm_value = 1.0 + 0.0im, bound_norm=0.867118, free_norm=0.132882 + 0.0im
     | block_size = 200 
[TDSE] Runing TDSE-SH-linear (length gauge, dipole form). step 25600 energy = -0.35131303040386097, norm_value = 1.0 + 0.0im, bound_norm=0.867119, free_norm=0.132881 + 0.0im
     | block_size = 200 
[TDSE] Runing TDSE-SH-linear (length gauge, dipole form). step 25800 energy = -0.3513172773595869, norm_value = 1.0 + 0.0im, bound_norm=0.867121, free_norm=0.132879 + 0.0im
     | block_size = 200 
[TDSE] Runing TDSE-SH-linear (length gauge, dipole form). step 26000 energy = -0.3513211185954542, norm_value = 1.0 + 0.0im, bound_norm=0.867122, free_norm=0.132878 + 0.0im
     | block_size = 200 
[TDSE] Runing TDSE-SH-linear (length gauge, dipole form). step 26200 energy = -0.3513203603879638, norm_value = 1.0 + 0.0im, bound_norm=0.867122, free_norm=0.132878 + 0.0im
     | block_size = 200 
[TDSE] Runing TDSE-SH-linear (length gauge, dipole form). step 26400 energy = -0.3513206965966607, norm_value = 1.0 + 0.0im, bound_norm=0.867122, free_norm=0.132878 + 0.0im
     | block_size = 200 
Sample 2026_5_15_hg_massive_0.075_0.0_0.0285_6.0_short_range does not exist. Exceute a new sample.
[ITP]: 10000.496424741636
[ITP]: 3.468948764850932e-6
[ITP]: 2.0119768988635656e-6
[ITP]: 1.2363970314233086e-6
[ITP]: 7.802127368616851e-7
[ITP]: 5.004886823867238e-7
[ITP]: 3.247063635747338e-7
[ITP]: 2.1241854042397534e-7
[ITP]: 1.3984492786001113e-7
[ITP]: 9.25260389417204e-8
[ITP]: 6.146357944825098e-8
[ITP]: 4.0962812142275595e-8
[ITP]: 2.737382170936442e-8
[ITP]: 1.8334269435982264e-8
[ITP]: 1.2303307206362746e-8
[ITP]: 8.269649631742482e-9
[ITP]: 5.566198502116038e-9
[ITP]: 3.7510526906814334e-9
[ITP]: 2.530471499007092e-9
[ITP]: 1.7086173587088638e-9
[ITP]: 1.154605577813328e-9
[ITP]: 7.807770541212733e-10
[ITP]: 5.283077308959605e-10
[ITP]: 3.576713369923823e-10
[ITP]: 2.422650968725293e-10
[ITP]: 1.6416579207145787e-10
[ITP]: 1.1128536980820058e-10
[ITP]: 7.546496760824084e-11
[ITP]: 5.119060730862657e-11
[ITP]: 3.4733049769641866e-11
[ITP]: 2.3571977703085167e-11
[ITP]: 1.6002199565434694e-11
[ITP]: 1.086369882941085e-11
[ITP]: 7.378653243961253e-12
[ITP]: 5.010714065889488e-12
[ITP]: 3.4039993046519612e-12
[ITP]: 2.313038649504051e-12
[ITP]: 1.570410468332284e-12
[ITP]: 1.0681455719918631e-12
[ITP]: 7.265299473147024e-13
[ITP]: 4.919398222114069e-13
[ITP]: 3.346212196220222e-13
[ITP]: 2.2842838731662596e-13
[ITP]: 1.5498713423767185e-13
[ITP]: 1.0536016503692736e-13
[ITP]: 7.188694084447889e-14
[ITP]: 4.801714581503802e-14
[ITP]: 3.347322419244847e-14
[ITP]: 2.3148150063434514e-14
[ITP]: 1.4432899320127035e-14
[ITP]: 1.1102230246251565e-14
[ITP]: 7.16093850883226e-15
[ITP]: 4.440892098500626e-15
[ITP]: 2.6645352591003757e-15
[ITP]: 2.831068712794149e-15
[ITP]: 1.4988010832439613e-15
[ITP]: 6.661338147750939e-16
[ITP]: 7.771561172376096e-16
[ITP]: 5.551115123125783e-16
[ITP]: 2.220446049250313e-16
[ITP]: 4.440892098500626e-16
[ITP]: 6.106226635438361e-16
[ITP]: 7.216449660063518e-16
[ITP]: 4.440892098500626e-16
[ITP]: 4.440892098500626e-16
[ITP]: 3.3306690738754696e-16
[ITP]: 1.1102230246251565e-15
[ITP]: 1.1102230246251565e-16
[ITP]: 7.216449660063518e-16
[ITP]: 1.1102230246251565e-16
[ITP]: 8.326672684688674e-16
[ITP]: 7.216449660063518e-16
[ITP]: 2.7755575615628914e-16
[ITP]: 4.996003610813204e-16
[ITP]: 4.440892098500626e-16
[ITP]: 4.440892098500626e-16
[ITP]: 1.6653345369377348e-16
[ITP]: 4.996003610813204e-16
[ITP]: 1.1657341758564144e-15
[ITP]: 1.1102230246251565e-16
[ITP]: 0.0
[TDSE] Runing TDSE-SH-linear (length gauge, dipole form). step 0 energy = -0.4964336949924361, norm_value = 1.0 + 0.0im, bound_norm=1.0, free_norm=0.0 + 0.0im
     | block_size = 3 
[TDSE] Runing TDSE-SH-linear (length gauge, dipole form). step 200 energy = -0.4964336912775985, norm_value = 1.0 + 0.0im, bound_norm=1.0, free_norm=0.0 + 0.0im
     | block_size = 3 
[TDSE] Runing TDSE-SH-linear (length gauge, dipole form). step 400 energy = -0.49643364907945287, norm_value = 1.0 + 0.0im, bound_norm=1.0, free_norm=0.0 + 0.0im
     | block_size = 4 
[TDSE] Runing TDSE-SH-linear (length gauge, dipole form). step 600 energy = -0.4964335499556711, norm_value = 1.0 + 0.0im, bound_norm=1.0, free_norm=0.0 + 0.0im
     | block_size = 4 
[TDSE] Runing TDSE-SH-linear (length gauge, dipole form). step 800 energy = -0.4964335131425872, norm_value = 1.0 + 0.0im, bound_norm=1.0, free_norm=0.0 + 0.0im
     | block_size = 4 
[TDSE] Runing TDSE-SH-linear (length gauge, dipole form). step 1000 energy = -0.49643362439606625, norm_value = 1.0 + 0.0im, bound_norm=1.0, free_norm=0.0 + 0.0im
     | block_size = 4 
[TDSE] Runing TDSE-SH-linear (length gauge, dipole form). step 1200 energy = -0.49643358016171324, norm_value = 1.0 + 0.0im, bound_norm=1.0, free_norm=0.0 + 0.0im
     | block_size = 4 
[TDSE] Runing TDSE-SH-linear (length gauge, dipole form). step 1400 energy = -0.4964320943909059, norm_value = 1.0 + 0.0im, bound_norm=1.0, free_norm=0.0 + 0.0im
     | block_size = 4 
[TDSE] Runing TDSE-SH-linear (length gauge, dipole form). step 1600 energy = -0.4964269950280531, norm_value = 1.0 + 0.0im, bound_norm=0.999998, free_norm=2.0e-6 + 0.0im
     | block_size = 5 
[TDSE] Runing TDSE-SH-linear (length gauge, dipole form). step 1800 energy = -0.4964159003421077, norm_value = 1.0 + 0.0im, bound_norm=0.999995, free_norm=5.0e-6 + 0.0im
     | block_size = 7 
[TDSE] Runing TDSE-SH-linear (length gauge, dipole form). step 2000 energy = -0.4963986607377204, norm_value = 1.0 + 0.0im, bound_norm=0.999989, free_norm=1.1e-5 + 0.0im
     | block_size = 9 
[TDSE] Runing TDSE-SH-linear (length gauge, dipole form). step 2200 energy = -0.496378036773342, norm_value = 1.0 + 0.0im, bound_norm=0.999983, free_norm=1.7e-5 + 0.0im
     | block_size = 13 
[TDSE] Runing TDSE-SH-linear (length gauge, dipole form). step 2400 energy = -0.49636128383607175, norm_value = 1.0 + 0.0im, bound_norm=0.999978, free_norm=2.2e-5 + 0.0im
     | block_size = 17 
[TDSE] Runing TDSE-SH-linear (length gauge, dipole form). step 2600 energy = -0.49635721210277534, norm_value = 1.0 + 0.0im, bound_norm=0.999976, free_norm=2.4e-5 + 0.0im
     | block_size = 22 
[TDSE] Runing TDSE-SH-linear (length gauge, dipole form). step 2800 energy = -0.49637099027655696, norm_value = 1.0 + 0.0im, bound_norm=0.999981, free_norm=1.9e-5 + 0.0im
     | block_size = 26 
[TDSE] Runing TDSE-SH-linear (length gauge, dipole form). step 3000 energy = -0.4963996581631536, norm_value = 1.0 + 0.0im, bound_norm=0.99999, free_norm=1.0e-5 + 0.0im
     | block_size = 30 
[TDSE] Runing TDSE-SH-linear (length gauge, dipole form). step 3200 energy = -0.49642708283647274, norm_value = 1.0 + 0.0im, bound_norm=0.999998, free_norm=2.0e-6 + 0.0im
     | block_size = 33 
[TDSE] Runing TDSE-SH-linear (length gauge, dipole form). step 3400 energy = -0.4964272358481692, norm_value = 1.0 + 0.0im, bound_norm=0.999998, free_norm=2.0e-6 + 0.0im
     | block_size = 33 
[TDSE] Runing TDSE-SH-linear (length gauge, dipole form). step 3600 energy = -0.49637176368309766, norm_value = 1.0 + 0.0im, bound_norm=0.999981, free_norm=1.9e-5 + 0.0im
     | block_size = 30 
[TDSE] Runing TDSE-SH-linear (length gauge, dipole form). step 3800 energy = -0.49624352025757057, norm_value = 1.0 + 0.0im, bound_norm=0.999942, free_norm=5.8e-5 + 0.0im
     | block_size = 21 
[TDSE] Runing TDSE-SH-linear (length gauge, dipole form). step 4000 energy = -0.49604839183954985, norm_value = 1.0 + 0.0im, bound_norm=0.999883, free_norm=0.000117 + 0.0im
     | block_size = 13 
[TDSE] Runing TDSE-SH-linear (length gauge, dipole form). step 4200 energy = -0.49582512255932737, norm_value = 1.0 + 0.0im, bound_norm=0.999817, free_norm=0.000183 + 0.0im
     | block_size = 20 
[TDSE] Runing TDSE-SH-linear (length gauge, dipole form). step 4400 energy = -0.4956395297442375, norm_value = 1.0 + 0.0im, bound_norm=0.999764, free_norm=0.000236 + 0.0im
     | block_size = 30 
[TDSE] Runing TDSE-SH-linear (length gauge, dipole form). step 4600 energy = -0.4955648388697208, norm_value = 1.0 + 0.0im, bound_norm=0.999743, free_norm=0.000257 + 0.0im
     | block_size = 40 
[TDSE] Runing TDSE-SH-linear (length gauge, dipole form). step 4800 energy = -0.4956489294072538, norm_value = 1.0 + 0.0im, bound_norm=0.999767, free_norm=0.000233 + 0.0im
     | block_size = 50 
[TDSE] Runing TDSE-SH-linear (length gauge, dipole form). step 5000 energy = -0.49587772234436245, norm_value = 1.0 + 0.0im, bound_norm=0.999834, free_norm=0.000166 + 0.0im
     | block_size = 60 
[TDSE] Runing TDSE-SH-linear (length gauge, dipole form). step 5200 energy = -0.4961671516864784, norm_value = 1.0 + 0.0im, bound_norm=0.99992, free_norm=8.0e-5 + 0.0im
     | block_size = 70 
[TDSE] Runing TDSE-SH-linear (length gauge, dipole form). step 5400 energy = -0.4963862838797766, norm_value = 1.0 + 0.0im, bound_norm=0.999987, free_norm=1.3e-5 + 0.0im
     | block_size = 76 
[TDSE] Runing TDSE-SH-linear (length gauge, dipole form). step 5600 energy = -0.4963969960055146, norm_value = 1.0 + 0.0im, bound_norm=0.99999, free_norm=1.0e-5 + 0.0im
     | block_size = 77 
[TDSE] Runing TDSE-SH-linear (length gauge, dipole form). step 5800 energy = -0.49609865513188417, norm_value = 1.0 + 0.0im, bound_norm=0.999898, free_norm=0.000102 + 0.0im
     | block_size = 71 
[TDSE] Runing TDSE-SH-linear (length gauge, dipole form). step 6000 energy = -0.49546413260705613, norm_value = 1.0 + 0.0im, bound_norm=0.999713, free_norm=0.000287 + 0.0im
     | block_size = 68 
[TDSE] Runing TDSE-SH-linear (length gauge, dipole form). step 6200 energy = -0.4945717284647073, norm_value = 1.0 + 0.0im, bound_norm=0.999473, free_norm=0.000527 + 0.0im
     | block_size = 75 
[TDSE] Runing TDSE-SH-linear (length gauge, dipole form). step 6400 energy = -0.49362147101422876, norm_value = 1.0 + 0.0im, bound_norm=0.999248, free_norm=0.000752 + 0.0im
     | block_size = 85 
[TDSE] Runing TDSE-SH-linear (length gauge, dipole form). step 6600 energy = -0.4929220566033125, norm_value = 1.0 + 0.0im, bound_norm=0.999105, free_norm=0.000895 + 0.0im
     | block_size = 95 
[TDSE] Runing TDSE-SH-linear (length gauge, dipole form). step 6800 energy = -0.49279633794191957, norm_value = 1.0 + 0.0im, bound_norm=0.999078, free_norm=0.000922 + 0.0im
     | block_size = 105 
[TDSE] Runing TDSE-SH-linear (length gauge, dipole form). step 7000 energy = -0.49338379603210786, norm_value = 1.0 + 0.0im, bound_norm=0.99917, free_norm=0.00083 + 0.0im
     | block_size = 115 
[TDSE] Runing TDSE-SH-linear (length gauge, dipole form). step 7200 energy = -0.4944538198894236, norm_value = 1.0 + 0.0im, bound_norm=0.999394, free_norm=0.000606 + 0.0im
     | block_size = 125 
[TDSE] Runing TDSE-SH-linear (length gauge, dipole form). step 7400 energy = -0.4955290032322358, norm_value = 1.0 + 0.0im, bound_norm=0.999709, free_norm=0.000291 + 0.0im
     | block_size = 135 
[TDSE] Runing TDSE-SH-linear (length gauge, dipole form). step 7600 energy = -0.4962369542801193, norm_value = 1.0 + 0.0im, bound_norm=0.999915, free_norm=8.5e-5 + 0.0im
     | block_size = 145 
[TDSE] Runing TDSE-SH-linear (length gauge, dipole form). step 7800 energy = -0.49629282411288594, norm_value = 1.0 + 0.0im, bound_norm=0.999933, free_norm=6.7e-5 + 0.0im
     | block_size = 146 
[TDSE] Runing TDSE-SH-linear (length gauge, dipole form). step 8000 energy = -0.49550480830832255, norm_value = 1.0 + 0.0im, bound_norm=0.9997, free_norm=0.0003 + 0.0im
     | block_size = 147 
[TDSE] Runing TDSE-SH-linear (length gauge, dipole form). step 8200 energy = -0.49385062615452197, norm_value = 1.0 + 0.0im, bound_norm=0.999265, free_norm=0.000735 + 0.0im
     | block_size = 157 
[TDSE] Runing TDSE-SH-linear (length gauge, dipole form). step 8400 energy = -0.49140848569121287, norm_value = 1.0 + 0.0im, bound_norm=0.998739, free_norm=0.001261 + 0.0im
     | block_size = 167 
[TDSE] Runing TDSE-SH-linear (length gauge, dipole form). step 8600 energy = -0.48851207890328413, norm_value = 1.0 + 0.0im, bound_norm=0.998247, free_norm=0.001753 + 0.0im
     | block_size = 177 
[TDSE] Runing TDSE-SH-linear (length gauge, dipole form). step 8800 energy = -0.48571002158474025, norm_value = 1.0 + 0.0im, bound_norm=0.997398, free_norm=0.002602 + 0.0im
     | block_size = 185 
[TDSE] Runing TDSE-SH-linear (length gauge, dipole form). step 9000 energy = -0.4836676701300703, norm_value = 1.0 + 0.0im, bound_norm=0.995785, free_norm=0.004215 + 0.0im
     | block_size = 195 
[TDSE] Runing TDSE-SH-linear (length gauge, dipole form). step 9200 energy = -0.4829420206834705, norm_value = 1.0 + 0.0im, bound_norm=0.994047, free_norm=0.005953 + 0.0im
     | block_size = 200 
[TDSE] Runing TDSE-SH-linear (length gauge, dipole form). step 9400 energy = -0.4832341980067788, norm_value = 1.0 + 0.0im, bound_norm=0.992963, free_norm=0.007037 + 0.0im
     | block_size = 200 
[TDSE] Runing TDSE-SH-linear (length gauge, dipole form). step 9600 energy = -0.48318688679493327, norm_value = 1.0 + 0.0im, bound_norm=0.99288, free_norm=0.00712 + 0.0im
     | block_size = 200 
[TDSE] Runing TDSE-SH-linear (length gauge, dipole form). step 9800 energy = -0.48258443475584345, norm_value = 1.0 + 0.0im, bound_norm=0.993408, free_norm=0.006592 + 0.0im
     | block_size = 200 
[TDSE] Runing TDSE-SH-linear (length gauge, dipole form). step 10000 energy = -0.48251021052092913, norm_value = 1.0 + 0.0im, bound_norm=0.993395, free_norm=0.006605 + 0.0im
     | block_size = 200 
[TDSE] Runing TDSE-SH-linear (length gauge, dipole form). step 10200 energy = -0.4829590507306317, norm_value = 1.0 + 0.0im, bound_norm=0.992997, free_norm=0.007003 + 0.0im
     | block_size = 200 
[TDSE] Runing TDSE-SH-linear (length gauge, dipole form). step 10400 energy = -0.48289624365188083, norm_value = 1.0 + 0.0im, bound_norm=0.992315, free_norm=0.007685 + 0.0im
     | block_size = 200 
[TDSE] Runing TDSE-SH-linear (length gauge, dipole form). step 10600 energy = -0.4809982450477313, norm_value = 1.0 + 0.0im, bound_norm=0.991305, free_norm=0.008695 + 0.0im
     | block_size = 200 
[TDSE] Runing TDSE-SH-linear (length gauge, dipole form). step 10800 energy = -0.4753716597881498, norm_value = 1.0 + 0.0im, bound_norm=0.988745, free_norm=0.011255 + 0.0im
     | block_size = 200 
[TDSE] Runing TDSE-SH-linear (length gauge, dipole form). step 11000 energy = -0.4631487052721505, norm_value = 1.0 + 0.0im, bound_norm=0.980716, free_norm=0.019284 + 0.0im
     | block_size = 200 
[TDSE] Runing TDSE-SH-linear (length gauge, dipole form). step 11200 energy = -0.441439081384476, norm_value = 1.0 + 0.0im, bound_norm=0.967768, free_norm=0.032232 + 0.0im
     | block_size = 200 
[TDSE] Runing TDSE-SH-linear (length gauge, dipole form). step 11400 energy = -0.4099899162356863, norm_value = 1.0 + 0.0im, bound_norm=0.956056, free_norm=0.043944 + 0.0im
     | block_size = 200 
[TDSE] Runing TDSE-SH-linear (length gauge, dipole form). step 11600 energy = -0.3733945048568537, norm_value = 1.0 + 0.0im, bound_norm=0.949562, free_norm=0.050438 + 0.0im
     | block_size = 200 
[TDSE] Runing TDSE-SH-linear (length gauge, dipole form). step 11800 energy = -0.33880861652750704, norm_value = 1.0 + 0.0im, bound_norm=0.947002, free_norm=0.052998 + 0.0im
     | block_size = 200 
[TDSE] Runing TDSE-SH-linear (length gauge, dipole form). step 12000 energy = -0.3150576652475859, norm_value = 1.0 + 0.0im, bound_norm=0.947293, free_norm=0.052707 + 0.0im
     | block_size = 200 
[TDSE] Runing TDSE-SH-linear (length gauge, dipole form). step 12200 energy = -0.3120938505591059, norm_value = 1.0 + 0.0im, bound_norm=0.947345, free_norm=0.052655 + 0.0im
     | block_size = 200 
[TDSE] Runing TDSE-SH-linear (length gauge, dipole form). step 12400 energy = -0.33159044303498963, norm_value = 1.0 + 0.0im, bound_norm=0.946895, free_norm=0.053105 + 0.0im
     | block_size = 200 
[TDSE] Runing TDSE-SH-linear (length gauge, dipole form). step 12600 energy = -0.3652841156618556, norm_value = 1.0 + 0.0im, bound_norm=0.945646, free_norm=0.054354 + 0.0im
     | block_size = 200 
[TDSE] Runing TDSE-SH-linear (length gauge, dipole form). step 12800 energy = -0.40023820044332736, norm_value = 1.0 + 0.0im, bound_norm=0.944492, free_norm=0.055508 + 0.0im
     | block_size = 200 
[TDSE] Runing TDSE-SH-linear (length gauge, dipole form). step 13000 energy = -0.41915295643203804, norm_value = 1.0 + 0.0im, bound_norm=0.939132, free_norm=0.060868 + 0.0im
     | block_size = 200 
[TDSE] Runing TDSE-SH-linear (length gauge, dipole form). step 13200 energy = -0.40589921358295505, norm_value = 1.0 + 0.0im, bound_norm=0.924331, free_norm=0.075669 + 0.0im
     | block_size = 200 
[TDSE] Runing TDSE-SH-linear (length gauge, dipole form). step 13400 energy = -0.349908285936461, norm_value = 1.0 + 0.0im, bound_norm=0.903549, free_norm=0.096451 + 0.0im
     | block_size = 200 
[TDSE] Runing TDSE-SH-linear (length gauge, dipole form). step 13600 energy = -0.25354870099588595, norm_value = 1.0 + 0.0im, bound_norm=0.886131, free_norm=0.113869 + 0.0im
     | block_size = 200 
[TDSE] Runing TDSE-SH-linear (length gauge, dipole form). step 13800 energy = -0.13679075557119555, norm_value = 1.0 + 0.0im, bound_norm=0.877119, free_norm=0.122881 + 0.0im
     | block_size = 200 
[TDSE] Runing TDSE-SH-linear (length gauge, dipole form). step 14000 energy = -0.02896650598630452, norm_value = 1.0 + 0.0im, bound_norm=0.873621, free_norm=0.126379 + 0.0im
     | block_size = 200 
[TDSE] Runing TDSE-SH-linear (length gauge, dipole form). step 14200 energy = 0.040815927183475986, norm_value = 1.0 + 0.0im, bound_norm=0.873655, free_norm=0.126345 + 0.0im
     | block_size = 200 
[TDSE] Runing TDSE-SH-linear (length gauge, dipole form). step 14400 energy = 0.050539037518718695, norm_value = 1.0 + 0.0im, bound_norm=0.873736, free_norm=0.126264 + 0.0im
     | block_size = 200 
[TDSE] Runing TDSE-SH-linear (length gauge, dipole form). step 14600 energy = -0.002391727971307177, norm_value = 1.0 + 0.0im, bound_norm=0.873407, free_norm=0.126593 + 0.0im
     | block_size = 200 
[TDSE] Runing TDSE-SH-linear (length gauge, dipole form). step 14800 energy = -0.09928207349930751, norm_value = 1.0 + 0.0im, bound_norm=0.871956, free_norm=0.128044 + 0.0im
     | block_size = 200 
[TDSE] Runing TDSE-SH-linear (length gauge, dipole form). step 15000 energy = -0.20895583751280208, norm_value = 1.0 + 0.0im, bound_norm=0.871336, free_norm=0.128664 + 0.0im
     | block_size = 200 
[TDSE] Runing TDSE-SH-linear (length gauge, dipole form). step 15200 energy = -0.2945876582150067, norm_value = 1.0 + 0.0im, bound_norm=0.868206, free_norm=0.131794 + 0.0im
     | block_size = 200 
[TDSE] Runing TDSE-SH-linear (length gauge, dipole form). step 15400 energy = -0.32767448436879776, norm_value = 1.0 + 0.0im, bound_norm=0.85962, free_norm=0.14038 + 0.0im
     | block_size = 200 
[TDSE] Runing TDSE-SH-linear (length gauge, dipole form). step 15600 energy = -0.2959953145743891, norm_value = 1.0 + 0.0im, bound_norm=0.8484, free_norm=0.1516 + 0.0im
     | block_size = 200 
[TDSE] Runing TDSE-SH-linear (length gauge, dipole form). step 15800 energy = -0.20792026325785087, norm_value = 1.0 + 0.0im, bound_norm=0.839389, free_norm=0.160611 + 0.0im
     | block_size = 200 
[TDSE] Runing TDSE-SH-linear (length gauge, dipole form). step 16000 energy = -0.09050230886582247, norm_value = 1.0 + 0.0im, bound_norm=0.834794, free_norm=0.165206 + 0.0im
     | block_size = 200 
[TDSE] Runing TDSE-SH-linear (length gauge, dipole form). step 16200 energy = 0.020741484279574, norm_value = 1.0 + 0.0im, bound_norm=0.833189, free_norm=0.166811 + 0.0im
     | block_size = 200 
[TDSE] Runing TDSE-SH-linear (length gauge, dipole form). step 16400 energy = 0.0927548087550675, norm_value = 1.0 + 0.0im, bound_norm=0.833611, free_norm=0.166389 + 0.0im
     | block_size = 200 
[TDSE] Runing TDSE-SH-linear (length gauge, dipole form). step 16600 energy = 0.10393432504891552, norm_value = 1.0 + 0.0im, bound_norm=0.83361, free_norm=0.16639 + 0.0im
     | block_size = 200 
[TDSE] Runing TDSE-SH-linear (length gauge, dipole form). step 16800 energy = 0.053138653777206356, norm_value = 1.0 + 0.0im, bound_norm=0.833371, free_norm=0.166629 + 0.0im
     | block_size = 200 
[TDSE] Runing TDSE-SH-linear (length gauge, dipole form). step 17000 energy = -0.041290918008930366, norm_value = 1.0 + 0.0im, bound_norm=0.832691, free_norm=0.167309 + 0.0im
     | block_size = 200 
[TDSE] Runing TDSE-SH-linear (length gauge, dipole form). step 17200 energy = -0.14971860578604232, norm_value = 1.0 + 0.0im, bound_norm=0.832219, free_norm=0.167781 + 0.0im
     | block_size = 200 
[TDSE] Runing TDSE-SH-linear (length gauge, dipole form). step 17400 energy = -0.23971571610933287, norm_value = 1.0 + 0.0im, bound_norm=0.831828, free_norm=0.168172 + 0.0im
     | block_size = 200 
[TDSE] Runing TDSE-SH-linear (length gauge, dipole form). step 17600 energy = -0.2885616571815647, norm_value = 1.0 + 0.0im, bound_norm=0.831004, free_norm=0.168996 + 0.0im
     | block_size = 200 
[TDSE] Runing TDSE-SH-linear (length gauge, dipole form). step 17800 energy = -0.2888308499091446, norm_value = 1.0 + 0.0im, bound_norm=0.830398, free_norm=0.169602 + 0.0im
     | block_size = 200 
[TDSE] Runing TDSE-SH-linear (length gauge, dipole form). step 18000 energy = -0.24680348679065367, norm_value = 1.0 + 0.0im, bound_norm=0.828523, free_norm=0.171477 + 0.0im
     | block_size = 200 
[TDSE] Runing TDSE-SH-linear (length gauge, dipole form). step 18200 energy = -0.18209495782335466, norm_value = 1.0 + 0.0im, bound_norm=0.827891, free_norm=0.172109 + 0.0im
     | block_size = 200 
[TDSE] Runing TDSE-SH-linear (length gauge, dipole form). step 18400 energy = -0.11937240481198934, norm_value = 1.0 + 0.0im, bound_norm=0.828113, free_norm=0.171887 + 0.0im
     | block_size = 200 
[TDSE] Runing TDSE-SH-linear (length gauge, dipole form). step 18600 energy = -0.07936114025295676, norm_value = 1.0 + 0.0im, bound_norm=0.82843, free_norm=0.17157 + 0.0im
     | block_size = 200 
[TDSE] Runing TDSE-SH-linear (length gauge, dipole form). step 18800 energy = -0.07252697646977903, norm_value = 1.0 + 0.0im, bound_norm=0.828449, free_norm=0.171551 + 0.0im
     | block_size = 200 
[TDSE] Runing TDSE-SH-linear (length gauge, dipole form). step 19000 energy = -0.09864944609737232, norm_value = 1.0 + 0.0im, bound_norm=0.8283, free_norm=0.1717 + 0.0im
     | block_size = 200 
[TDSE] Runing TDSE-SH-linear (length gauge, dipole form). step 19200 energy = -0.14822659212452957, norm_value = 1.0 + 0.0im, bound_norm=0.828112, free_norm=0.171888 + 0.0im
     | block_size = 200 
[TDSE] Runing TDSE-SH-linear (length gauge, dipole form). step 19400 energy = -0.20567550485086813, norm_value = 1.0 + 0.0im, bound_norm=0.827746, free_norm=0.172254 + 0.0im
     | block_size = 200 
[TDSE] Runing TDSE-SH-linear (length gauge, dipole form). step 19600 energy = -0.2548193487005717, norm_value = 1.0 + 0.0im, bound_norm=0.827944, free_norm=0.172056 + 0.0im
     | block_size = 200 
[TDSE] Runing TDSE-SH-linear (length gauge, dipole form). step 19800 energy = -0.28518305027555824, norm_value = 1.0 + 0.0im, bound_norm=0.82834, free_norm=0.17166 + 0.0im
     | block_size = 200 
[TDSE] Runing TDSE-SH-linear (length gauge, dipole form). step 20000 energy = -0.2927131931117565, norm_value = 1.0 + 0.0im, bound_norm=0.828597, free_norm=0.171403 + 0.0im
     | block_size = 200 
[TDSE] Runing TDSE-SH-linear (length gauge, dipole form). step 20200 energy = -0.28120314238036315, norm_value = 1.0 + 0.0im, bound_norm=0.828351, free_norm=0.171649 + 0.0im
     | block_size = 200 
[TDSE] Runing TDSE-SH-linear (length gauge, dipole form). step 20400 energy = -0.2594706917707027, norm_value = 1.0 + 0.0im, bound_norm=0.828231, free_norm=0.171769 + 0.0im
     | block_size = 200 
[TDSE] Runing TDSE-SH-linear (length gauge, dipole form). step 20600 energy = -0.23750961032909518, norm_value = 1.0 + 0.0im, bound_norm=0.828405, free_norm=0.171595 + 0.0im
     | block_size = 200 
[TDSE] Runing TDSE-SH-linear (length gauge, dipole form). step 20800 energy = -0.22316906944039241, norm_value = 1.0 + 0.0im, bound_norm=0.828428, free_norm=0.171572 + 0.0im
     | block_size = 200 
[TDSE] Runing TDSE-SH-linear (length gauge, dipole form). step 21000 energy = -0.22047368433937117, norm_value = 1.0 + 0.0im, bound_norm=0.828429, free_norm=0.171571 + 0.0im
     | block_size = 200 
[TDSE] Runing TDSE-SH-linear (length gauge, dipole form). step 21200 energy = -0.22905060831878227, norm_value = 1.0 + 0.0im, bound_norm=0.828404, free_norm=0.171596 + 0.0im
     | block_size = 200 
[TDSE] Runing TDSE-SH-linear (length gauge, dipole form). step 21400 energy = -0.24505993498368847, norm_value = 1.0 + 0.0im, bound_norm=0.828344, free_norm=0.171656 + 0.0im
     | block_size = 200 
[TDSE] Runing TDSE-SH-linear (length gauge, dipole form). step 21600 energy = -0.263397098186004, norm_value = 1.0 + 0.0im, bound_norm=0.828266, free_norm=0.171734 + 0.0im
     | block_size = 200 
[TDSE] Runing TDSE-SH-linear (length gauge, dipole form). step 21800 energy = -0.2790998582000056, norm_value = 1.0 + 0.0im, bound_norm=0.828784, free_norm=0.171216 + 0.0im
     | block_size = 200 
[TDSE] Runing TDSE-SH-linear (length gauge, dipole form). step 22000 energy = -0.2897310821339164, norm_value = 1.0 + 0.0im, bound_norm=0.828766, free_norm=0.171234 + 0.0im
     | block_size = 200 
[TDSE] Runing TDSE-SH-linear (length gauge, dipole form). step 22200 energy = -0.29404573387321403, norm_value = 1.0 + 0.0im, bound_norm=0.828642, free_norm=0.171358 + 0.0im
     | block_size = 200 
[TDSE] Runing TDSE-SH-linear (length gauge, dipole form). step 22400 energy = -0.2936508493551353, norm_value = 1.0 + 0.0im, bound_norm=0.82899, free_norm=0.17101 + 0.0im
     | block_size = 200 
[TDSE] Runing TDSE-SH-linear (length gauge, dipole form). step 22600 energy = -0.29069027122701174, norm_value = 1.0 + 0.0im, bound_norm=0.829004, free_norm=0.170996 + 0.0im
     | block_size = 200 
[TDSE] Runing TDSE-SH-linear (length gauge, dipole form). step 22800 energy = -0.28714607049735824, norm_value = 1.0 + 0.0im, bound_norm=0.828782, free_norm=0.171218 + 0.0im
     | block_size = 200 
[TDSE] Runing TDSE-SH-linear (length gauge, dipole form). step 23000 energy = -0.2849499504017202, norm_value = 1.0 + 0.0im, bound_norm=0.828724, free_norm=0.171276 + 0.0im
     | block_size = 200 
[TDSE] Runing TDSE-SH-linear (length gauge, dipole form). step 23200 energy = -0.2844907134326732, norm_value = 1.0 + 0.0im, bound_norm=0.828738, free_norm=0.171262 + 0.0im
     | block_size = 200 
[TDSE] Runing TDSE-SH-linear (length gauge, dipole form). step 23400 energy = -0.2856619344723423, norm_value = 1.0 + 0.0im, bound_norm=0.828756, free_norm=0.171244 + 0.0im
     | block_size = 200 
[TDSE] Runing TDSE-SH-linear (length gauge, dipole form). step 23600 energy = -0.2877171541120699, norm_value = 1.0 + 0.0im, bound_norm=0.828779, free_norm=0.171221 + 0.0im
     | block_size = 200 
[TDSE] Runing TDSE-SH-linear (length gauge, dipole form). step 23800 energy = -0.2901303919375867, norm_value = 1.0 + 0.0im, bound_norm=0.828906, free_norm=0.171094 + 0.0im
     | block_size = 200 
[TDSE] Runing TDSE-SH-linear (length gauge, dipole form). step 24000 energy = -0.2920510978394515, norm_value = 1.0 + 0.0im, bound_norm=0.828897, free_norm=0.171103 + 0.0im
     | block_size = 200 
[TDSE] Runing TDSE-SH-linear (length gauge, dipole form). step 24200 energy = -0.2934646540442954, norm_value = 1.0 + 0.0im, bound_norm=0.828728, free_norm=0.171272 + 0.0im
     | block_size = 200 
[TDSE] Runing TDSE-SH-linear (length gauge, dipole form). step 24400 energy = -0.29423444716641045, norm_value = 1.0 + 0.0im, bound_norm=0.82868, free_norm=0.17132 + 0.0im
     | block_size = 200 
[TDSE] Runing TDSE-SH-linear (length gauge, dipole form). step 24600 energy = -0.29464464695482895, norm_value = 1.0 + 0.0im, bound_norm=0.828716, free_norm=0.171284 + 0.0im
     | block_size = 200 
[TDSE] Runing TDSE-SH-linear (length gauge, dipole form). step 24800 energy = -0.29476053368484073, norm_value = 1.0 + 0.0im, bound_norm=0.828736, free_norm=0.171264 + 0.0im
     | block_size = 200 
[TDSE] Runing TDSE-SH-linear (length gauge, dipole form). step 25000 energy = -0.2947586445710357, norm_value = 1.0 + 0.0im, bound_norm=0.828739, free_norm=0.171261 + 0.0im
     | block_size = 200 
[TDSE] Runing TDSE-SH-linear (length gauge, dipole form). step 25200 energy = -0.294764305083517, norm_value = 1.0 + 0.0im, bound_norm=0.828738, free_norm=0.171262 + 0.0im
     | block_size = 200 
[TDSE] Runing TDSE-SH-linear (length gauge, dipole form). step 25400 energy = -0.2947606032072055, norm_value = 1.0 + 0.0im, bound_norm=0.828739, free_norm=0.171261 + 0.0im
     | block_size = 200 
[TDSE] Runing TDSE-SH-linear (length gauge, dipole form). step 25600 energy = -0.2947643741239742, norm_value = 1.0 + 0.0im, bound_norm=0.82874, free_norm=0.17126 + 0.0im
     | block_size = 200 
[TDSE] Runing TDSE-SH-linear (length gauge, dipole form). step 25800 energy = -0.2947677634652839, norm_value = 1.0 + 0.0im, bound_norm=0.828738, free_norm=0.171262 + 0.0im
     | block_size = 200 
[TDSE] Runing TDSE-SH-linear (length gauge, dipole form). step 26000 energy = -0.2947690222511908, norm_value = 1.0 + 0.0im, bound_norm=0.828737, free_norm=0.171263 + 0.0im
     | block_size = 200 
[TDSE] Runing TDSE-SH-linear (length gauge, dipole form). step 26200 energy = -0.29476824609649, norm_value = 1.0 + 0.0im, bound_norm=0.828737, free_norm=0.171263 + 0.0im
     | block_size = 200 
[TDSE] Runing TDSE-SH-linear (length gauge, dipole form). step 26400 energy = -0.2947691877612328, norm_value = 1.0 + 0.0im, bound_norm=0.828737, free_norm=0.171263 + 0.0im
     | block_size = 200 
Sample 2026_5_15_hg_massive_0.0775_0.0_0.0285_6.0_short_range does not exist. Exceute a new sample.
[ITP]: 10000.496424741636
[ITP]: 3.468948764850932e-6
[ITP]: 2.0119768988635656e-6
[ITP]: 1.2363970314233086e-6
[ITP]: 7.802127368616851e-7
[ITP]: 5.004886823867238e-7
[ITP]: 3.247063635747338e-7
[ITP]: 2.1241854042397534e-7
[ITP]: 1.3984492786001113e-7
[ITP]: 9.25260389417204e-8
[ITP]: 6.146357944825098e-8
[ITP]: 4.0962812142275595e-8
[ITP]: 2.737382170936442e-8
[ITP]: 1.8334269435982264e-8
[ITP]: 1.2303307206362746e-8
[ITP]: 8.269649631742482e-9
[ITP]: 5.566198502116038e-9
[ITP]: 3.7510526906814334e-9
[ITP]: 2.530471499007092e-9
[ITP]: 1.7086173587088638e-9
[ITP]: 1.154605577813328e-9
[ITP]: 7.807770541212733e-10
[ITP]: 5.283077308959605e-10
[ITP]: 3.576713369923823e-10
[ITP]: 2.422650968725293e-10
[ITP]: 1.6416579207145787e-10
[ITP]: 1.1128536980820058e-10
[ITP]: 7.546496760824084e-11
[ITP]: 5.119060730862657e-11
[ITP]: 3.4733049769641866e-11
[ITP]: 2.3571977703085167e-11
[ITP]: 1.6002199565434694e-11
[ITP]: 1.086369882941085e-11
[ITP]: 7.378653243961253e-12
[ITP]: 5.010714065889488e-12
[ITP]: 3.4039993046519612e-12
[ITP]: 2.313038649504051e-12
[ITP]: 1.570410468332284e-12
[ITP]: 1.0681455719918631e-12
[ITP]: 7.265299473147024e-13
[ITP]: 4.919398222114069e-13
[ITP]: 3.346212196220222e-13
[ITP]: 2.2842838731662596e-13
[ITP]: 1.5498713423767185e-13
[ITP]: 1.0536016503692736e-13
[ITP]: 7.188694084447889e-14
[ITP]: 4.801714581503802e-14
[ITP]: 3.347322419244847e-14
[ITP]: 2.3148150063434514e-14
[ITP]: 1.4432899320127035e-14
[ITP]: 1.1102230246251565e-14
[ITP]: 7.16093850883226e-15
[ITP]: 4.440892098500626e-15
[ITP]: 2.6645352591003757e-15
[ITP]: 2.831068712794149e-15
[ITP]: 1.4988010832439613e-15
[ITP]: 6.661338147750939e-16
[ITP]: 7.771561172376096e-16
[ITP]: 5.551115123125783e-16
[ITP]: 2.220446049250313e-16
[ITP]: 4.440892098500626e-16
[ITP]: 6.106226635438361e-16
[ITP]: 7.216449660063518e-16
[ITP]: 4.440892098500626e-16
[ITP]: 4.440892098500626e-16
[ITP]: 3.3306690738754696e-16
[ITP]: 1.1102230246251565e-15
[ITP]: 1.1102230246251565e-16
[ITP]: 7.216449660063518e-16
[ITP]: 1.1102230246251565e-16
[ITP]: 8.326672684688674e-16
[ITP]: 7.216449660063518e-16
[ITP]: 2.7755575615628914e-16
[ITP]: 4.996003610813204e-16
[ITP]: 4.440892098500626e-16
[ITP]: 4.440892098500626e-16
[ITP]: 1.6653345369377348e-16
[ITP]: 4.996003610813204e-16
[ITP]: 1.1657341758564144e-15
[ITP]: 1.1102230246251565e-16
[ITP]: 0.0
[TDSE] Runing TDSE-SH-linear (length gauge, dipole form). step 0 energy = -0.4964336949924361, norm_value = 1.0 + 0.0im, bound_norm=1.0, free_norm=0.0 + 0.0im
     | block_size = 3 
[TDSE] Runing TDSE-SH-linear (length gauge, dipole form). step 200 energy = -0.49643369102581525, norm_value = 1.0 + 0.0im, bound_norm=1.0, free_norm=0.0 + 0.0im
     | block_size = 3 
[TDSE] Runing TDSE-SH-linear (length gauge, dipole form). step 400 energy = -0.4964336459675721, norm_value = 1.0 + 0.0im, bound_norm=1.0, free_norm=0.0 + 0.0im
     | block_size = 4 
[TDSE] Runing TDSE-SH-linear (length gauge, dipole form). step 600 energy = -0.49643354012536156, norm_value = 1.0 + 0.0im, bound_norm=1.0, free_norm=0.0 + 0.0im
     | block_size = 4 
[TDSE] Runing TDSE-SH-linear (length gauge, dipole form). step 800 energy = -0.4964335008170649, norm_value = 1.0 + 0.0im, bound_norm=1.0, free_norm=0.0 + 0.0im
     | block_size = 4 
[TDSE] Runing TDSE-SH-linear (length gauge, dipole form). step 1000 energy = -0.4964336196112773, norm_value = 1.0 + 0.0im, bound_norm=1.0, free_norm=0.0 + 0.0im
     | block_size = 4 
[TDSE] Runing TDSE-SH-linear (length gauge, dipole form). step 1200 energy = -0.49643357237881286, norm_value = 1.0 + 0.0im, bound_norm=1.0, free_norm=0.0 + 0.0im
     | block_size = 4 
[TDSE] Runing TDSE-SH-linear (length gauge, dipole form). step 1400 energy = -0.4964319859030673, norm_value = 1.0 + 0.0im, bound_norm=0.999999, free_norm=1.0e-6 + 0.0im
     | block_size = 4 
[TDSE] Runing TDSE-SH-linear (length gauge, dipole form). step 1600 energy = -0.496426540837493, norm_value = 1.0 + 0.0im, bound_norm=0.999998, free_norm=2.0e-6 + 0.0im
     | block_size = 5 
[TDSE] Runing TDSE-SH-linear (length gauge, dipole form). step 1800 energy = -0.49641469362984925, norm_value = 1.0 + 0.0im, bound_norm=0.999994, free_norm=6.0e-6 + 0.0im
     | block_size = 7 
[TDSE] Runing TDSE-SH-linear (length gauge, dipole form). step 2000 energy = -0.49639628340276054, norm_value = 1.0 + 0.0im, bound_norm=0.999988, free_norm=1.2e-5 + 0.0im
     | block_size = 9 
[TDSE] Runing TDSE-SH-linear (length gauge, dipole form). step 2200 energy = -0.49637425717139094, norm_value = 1.0 + 0.0im, bound_norm=0.999982, free_norm=1.8e-5 + 0.0im
     | block_size = 13 
[TDSE] Runing TDSE-SH-linear (length gauge, dipole form). step 2400 energy = -0.49635636367225344, norm_value = 1.0 + 0.0im, bound_norm=0.999976, free_norm=2.4e-5 + 0.0im
     | block_size = 17 
[TDSE] Runing TDSE-SH-linear (length gauge, dipole form). step 2600 energy = -0.4963520128312885, norm_value = 1.0 + 0.0im, bound_norm=0.999975, free_norm=2.5e-5 + 0.0im
     | block_size = 22 
[TDSE] Runing TDSE-SH-linear (length gauge, dipole form). step 2800 energy = -0.49636673292050615, norm_value = 1.0 + 0.0im, bound_norm=0.99998, free_norm=2.0e-5 + 0.0im
     | block_size = 27 
[TDSE] Runing TDSE-SH-linear (length gauge, dipole form). step 3000 energy = -0.49639734692724746, norm_value = 1.0 + 0.0im, bound_norm=0.999989, free_norm=1.1e-5 + 0.0im
     | block_size = 31 
[TDSE] Runing TDSE-SH-linear (length gauge, dipole form). step 3200 energy = -0.4964266351500518, norm_value = 1.0 + 0.0im, bound_norm=0.999998, free_norm=2.0e-6 + 0.0im
     | block_size = 34 
[TDSE] Runing TDSE-SH-linear (length gauge, dipole form). step 3400 energy = -0.49642679723313404, norm_value = 1.0 + 0.0im, bound_norm=0.999998, free_norm=2.0e-6 + 0.0im
     | block_size = 34 
[TDSE] Runing TDSE-SH-linear (length gauge, dipole form). step 3600 energy = -0.4963675636865076, norm_value = 1.0 + 0.0im, bound_norm=0.99998, free_norm=2.0e-5 + 0.0im
     | block_size = 30 
[TDSE] Runing TDSE-SH-linear (length gauge, dipole form). step 3800 energy = -0.4962305524677326, norm_value = 1.0 + 0.0im, bound_norm=0.999938, free_norm=6.2e-5 + 0.0im
     | block_size = 22 
[TDSE] Runing TDSE-SH-linear (length gauge, dipole form). step 4000 energy = -0.49602193815856804, norm_value = 1.0 + 0.0im, bound_norm=0.999875, free_norm=0.000125 + 0.0im
     | block_size = 13 
[TDSE] Runing TDSE-SH-linear (length gauge, dipole form). step 4200 energy = -0.49578298781646857, norm_value = 1.0 + 0.0im, bound_norm=0.999805, free_norm=0.000195 + 0.0im
     | block_size = 20 
[TDSE] Runing TDSE-SH-linear (length gauge, dipole form). step 4400 energy = -0.4955841081650458, norm_value = 1.0 + 0.0im, bound_norm=0.999748, free_norm=0.000252 + 0.0im
     | block_size = 30 
[TDSE] Runing TDSE-SH-linear (length gauge, dipole form). step 4600 energy = -0.4955040074703055, norm_value = 1.0 + 0.0im, bound_norm=0.999726, free_norm=0.000274 + 0.0im
     | block_size = 40 
[TDSE] Runing TDSE-SH-linear (length gauge, dipole form). step 4800 energy = -0.49559414951872005, norm_value = 1.0 + 0.0im, bound_norm=0.999752, free_norm=0.000248 + 0.0im
     | block_size = 50 
[TDSE] Runing TDSE-SH-linear (length gauge, dipole form). step 5000 energy = -0.4958392915285149, norm_value = 1.0 + 0.0im, bound_norm=0.999822, free_norm=0.000178 + 0.0im
     | block_size = 60 
[TDSE] Runing TDSE-SH-linear (length gauge, dipole form). step 5200 energy = -0.49614893460031123, norm_value = 1.0 + 0.0im, bound_norm=0.999914, free_norm=8.6e-5 + 0.0im
     | block_size = 70 
[TDSE] Runing TDSE-SH-linear (length gauge, dipole form). step 5400 energy = -0.4963830721868454, norm_value = 1.0 + 0.0im, bound_norm=0.999986, free_norm=1.4e-5 + 0.0im
     | block_size = 77 
[TDSE] Runing TDSE-SH-linear (length gauge, dipole form). step 5600 energy = -0.49639451583310273, norm_value = 1.0 + 0.0im, bound_norm=0.999989, free_norm=1.1e-5 + 0.0im
     | block_size = 77 
[TDSE] Runing TDSE-SH-linear (length gauge, dipole form). step 5800 energy = -0.49607575268570236, norm_value = 1.0 + 0.0im, bound_norm=0.999892, free_norm=0.000108 + 0.0im
     | block_size = 71 
[TDSE] Runing TDSE-SH-linear (length gauge, dipole form). step 6000 energy = -0.4953963952075514, norm_value = 1.0 + 0.0im, bound_norm=0.999694, free_norm=0.000306 + 0.0im
     | block_size = 69 
[TDSE] Runing TDSE-SH-linear (length gauge, dipole form). step 6200 energy = -0.49443701202162865, norm_value = 1.0 + 0.0im, bound_norm=0.999439, free_norm=0.000561 + 0.0im
     | block_size = 76 
[TDSE] Runing TDSE-SH-linear (length gauge, dipole form). step 6400 energy = -0.4934084893119308, norm_value = 1.0 + 0.0im, bound_norm=0.9992, free_norm=0.0008 + 0.0im
     | block_size = 86 
[TDSE] Runing TDSE-SH-linear (length gauge, dipole form). step 6600 energy = -0.4926425419973339, norm_value = 1.0 + 0.0im, bound_norm=0.99905, free_norm=0.00095 + 0.0im
     | block_size = 96 
[TDSE] Runing TDSE-SH-linear (length gauge, dipole form). step 6800 energy = -0.4924947737496162, norm_value = 1.0 + 0.0im, bound_norm=0.99902, free_norm=0.00098 + 0.0im
     | block_size = 106 
[TDSE] Runing TDSE-SH-linear (length gauge, dipole form). step 7000 energy = -0.49312745914797007, norm_value = 1.0 + 0.0im, bound_norm=0.999106, free_norm=0.000894 + 0.0im
     | block_size = 116 
[TDSE] Runing TDSE-SH-linear (length gauge, dipole form). step 7200 energy = -0.4942887837434268, norm_value = 1.0 + 0.0im, bound_norm=0.999328, free_norm=0.000672 + 0.0im
     | block_size = 126 
[TDSE] Runing TDSE-SH-linear (length gauge, dipole form). step 7400 energy = -0.4954428508925175, norm_value = 1.0 + 0.0im, bound_norm=0.999666, free_norm=0.000334 + 0.0im
     | block_size = 136 
[TDSE] Runing TDSE-SH-linear (length gauge, dipole form). step 7600 energy = -0.4961941920620487, norm_value = 1.0 + 0.0im, bound_norm=0.999887, free_norm=0.000113 + 0.0im
     | block_size = 146 
[TDSE] Runing TDSE-SH-linear (length gauge, dipole form). step 7800 energy = -0.49625383997571576, norm_value = 1.0 + 0.0im, bound_norm=0.999905, free_norm=9.5e-5 + 0.0im
     | block_size = 147 
[TDSE] Runing TDSE-SH-linear (length gauge, dipole form). step 8000 energy = -0.49541547615800746, norm_value = 1.0 + 0.0im, bound_norm=0.999657, free_norm=0.000343 + 0.0im
     | block_size = 148 
[TDSE] Runing TDSE-SH-linear (length gauge, dipole form). step 8200 energy = -0.4936442222749892, norm_value = 1.0 + 0.0im, bound_norm=0.999197, free_norm=0.000803 + 0.0im
     | block_size = 158 
[TDSE] Runing TDSE-SH-linear (length gauge, dipole form). step 8400 energy = -0.49098537509632806, norm_value = 1.0 + 0.0im, bound_norm=0.998636, free_norm=0.001364 + 0.0im
     | block_size = 168 
[TDSE] Runing TDSE-SH-linear (length gauge, dipole form). step 8600 energy = -0.48774126127022793, norm_value = 1.0 + 0.0im, bound_norm=0.99806, free_norm=0.00194 + 0.0im
     | block_size = 178 
[TDSE] Runing TDSE-SH-linear (length gauge, dipole form). step 8800 energy = -0.4843868254103092, norm_value = 1.0 + 0.0im, bound_norm=0.996867, free_norm=0.003133 + 0.0im
     | block_size = 188 
[TDSE] Runing TDSE-SH-linear (length gauge, dipole form). step 9000 energy = -0.48150294813522226, norm_value = 1.0 + 0.0im, bound_norm=0.994558, free_norm=0.005442 + 0.0im
     | block_size = 198 
[TDSE] Runing TDSE-SH-linear (length gauge, dipole form). step 9200 energy = -0.47966934217250595, norm_value = 1.0 + 0.0im, bound_norm=0.992104, free_norm=0.007896 + 0.0im
     | block_size = 200 
[TDSE] Runing TDSE-SH-linear (length gauge, dipole form). step 9400 energy = -0.4787644304097927, norm_value = 1.0 + 0.0im, bound_norm=0.990568, free_norm=0.009432 + 0.0im
     | block_size = 200 
[TDSE] Runing TDSE-SH-linear (length gauge, dipole form). step 9600 energy = -0.477575470555128, norm_value = 1.0 + 0.0im, bound_norm=0.990249, free_norm=0.009751 + 0.0im
     | block_size = 200 
[TDSE] Runing TDSE-SH-linear (length gauge, dipole form). step 9800 energy = -0.4760963929339669, norm_value = 1.0 + 0.0im, bound_norm=0.990803, free_norm=0.009197 + 0.0im
     | block_size = 200 
[TDSE] Runing TDSE-SH-linear (length gauge, dipole form). step 10000 energy = -0.4759227821839261, norm_value = 1.0 + 0.0im, bound_norm=0.990789, free_norm=0.009211 + 0.0im
     | block_size = 200 
[TDSE] Runing TDSE-SH-linear (length gauge, dipole form). step 10200 energy = -0.4771558676676278, norm_value = 1.0 + 0.0im, bound_norm=0.990362, free_norm=0.009638 + 0.0im
     | block_size = 200 
[TDSE] Runing TDSE-SH-linear (length gauge, dipole form). step 10400 energy = -0.4782935193110581, norm_value = 1.0 + 0.0im, bound_norm=0.989627, free_norm=0.010373 + 0.0im
     | block_size = 200 
[TDSE] Runing TDSE-SH-linear (length gauge, dipole form). step 10600 energy = -0.4773634402412306, norm_value = 1.0 + 0.0im, bound_norm=0.988493, free_norm=0.011507 + 0.0im
     | block_size = 200 
[TDSE] Runing TDSE-SH-linear (length gauge, dipole form). step 10800 energy = -0.4713088722588248, norm_value = 1.0 + 0.0im, bound_norm=0.985051, free_norm=0.014949 + 0.0im
     | block_size = 200 
[TDSE] Runing TDSE-SH-linear (length gauge, dipole form). step 11000 energy = -0.4557104814089778, norm_value = 1.0 + 0.0im, bound_norm=0.97448, free_norm=0.02552 + 0.0im
     | block_size = 200 
[TDSE] Runing TDSE-SH-linear (length gauge, dipole form). step 11200 energy = -0.4258895519854495, norm_value = 1.0 + 0.0im, bound_norm=0.957823, free_norm=0.042177 + 0.0im
     | block_size = 200 
[TDSE] Runing TDSE-SH-linear (length gauge, dipole form). step 11400 energy = -0.3810792442793135, norm_value = 1.0 + 0.0im, bound_norm=0.942927, free_norm=0.057073 + 0.0im
     | block_size = 200 
[TDSE] Runing TDSE-SH-linear (length gauge, dipole form). step 11600 energy = -0.3279987385455307, norm_value = 1.0 + 0.0im, bound_norm=0.934747, free_norm=0.065253 + 0.0im
     | block_size = 200 
[TDSE] Runing TDSE-SH-linear (length gauge, dipole form). step 11800 energy = -0.27807748777732977, norm_value = 1.0 + 0.0im, bound_norm=0.931477, free_norm=0.068523 + 0.0im
     | block_size = 200 
[TDSE] Runing TDSE-SH-linear (length gauge, dipole form). step 12000 energy = -0.24436567859515054, norm_value = 1.0 + 0.0im, bound_norm=0.931575, free_norm=0.068425 + 0.0im
     | block_size = 200 
[TDSE] Runing TDSE-SH-linear (length gauge, dipole form). step 12200 energy = -0.24017723855135817, norm_value = 1.0 + 0.0im, bound_norm=0.931662, free_norm=0.068338 + 0.0im
     | block_size = 200 
[TDSE] Runing TDSE-SH-linear (length gauge, dipole form). step 12400 energy = -0.2678127740364163, norm_value = 1.0 + 0.0im, bound_norm=0.931203, free_norm=0.068797 + 0.0im
     | block_size = 200 
[TDSE] Runing TDSE-SH-linear (length gauge, dipole form). step 12600 energy = -0.3160820208626273, norm_value = 1.0 + 0.0im, bound_norm=0.92981, free_norm=0.07019 + 0.0im
     | block_size = 200 
[TDSE] Runing TDSE-SH-linear (length gauge, dipole form). step 12800 energy = -0.3667793664598535, norm_value = 1.0 + 0.0im, bound_norm=0.928382, free_norm=0.071618 + 0.0im
     | block_size = 200 
[TDSE] Runing TDSE-SH-linear (length gauge, dipole form). step 13000 energy = -0.39572837188350596, norm_value = 1.0 + 0.0im, bound_norm=0.921395, free_norm=0.078605 + 0.0im
     | block_size = 200 
[TDSE] Runing TDSE-SH-linear (length gauge, dipole form). step 13200 energy = -0.3803653647527427, norm_value = 1.0 + 0.0im, bound_norm=0.903147, free_norm=0.096853 + 0.0im
     | block_size = 200 
[TDSE] Runing TDSE-SH-linear (length gauge, dipole form). step 13400 energy = -0.30607103299390087, norm_value = 1.0 + 0.0im, bound_norm=0.876937, free_norm=0.123063 + 0.0im
     | block_size = 200 
[TDSE] Runing TDSE-SH-linear (length gauge, dipole form). step 13600 energy = -0.1759191594628628, norm_value = 1.0 + 0.0im, bound_norm=0.855971, free_norm=0.144029 + 0.0im
     | block_size = 200 
[TDSE] Runing TDSE-SH-linear (length gauge, dipole form). step 13800 energy = -0.016832337920077114, norm_value = 1.0 + 0.0im, bound_norm=0.845059, free_norm=0.154941 + 0.0im
     | block_size = 200 
[TDSE] Runing TDSE-SH-linear (length gauge, dipole form). step 14000 energy = 0.12976128998132536, norm_value = 1.0 + 0.0im, bound_norm=0.840827, free_norm=0.159173 + 0.0im
     | block_size = 200 
[TDSE] Runing TDSE-SH-linear (length gauge, dipole form). step 14200 energy = 0.22396966533413534, norm_value = 1.0 + 0.0im, bound_norm=0.8406, free_norm=0.1594 + 0.0im
     | block_size = 200 
[TDSE] Runing TDSE-SH-linear (length gauge, dipole form). step 14400 energy = 0.2370673263621163, norm_value = 1.0 + 0.0im, bound_norm=0.840719, free_norm=0.159281 + 0.0im
     | block_size = 200 
[TDSE] Runing TDSE-SH-linear (length gauge, dipole form). step 14600 energy = 0.1657139168884035, norm_value = 1.0 + 0.0im, bound_norm=0.840407, free_norm=0.159593 + 0.0im
     | block_size = 200 
[TDSE] Runing TDSE-SH-linear (length gauge, dipole form). step 14800 energy = 0.03471668219363773, norm_value = 1.0 + 0.0im, bound_norm=0.838777, free_norm=0.161223 + 0.0im
     | block_size = 200 
[TDSE] Runing TDSE-SH-linear (length gauge, dipole form). step 15000 energy = -0.11357139387111923, norm_value = 1.0 + 0.0im, bound_norm=0.838112, free_norm=0.161888 + 0.0im
     | block_size = 200 
[TDSE] Runing TDSE-SH-linear (length gauge, dipole form). step 15200 energy = -0.22949494663759368, norm_value = 1.0 + 0.0im, bound_norm=0.833965, free_norm=0.166035 + 0.0im
     | block_size = 200 
[TDSE] Runing TDSE-SH-linear (length gauge, dipole form). step 15400 energy = -0.2744669396383684, norm_value = 1.0 + 0.0im, bound_norm=0.823207, free_norm=0.176793 + 0.0im
     | block_size = 200 
[TDSE] Runing TDSE-SH-linear (length gauge, dipole form). step 15600 energy = -0.2318302267082039, norm_value = 1.0 + 0.0im, bound_norm=0.808684, free_norm=0.191316 + 0.0im
     | block_size = 200 
[TDSE] Runing TDSE-SH-linear (length gauge, dipole form). step 15800 energy = -0.11296298220980178, norm_value = 1.0 + 0.0im, bound_norm=0.798085, free_norm=0.201915 + 0.0im
     | block_size = 200 
[TDSE] Runing TDSE-SH-linear (length gauge, dipole form). step 16000 energy = 0.04551401603928535, norm_value = 1.0 + 0.0im, bound_norm=0.792452, free_norm=0.207548 + 0.0im
     | block_size = 200 
[TDSE] Runing TDSE-SH-linear (length gauge, dipole form). step 16200 energy = 0.1950576383859986, norm_value = 1.0 + 0.0im, bound_norm=0.790391, free_norm=0.209609 + 0.0im
     | block_size = 200 
[TDSE] Runing TDSE-SH-linear (length gauge, dipole form). step 16400 energy = 0.29141003098079205, norm_value = 1.0 + 0.0im, bound_norm=0.790709, free_norm=0.209291 + 0.0im
     | block_size = 200 
[TDSE] Runing TDSE-SH-linear (length gauge, dipole form). step 16600 energy = 0.3063516528994197, norm_value = 1.0 + 0.0im, bound_norm=0.790722, free_norm=0.209278 + 0.0im
     | block_size = 200 
[TDSE] Runing TDSE-SH-linear (length gauge, dipole form). step 16800 energy = 0.23849295741534138, norm_value = 1.0 + 0.0im, bound_norm=0.790494, free_norm=0.209506 + 0.0im
     | block_size = 200 
[TDSE] Runing TDSE-SH-linear (length gauge, dipole form). step 17000 energy = 0.1121849231382298, norm_value = 1.0 + 0.0im, bound_norm=0.789721, free_norm=0.210279 + 0.0im
     | block_size = 200 
[TDSE] Runing TDSE-SH-linear (length gauge, dipole form). step 17200 energy = -0.03265764143116829, norm_value = 1.0 + 0.0im, bound_norm=0.789253, free_norm=0.210747 + 0.0im
     | block_size = 200 
[TDSE] Runing TDSE-SH-linear (length gauge, dipole form). step 17400 energy = -0.15261474836195585, norm_value = 1.0 + 0.0im, bound_norm=0.788696, free_norm=0.211304 + 0.0im
     | block_size = 200 
[TDSE] Runing TDSE-SH-linear (length gauge, dipole form). step 17600 energy = -0.21742788914554534, norm_value = 1.0 + 0.0im, bound_norm=0.787574, free_norm=0.212426 + 0.0im
     | block_size = 200 
[TDSE] Runing TDSE-SH-linear (length gauge, dipole form). step 17800 energy = -0.21522862716575347, norm_value = 1.0 + 0.0im, bound_norm=0.786482, free_norm=0.213518 + 0.0im
     | block_size = 200 
[TDSE] Runing TDSE-SH-linear (length gauge, dipole form). step 18000 energy = -0.1584649023189276, norm_value = 1.0 + 0.0im, bound_norm=0.783292, free_norm=0.216708 + 0.0im
     | block_size = 200 
[TDSE] Runing TDSE-SH-linear (length gauge, dipole form). step 18200 energy = -0.07109517140160786, norm_value = 1.0 + 0.0im, bound_norm=0.782652, free_norm=0.217348 + 0.0im
     | block_size = 200 
[TDSE] Runing TDSE-SH-linear (length gauge, dipole form). step 18400 energy = 0.0133444684686147, norm_value = 1.0 + 0.0im, bound_norm=0.782886, free_norm=0.217114 + 0.0im
     | block_size = 200 
[TDSE] Runing TDSE-SH-linear (length gauge, dipole form). step 18600 energy = 0.06727047208530731, norm_value = 1.0 + 0.0im, bound_norm=0.783153, free_norm=0.216847 + 0.0im
     | block_size = 200 
[TDSE] Runing TDSE-SH-linear (length gauge, dipole form). step 18800 energy = 0.07644640449103907, norm_value = 1.0 + 0.0im, bound_norm=0.783172, free_norm=0.216828 + 0.0im
     | block_size = 200 
[TDSE] Runing TDSE-SH-linear (length gauge, dipole form). step 19000 energy = 0.04136620980723253, norm_value = 1.0 + 0.0im, bound_norm=0.783031, free_norm=0.216969 + 0.0im
     | block_size = 200 
[TDSE] Runing TDSE-SH-linear (length gauge, dipole form). step 19200 energy = -0.025243122817325794, norm_value = 1.0 + 0.0im, bound_norm=0.782822, free_norm=0.217178 + 0.0im
     | block_size = 200 
[TDSE] Runing TDSE-SH-linear (length gauge, dipole form). step 19400 energy = -0.10246465939695129, norm_value = 1.0 + 0.0im, bound_norm=0.782508, free_norm=0.217492 + 0.0im
     | block_size = 200 
[TDSE] Runing TDSE-SH-linear (length gauge, dipole form). step 19600 energy = -0.16832731494121386, norm_value = 1.0 + 0.0im, bound_norm=0.782601, free_norm=0.217399 + 0.0im
     | block_size = 200 
[TDSE] Runing TDSE-SH-linear (length gauge, dipole form). step 19800 energy = -0.20890730592579185, norm_value = 1.0 + 0.0im, bound_norm=0.783235, free_norm=0.216765 + 0.0im
     | block_size = 200 
[TDSE] Runing TDSE-SH-linear (length gauge, dipole form). step 20000 energy = -0.21855495647447654, norm_value = 1.0 + 0.0im, bound_norm=0.783505, free_norm=0.216495 + 0.0im
     | block_size = 200 
[TDSE] Runing TDSE-SH-linear (length gauge, dipole form). step 20200 energy = -0.2036968882714389, norm_value = 1.0 + 0.0im, bound_norm=0.783458, free_norm=0.216542 + 0.0im
     | block_size = 200 
[TDSE] Runing TDSE-SH-linear (length gauge, dipole form). step 20400 energy = -0.17451273571865317, norm_value = 1.0 + 0.0im, bound_norm=0.78286, free_norm=0.21714 + 0.0im
     | block_size = 200 
[TDSE] Runing TDSE-SH-linear (length gauge, dipole form). step 20600 energy = -0.14529654210235837, norm_value = 1.0 + 0.0im, bound_norm=0.782951, free_norm=0.217049 + 0.0im
     | block_size = 200 
[TDSE] Runing TDSE-SH-linear (length gauge, dipole form). step 20800 energy = -0.12605027440179117, norm_value = 1.0 + 0.0im, bound_norm=0.783104, free_norm=0.216896 + 0.0im
     | block_size = 200 
[TDSE] Runing TDSE-SH-linear (length gauge, dipole form). step 21000 energy = -0.12250105953288912, norm_value = 1.0 + 0.0im, bound_norm=0.783114, free_norm=0.216886 + 0.0im
     | block_size = 200 
[TDSE] Runing TDSE-SH-linear (length gauge, dipole form). step 21200 energy = -0.13392833212722274, norm_value = 1.0 + 0.0im, bound_norm=0.783057, free_norm=0.216943 + 0.0im
     | block_size = 200 
[TDSE] Runing TDSE-SH-linear (length gauge, dipole form). step 21400 energy = -0.15537177601136734, norm_value = 1.0 + 0.0im, bound_norm=0.782946, free_norm=0.217054 + 0.0im
     | block_size = 200 
[TDSE] Runing TDSE-SH-linear (length gauge, dipole form). step 21600 energy = -0.17959112207137357, norm_value = 1.0 + 0.0im, bound_norm=0.782925, free_norm=0.217075 + 0.0im
     | block_size = 200 
[TDSE] Runing TDSE-SH-linear (length gauge, dipole form). step 21800 energy = -0.20088574073197907, norm_value = 1.0 + 0.0im, bound_norm=0.783496, free_norm=0.216504 + 0.0im
     | block_size = 200 
[TDSE] Runing TDSE-SH-linear (length gauge, dipole form). step 22000 energy = -0.21448894066943022, norm_value = 1.0 + 0.0im, bound_norm=0.78335, free_norm=0.21665 + 0.0im
     | block_size = 200 
[TDSE] Runing TDSE-SH-linear (length gauge, dipole form). step 22200 energy = -0.22019446882251573, norm_value = 1.0 + 0.0im, bound_norm=0.783117, free_norm=0.216883 + 0.0im
     | block_size = 200 
[TDSE] Runing TDSE-SH-linear (length gauge, dipole form). step 22400 energy = -0.21959312041644583, norm_value = 1.0 + 0.0im, bound_norm=0.783532, free_norm=0.216468 + 0.0im
     | block_size = 200 
[TDSE] Runing TDSE-SH-linear (length gauge, dipole form). step 22600 energy = -0.21527038503531107, norm_value = 1.0 + 0.0im, bound_norm=0.783359, free_norm=0.216641 + 0.0im
     | block_size = 200 
[TDSE] Runing TDSE-SH-linear (length gauge, dipole form). step 22800 energy = -0.2107927772778851, norm_value = 1.0 + 0.0im, bound_norm=0.783381, free_norm=0.216619 + 0.0im
     | block_size = 200 
[TDSE] Runing TDSE-SH-linear (length gauge, dipole form). step 23000 energy = -0.20770050754641187, norm_value = 1.0 + 0.0im, bound_norm=0.783424, free_norm=0.216576 + 0.0im
     | block_size = 200 
[TDSE] Runing TDSE-SH-linear (length gauge, dipole form). step 23200 energy = -0.20711290791779585, norm_value = 1.0 + 0.0im, bound_norm=0.783433, free_norm=0.216567 + 0.0im
     | block_size = 200 
[TDSE] Runing TDSE-SH-linear (length gauge, dipole form). step 23400 energy = -0.2086721575964574, norm_value = 1.0 + 0.0im, bound_norm=0.783407, free_norm=0.216593 + 0.0im
     | block_size = 200 
[TDSE] Runing TDSE-SH-linear (length gauge, dipole form). step 23600 energy = -0.21159163523667204, norm_value = 1.0 + 0.0im, bound_norm=0.783427, free_norm=0.216573 + 0.0im
     | block_size = 200 
[TDSE] Runing TDSE-SH-linear (length gauge, dipole form). step 23800 energy = -0.21465553887831154, norm_value = 1.0 + 0.0im, bound_norm=0.783479, free_norm=0.216521 + 0.0im
     | block_size = 200 
[TDSE] Runing TDSE-SH-linear (length gauge, dipole form). step 24000 energy = -0.21737532250372288, norm_value = 1.0 + 0.0im, bound_norm=0.783509, free_norm=0.216491 + 0.0im
     | block_size = 200 
[TDSE] Runing TDSE-SH-linear (length gauge, dipole form). step 24200 energy = -0.2192372349016377, norm_value = 1.0 + 0.0im, bound_norm=0.783359, free_norm=0.216641 + 0.0im
     | block_size = 200 
[TDSE] Runing TDSE-SH-linear (length gauge, dipole form). step 24400 energy = -0.22030395896569924, norm_value = 1.0 + 0.0im, bound_norm=0.783259, free_norm=0.216741 + 0.0im
     | block_size = 200 
[TDSE] Runing TDSE-SH-linear (length gauge, dipole form). step 24600 energy = -0.22077210221789856, norm_value = 1.0 + 0.0im, bound_norm=0.783246, free_norm=0.216754 + 0.0im
     | block_size = 200 
[TDSE] Runing TDSE-SH-linear (length gauge, dipole form). step 24800 energy = -0.22095110911951407, norm_value = 1.0 + 0.0im, bound_norm=0.783259, free_norm=0.216741 + 0.0im
     | block_size = 200 
[TDSE] Runing TDSE-SH-linear (length gauge, dipole form). step 25000 energy = -0.22100103161112483, norm_value = 1.0 + 0.0im, bound_norm=0.783269, free_norm=0.216731 + 0.0im
     | block_size = 200 
[TDSE] Runing TDSE-SH-linear (length gauge, dipole form). step 25200 energy = -0.2209933449409454, norm_value = 1.0 + 0.0im, bound_norm=0.783272, free_norm=0.216728 + 0.0im
     | block_size = 200 
[TDSE] Runing TDSE-SH-linear (length gauge, dipole form). step 25400 energy = -0.2209910130027801, norm_value = 1.0 + 0.0im, bound_norm=0.78327, free_norm=0.21673 + 0.0im
     | block_size = 200 
[TDSE] Runing TDSE-SH-linear (length gauge, dipole form). step 25600 energy = -0.22099480206358876, norm_value = 1.0 + 0.0im, bound_norm=0.783271, free_norm=0.216729 + 0.0im
     | block_size = 200 
[TDSE] Runing TDSE-SH-linear (length gauge, dipole form). step 25800 energy = -0.2209959792098169, norm_value = 1.0 + 0.0im, bound_norm=0.783274, free_norm=0.216726 + 0.0im
     | block_size = 200 
[TDSE] Runing TDSE-SH-linear (length gauge, dipole form). step 26000 energy = -0.22099751947166926, norm_value = 1.0 + 0.0im, bound_norm=0.783277, free_norm=0.216723 + 0.0im
     | block_size = 200 
[TDSE] Runing TDSE-SH-linear (length gauge, dipole form). step 26200 energy = -0.22099894604346426, norm_value = 1.0 + 0.0im, bound_norm=0.783278, free_norm=0.216722 + 0.0im
     | block_size = 200 
[TDSE] Runing TDSE-SH-linear (length gauge, dipole form). step 26400 energy = -0.22099834529930376, norm_value = 1.0 + 0.0im, bound_norm=0.783278, free_norm=0.216722 + 0.0im
     | block_size = 200 
Sample 2026_5_15_hg_massive_0.08_0.0_0.0285_6.0_short_range does not exist. Exceute a new sample.
[ITP]: 10000.496424741636
[ITP]: 3.468948764850932e-6
[ITP]: 2.0119768988635656e-6
[ITP]: 1.2363970314233086e-6
[ITP]: 7.802127368616851e-7
[ITP]: 5.004886823867238e-7
[ITP]: 3.247063635747338e-7
[ITP]: 2.1241854042397534e-7
[ITP]: 1.3984492786001113e-7
[ITP]: 9.25260389417204e-8
[ITP]: 6.146357944825098e-8
[ITP]: 4.0962812142275595e-8
[ITP]: 2.737382170936442e-8
[ITP]: 1.8334269435982264e-8
[ITP]: 1.2303307206362746e-8
[ITP]: 8.269649631742482e-9
[ITP]: 5.566198502116038e-9
[ITP]: 3.7510526906814334e-9
[ITP]: 2.530471499007092e-9
[ITP]: 1.7086173587088638e-9
[ITP]: 1.154605577813328e-9
[ITP]: 7.807770541212733e-10
[ITP]: 5.283077308959605e-10
[ITP]: 3.576713369923823e-10
[ITP]: 2.422650968725293e-10
[ITP]: 1.6416579207145787e-10
[ITP]: 1.1128536980820058e-10
[ITP]: 7.546496760824084e-11
[ITP]: 5.119060730862657e-11
[ITP]: 3.4733049769641866e-11
[ITP]: 2.3571977703085167e-11
[ITP]: 1.6002199565434694e-11
[ITP]: 1.086369882941085e-11
[ITP]: 7.378653243961253e-12
[ITP]: 5.010714065889488e-12
[ITP]: 3.4039993046519612e-12
[ITP]: 2.313038649504051e-12
[ITP]: 1.570410468332284e-12
[ITP]: 1.0681455719918631e-12
[ITP]: 7.265299473147024e-13
[ITP]: 4.919398222114069e-13
[ITP]: 3.346212196220222e-13
[ITP]: 2.2842838731662596e-13
[ITP]: 1.5498713423767185e-13
[ITP]: 1.0536016503692736e-13
[ITP]: 7.188694084447889e-14
[ITP]: 4.801714581503802e-14
[ITP]: 3.347322419244847e-14
[ITP]: 2.3148150063434514e-14
[ITP]: 1.4432899320127035e-14
[ITP]: 1.1102230246251565e-14
[ITP]: 7.16093850883226e-15
[ITP]: 4.440892098500626e-15
[ITP]: 2.6645352591003757e-15
[ITP]: 2.831068712794149e-15
[ITP]: 1.4988010832439613e-15
[ITP]: 6.661338147750939e-16
[ITP]: 7.771561172376096e-16
[ITP]: 5.551115123125783e-16
[ITP]: 2.220446049250313e-16
[ITP]: 4.440892098500626e-16
[ITP]: 6.106226635438361e-16
[ITP]: 7.216449660063518e-16
[ITP]: 4.440892098500626e-16
[ITP]: 4.440892098500626e-16
[ITP]: 3.3306690738754696e-16
[ITP]: 1.1102230246251565e-15
[ITP]: 1.1102230246251565e-16
[ITP]: 7.216449660063518e-16
[ITP]: 1.1102230246251565e-16
[ITP]: 8.326672684688674e-16
[ITP]: 7.216449660063518e-16
[ITP]: 2.7755575615628914e-16
[ITP]: 4.996003610813204e-16
[ITP]: 4.440892098500626e-16
[ITP]: 4.440892098500626e-16
[ITP]: 1.6653345369377348e-16
[ITP]: 4.996003610813204e-16
[ITP]: 1.1657341758564144e-15
[ITP]: 1.1102230246251565e-16
[ITP]: 0.0
[TDSE] Runing TDSE-SH-linear (length gauge, dipole form). step 0 energy = -0.4964336949924361, norm_value = 1.0 + 0.0im, bound_norm=1.0, free_norm=0.0 + 0.0im
     | block_size = 3 
[TDSE] Runing TDSE-SH-linear (length gauge, dipole form). step 200 energy = -0.49643369076577654, norm_value = 1.0 + 0.0im, bound_norm=1.0, free_norm=0.0 + 0.0im
     | block_size = 3 
[TDSE] Runing TDSE-SH-linear (length gauge, dipole form). step 400 energy = -0.4964336427536628, norm_value = 1.0 + 0.0im, bound_norm=1.0, free_norm=0.0 + 0.0im
     | block_size = 4 
[TDSE] Runing TDSE-SH-linear (length gauge, dipole form). step 600 energy = -0.49643352997273826, norm_value = 1.0 + 0.0im, bound_norm=1.0, free_norm=0.0 + 0.0im
     | block_size = 4 
[TDSE] Runing TDSE-SH-linear (length gauge, dipole form). step 800 energy = -0.49643348808740195, norm_value = 1.0 + 0.0im, bound_norm=1.0, free_norm=0.0 + 0.0im
     | block_size = 4 
[TDSE] Runing TDSE-SH-linear (length gauge, dipole form). step 1000 energy = -0.4964336146696147, norm_value = 1.0 + 0.0im, bound_norm=1.0, free_norm=0.0 + 0.0im
     | block_size = 4 
[TDSE] Runing TDSE-SH-linear (length gauge, dipole form). step 1200 energy = -0.4964335643407377, norm_value = 1.0 + 0.0im, bound_norm=1.0, free_norm=0.0 + 0.0im
     | block_size = 4 
[TDSE] Runing TDSE-SH-linear (length gauge, dipole form). step 1400 energy = -0.49643187385789656, norm_value = 1.0 + 0.0im, bound_norm=0.999999, free_norm=1.0e-6 + 0.0im
     | block_size = 4 
[TDSE] Runing TDSE-SH-linear (length gauge, dipole form). step 1600 energy = -0.49642607174452297, norm_value = 1.0 + 0.0im, bound_norm=0.999998, free_norm=2.0e-6 + 0.0im
     | block_size = 5 
[TDSE] Runing TDSE-SH-linear (length gauge, dipole form). step 1800 energy = -0.4964134472691782, norm_value = 1.0 + 0.0im, bound_norm=0.999994, free_norm=6.0e-6 + 0.0im
     | block_size = 7 
[TDSE] Runing TDSE-SH-linear (length gauge, dipole form). step 2000 energy = -0.49639382774983337, norm_value = 1.0 + 0.0im, bound_norm=0.999988, free_norm=1.2e-5 + 0.0im
     | block_size = 10 
[TDSE] Runing TDSE-SH-linear (length gauge, dipole form). step 2200 energy = -0.4963703526838472, norm_value = 1.0 + 0.0im, bound_norm=0.99998, free_norm=2.0e-5 + 0.0im
     | block_size = 13 
[TDSE] Runing TDSE-SH-linear (length gauge, dipole form). step 2400 energy = -0.4963512805399684, norm_value = 1.0 + 0.0im, bound_norm=0.999975, free_norm=2.5e-5 + 0.0im
     | block_size = 18 
[TDSE] Runing TDSE-SH-linear (length gauge, dipole form). step 2600 energy = -0.4963466410270579, norm_value = 1.0 + 0.0im, bound_norm=0.999973, free_norm=2.7e-5 + 0.0im
     | block_size = 23 
[TDSE] Runing TDSE-SH-linear (length gauge, dipole form). step 2800 energy = -0.49636233494363896, norm_value = 1.0 + 0.0im, bound_norm=0.999978, free_norm=2.2e-5 + 0.0im
     | block_size = 28 
[TDSE] Runing TDSE-SH-linear (length gauge, dipole form). step 3000 energy = -0.4963949594070672, norm_value = 1.0 + 0.0im, bound_norm=0.999988, free_norm=1.2e-5 + 0.0im
     | block_size = 32 
[TDSE] Runing TDSE-SH-linear (length gauge, dipole form). step 3200 energy = -0.4964261728623986, norm_value = 1.0 + 0.0im, bound_norm=0.999998, free_norm=2.0e-6 + 0.0im
     | block_size = 35 
[TDSE] Runing TDSE-SH-linear (length gauge, dipole form). step 3400 energy = -0.49642634416190085, norm_value = 1.0 + 0.0im, bound_norm=0.999998, free_norm=2.0e-6 + 0.0im
     | block_size = 35 
[TDSE] Runing TDSE-SH-linear (length gauge, dipole form). step 3600 energy = -0.4963632255878073, norm_value = 1.0 + 0.0im, bound_norm=0.999978, free_norm=2.2e-5 + 0.0im
     | block_size = 31 
[TDSE] Runing TDSE-SH-linear (length gauge, dipole form). step 3800 energy = -0.496217149105632, norm_value = 1.0 + 0.0im, bound_norm=0.999934, free_norm=6.6e-5 + 0.0im
     | block_size = 22 
[TDSE] Runing TDSE-SH-linear (length gauge, dipole form). step 4000 energy = -0.49599457122527524, norm_value = 1.0 + 0.0im, bound_norm=0.999867, free_norm=0.000133 + 0.0im
     | block_size = 13 
[TDSE] Runing TDSE-SH-linear (length gauge, dipole form). step 4200 energy = -0.4957393478930492, norm_value = 1.0 + 0.0im, bound_norm=0.999792, free_norm=0.000208 + 0.0im
     | block_size = 21 
[TDSE] Runing TDSE-SH-linear (length gauge, dipole form). step 4400 energy = -0.49552664303363175, norm_value = 1.0 + 0.0im, bound_norm=0.999732, free_norm=0.000268 + 0.0im
     | block_size = 31 
[TDSE] Runing TDSE-SH-linear (length gauge, dipole form). step 4600 energy = -0.4954408996548807, norm_value = 1.0 + 0.0im, bound_norm=0.999708, free_norm=0.000292 + 0.0im
     | block_size = 41 
[TDSE] Runing TDSE-SH-linear (length gauge, dipole form). step 4800 energy = -0.4955373461704944, norm_value = 1.0 + 0.0im, bound_norm=0.999736, free_norm=0.000264 + 0.0im
     | block_size = 51 
[TDSE] Runing TDSE-SH-linear (length gauge, dipole form). step 5000 energy = -0.49579949677753854, norm_value = 1.0 + 0.0im, bound_norm=0.999811, free_norm=0.000189 + 0.0im
     | block_size = 61 
[TDSE] Runing TDSE-SH-linear (length gauge, dipole form). step 5200 energy = -0.49613010105539107, norm_value = 1.0 + 0.0im, bound_norm=0.999908, free_norm=9.2e-5 + 0.0im
     | block_size = 71 
[TDSE] Runing TDSE-SH-linear (length gauge, dipole form). step 5400 energy = -0.49637975481866514, norm_value = 1.0 + 0.0im, bound_norm=0.999985, free_norm=1.5e-5 + 0.0im
     | block_size = 78 
[TDSE] Runing TDSE-SH-linear (length gauge, dipole form). step 5600 energy = -0.4963919557464378, norm_value = 1.0 + 0.0im, bound_norm=0.999988, free_norm=1.2e-5 + 0.0im
     | block_size = 79 
[TDSE] Runing TDSE-SH-linear (length gauge, dipole form). step 5800 energy = -0.4960520715843516, norm_value = 1.0 + 0.0im, bound_norm=0.999884, free_norm=0.000116 + 0.0im
     | block_size = 72 
[TDSE] Runing TDSE-SH-linear (length gauge, dipole form). step 6000 energy = -0.49532615881510167, norm_value = 1.0 + 0.0im, bound_norm=0.999674, free_norm=0.000326 + 0.0im
     | block_size = 70 
[TDSE] Runing TDSE-SH-linear (length gauge, dipole form). step 6200 energy = -0.49429662164228166, norm_value = 1.0 + 0.0im, bound_norm=0.999403, free_norm=0.000597 + 0.0im
     | block_size = 79 
[TDSE] Runing TDSE-SH-linear (length gauge, dipole form). step 6400 energy = -0.4931848798649531, norm_value = 1.0 + 0.0im, bound_norm=0.999152, free_norm=0.000848 + 0.0im
     | block_size = 89 
[TDSE] Runing TDSE-SH-linear (length gauge, dipole form). step 6600 energy = -0.4923460478473588, norm_value = 1.0 + 0.0im, bound_norm=0.998995, free_norm=0.001005 + 0.0im
     | block_size = 99 
[TDSE] Runing TDSE-SH-linear (length gauge, dipole form). step 6800 energy = -0.49217067824657723, norm_value = 1.0 + 0.0im, bound_norm=0.998959, free_norm=0.001041 + 0.0im
     | block_size = 109 
[TDSE] Runing TDSE-SH-linear (length gauge, dipole form). step 7000 energy = -0.4928474385483314, norm_value = 1.0 + 0.0im, bound_norm=0.999034, free_norm=0.000966 + 0.0im
     | block_size = 119 
[TDSE] Runing TDSE-SH-linear (length gauge, dipole form). step 7200 energy = -0.49410393946621867, norm_value = 1.0 + 0.0im, bound_norm=0.999249, free_norm=0.000751 + 0.0im
     | block_size = 129 
[TDSE] Runing TDSE-SH-linear (length gauge, dipole form). step 7400 energy = -0.4953390419193009, norm_value = 1.0 + 0.0im, bound_norm=0.999607, free_norm=0.000393 + 0.0im
     | block_size = 139 
[TDSE] Runing TDSE-SH-linear (length gauge, dipole form). step 7600 energy = -0.4961322297691741, norm_value = 1.0 + 0.0im, bound_norm=0.999845, free_norm=0.000155 + 0.0im
     | block_size = 149 
[TDSE] Runing TDSE-SH-linear (length gauge, dipole form). step 7800 energy = -0.4961955112138703, norm_value = 1.0 + 0.0im, bound_norm=0.999863, free_norm=0.000137 + 0.0im
     | block_size = 150 
[TDSE] Runing TDSE-SH-linear (length gauge, dipole form). step 8000 energy = -0.49530800764228744, norm_value = 1.0 + 0.0im, bound_norm=0.999599, free_norm=0.000401 + 0.0im
     | block_size = 152 
[TDSE] Runing TDSE-SH-linear (length gauge, dipole form). step 8200 energy = -0.4934175545555257, norm_value = 1.0 + 0.0im, bound_norm=0.999116, free_norm=0.000884 + 0.0im
     | block_size = 162 
[TDSE] Runing TDSE-SH-linear (length gauge, dipole form). step 8400 energy = -0.49052842208828207, norm_value = 1.0 + 0.0im, bound_norm=0.998515, free_norm=0.001485 + 0.0im
     | block_size = 172 
[TDSE] Runing TDSE-SH-linear (length gauge, dipole form). step 8600 energy = -0.4868936475707299, norm_value = 1.0 + 0.0im, bound_norm=0.997825, free_norm=0.002175 + 0.0im
     | block_size = 182 
[TDSE] Runing TDSE-SH-linear (length gauge, dipole form). step 8800 energy = -0.4828666478807033, norm_value = 1.0 + 0.0im, bound_norm=0.996167, free_norm=0.003833 + 0.0im
     | block_size = 192 
[TDSE] Runing TDSE-SH-linear (length gauge, dipole form). step 9000 energy = -0.47887548689114895, norm_value = 1.0 + 0.0im, bound_norm=0.992953, free_norm=0.007047 + 0.0im
     | block_size = 200 
[TDSE] Runing TDSE-SH-linear (length gauge, dipole form). step 9200 energy = -0.4754727831725936, norm_value = 1.0 + 0.0im, bound_norm=0.989585, free_norm=0.010415 + 0.0im
     | block_size = 200 
[TDSE] Runing TDSE-SH-linear (length gauge, dipole form). step 9400 energy = -0.4727873977204311, norm_value = 1.0 + 0.0im, bound_norm=0.987491, free_norm=0.012509 + 0.0im
     | block_size = 200 
[TDSE] Runing TDSE-SH-linear (length gauge, dipole form). step 9600 energy = -0.4699104549583828, norm_value = 1.0 + 0.0im, bound_norm=0.986884, free_norm=0.013116 + 0.0im
     | block_size = 200 
[TDSE] Runing TDSE-SH-linear (length gauge, dipole form). step 9800 energy = -0.4671874022721109, norm_value = 1.0 + 0.0im, bound_norm=0.987446, free_norm=0.012554 + 0.0im
     | block_size = 200 
[TDSE] Runing TDSE-SH-linear (length gauge, dipole form). step 10000 energy = -0.46687432387290884, norm_value = 1.0 + 0.0im, bound_norm=0.987434, free_norm=0.012566 + 0.0im
     | block_size = 200 
[TDSE] Runing TDSE-SH-linear (length gauge, dipole form). step 10200 energy = -0.46921925830906974, norm_value = 1.0 + 0.0im, bound_norm=0.986979, free_norm=0.013021 + 0.0im
     | block_size = 200 
[TDSE] Runing TDSE-SH-linear (length gauge, dipole form). step 10400 energy = -0.47211397861436083, norm_value = 1.0 + 0.0im, bound_norm=0.986185, free_norm=0.013815 + 0.0im
     | block_size = 200 
[TDSE] Runing TDSE-SH-linear (length gauge, dipole form). step 10600 energy = -0.4726857925006108, norm_value = 1.0 + 0.0im, bound_norm=0.984885, free_norm=0.015115 + 0.0im
     | block_size = 200 
[TDSE] Runing TDSE-SH-linear (length gauge, dipole form). step 10800 energy = -0.4663260913963101, norm_value = 1.0 + 0.0im, bound_norm=0.980339, free_norm=0.019661 + 0.0im
     | block_size = 200 
[TDSE] Runing TDSE-SH-linear (length gauge, dipole form). step 11000 energy = -0.4465022433973206, norm_value = 1.0 + 0.0im, bound_norm=0.966733, free_norm=0.033267 + 0.0im
     | block_size = 200 
[TDSE] Runing TDSE-SH-linear (length gauge, dipole form). step 11200 energy = -0.40632456609161, norm_value = 1.0 + 0.0im, bound_norm=0.945723, free_norm=0.054277 + 0.0im
     | block_size = 200 
[TDSE] Runing TDSE-SH-linear (length gauge, dipole form). step 11400 energy = -0.34421449938412185, norm_value = 1.0 + 0.0im, bound_norm=0.927188, free_norm=0.072812 + 0.0im
     | block_size = 200 
[TDSE] Runing TDSE-SH-linear (length gauge, dipole form). step 11600 energy = -0.269670358846106, norm_value = 1.0 + 0.0im, bound_norm=0.917083, free_norm=0.082917 + 0.0im
     | block_size = 200 
[TDSE] Runing TDSE-SH-linear (length gauge, dipole form). step 11800 energy = -0.19978021663326972, norm_value = 1.0 + 0.0im, bound_norm=0.91304, free_norm=0.08696 + 0.0im
     | block_size = 200 
[TDSE] Runing TDSE-SH-linear (length gauge, dipole form). step 12000 energy = -0.15319607607046426, norm_value = 1.0 + 0.0im, bound_norm=0.912889, free_norm=0.087111 + 0.0im
     | block_size = 200 
[TDSE] Runing TDSE-SH-linear (length gauge, dipole form). step 12200 energy = -0.1474358147357759, norm_value = 1.0 + 0.0im, bound_norm=0.913017, free_norm=0.086983 + 0.0im
     | block_size = 200 
[TDSE] Runing TDSE-SH-linear (length gauge, dipole form). step 12400 energy = -0.18556378848055502, norm_value = 1.0 + 0.0im, bound_norm=0.912558, free_norm=0.087442 + 0.0im
     | block_size = 200 
[TDSE] Runing TDSE-SH-linear (length gauge, dipole form). step 12600 energy = -0.2527216497759364, norm_value = 1.0 + 0.0im, bound_norm=0.911023, free_norm=0.088977 + 0.0im
     | block_size = 200 
[TDSE] Runing TDSE-SH-linear (length gauge, dipole form). step 12800 energy = -0.3238887260854148, norm_value = 1.0 + 0.0im, bound_norm=0.909237, free_norm=0.090763 + 0.0im
     | block_size = 200 
[TDSE] Runing TDSE-SH-linear (length gauge, dipole form). step 13000 energy = -0.3662343088076325, norm_value = 1.0 + 0.0im, bound_norm=0.900362, free_norm=0.099638 + 0.0im
     | block_size = 200 
[TDSE] Runing TDSE-SH-linear (length gauge, dipole form). step 13200 energy = -0.34939731352461917, norm_value = 1.0 + 0.0im, bound_norm=0.877325, free_norm=0.122675 + 0.0im
     | block_size = 200 
[TDSE] Runing TDSE-SH-linear (length gauge, dipole form). step 13400 energy = -0.25265819814708385, norm_value = 1.0 + 0.0im, bound_norm=0.846231, free_norm=0.153769 + 0.0im
     | block_size = 200 
[TDSE] Runing TDSE-SH-linear (length gauge, dipole form). step 13600 energy = -0.08035603872564401, norm_value = 1.0 + 0.0im, bound_norm=0.820858, free_norm=0.179142 + 0.0im
     | block_size = 200 
[TDSE] Runing TDSE-SH-linear (length gauge, dipole form). step 13800 energy = 0.13134133569467885, norm_value = 1.0 + 0.0im, bound_norm=0.807897, free_norm=0.192103 + 0.0im
     | block_size = 200 
[TDSE] Runing TDSE-SH-linear (length gauge, dipole form). step 14000 energy = 0.3260759586875261, norm_value = 1.0 + 0.0im, bound_norm=0.802937, free_norm=0.197063 + 0.0im
     | block_size = 200 
[TDSE] Runing TDSE-SH-linear (length gauge, dipole form). step 14200 energy = 0.4504972317860016, norm_value = 1.0 + 0.0im, bound_norm=0.802416, free_norm=0.197584 + 0.0im
     | block_size = 200 
[TDSE] Runing TDSE-SH-linear (length gauge, dipole form). step 14400 energy = 0.46776140448068554, norm_value = 1.0 + 0.0im, bound_norm=0.802571, free_norm=0.197429 + 0.0im
     | block_size = 200 
[TDSE] Runing TDSE-SH-linear (length gauge, dipole form). step 14600 energy = 0.3736369996558564, norm_value = 1.0 + 0.0im, bound_norm=0.802289, free_norm=0.197711 + 0.0im
     | block_size = 200 
[TDSE] Runing TDSE-SH-linear (length gauge, dipole form). step 14800 energy = 0.20044551008327388, norm_value = 1.0 + 0.0im, bound_norm=0.800491, free_norm=0.199509 + 0.0im
     | block_size = 200 
[TDSE] Runing TDSE-SH-linear (length gauge, dipole form). step 15000 energy = 0.004466648300290111, norm_value = 1.0 + 0.0im, bound_norm=0.799756, free_norm=0.200244 + 0.0im
     | block_size = 200 
[TDSE] Runing TDSE-SH-linear (length gauge, dipole form). step 15200 energy = -0.14887357454741953, norm_value = 1.0 + 0.0im, bound_norm=0.794484, free_norm=0.205516 + 0.0im
     | block_size = 200 
[TDSE] Runing TDSE-SH-linear (length gauge, dipole form). step 15400 energy = -0.20847630404611378, norm_value = 1.0 + 0.0im, bound_norm=0.781928, free_norm=0.218072 + 0.0im
     | block_size = 200 
[TDSE] Runing TDSE-SH-linear (length gauge, dipole form). step 15600 energy = -0.1528315887172065, norm_value = 1.0 + 0.0im, bound_norm=0.763313, free_norm=0.236687 + 0.0im
     | block_size = 200 
[TDSE] Runing TDSE-SH-linear (length gauge, dipole form). step 15800 energy = 0.003886077095666311, norm_value = 1.0 + 0.0im, bound_norm=0.750802, free_norm=0.249198 + 0.0im
     | block_size = 200 
[TDSE] Runing TDSE-SH-linear (length gauge, dipole form). step 16000 energy = 0.21251464187664393, norm_value = 1.0 + 0.0im, bound_norm=0.744095, free_norm=0.255905 + 0.0im
     | block_size = 200 
[TDSE] Runing TDSE-SH-linear (length gauge, dipole form). step 16200 energy = 0.40857058525814227, norm_value = 1.0 + 0.0im, bound_norm=0.741579, free_norm=0.258421 + 0.0im
     | block_size = 200 
[TDSE] Runing TDSE-SH-linear (length gauge, dipole form). step 16400 energy = 0.5344348533256175, norm_value = 1.0 + 0.0im, bound_norm=0.741761, free_norm=0.258239 + 0.0im
     | block_size = 200 
[TDSE] Runing TDSE-SH-linear (length gauge, dipole form). step 16600 energy = 0.5539575923865382, norm_value = 1.0 + 0.0im, bound_norm=0.741793, free_norm=0.258207 + 0.0im
     | block_size = 200 
[TDSE] Runing TDSE-SH-linear (length gauge, dipole form). step 16800 energy = 0.46537429222401433, norm_value = 1.0 + 0.0im, bound_norm=0.741583, free_norm=0.258417 + 0.0im
     | block_size = 200 
[TDSE] Runing TDSE-SH-linear (length gauge, dipole form). step 17000 energy = 0.30027380042702845, norm_value = 1.0 + 0.0im, bound_norm=0.740702, free_norm=0.259298 + 0.0im
     | block_size = 200 
[TDSE] Runing TDSE-SH-linear (length gauge, dipole form). step 17200 energy = 0.11116833938142866, norm_value = 1.0 + 0.0im, bound_norm=0.740359, free_norm=0.259641 + 0.0im
     | block_size = 200 
[TDSE] Runing TDSE-SH-linear (length gauge, dipole form). step 17400 energy = -0.045229616588416566, norm_value = 1.0 + 0.0im, bound_norm=0.739528, free_norm=0.260472 + 0.0im
     | block_size = 200 
[TDSE] Runing TDSE-SH-linear (length gauge, dipole form). step 17600 energy = -0.12815269501103327, norm_value = 1.0 + 0.0im, bound_norm=0.737572, free_norm=0.262428 + 0.0im
     | block_size = 200 
[TDSE] Runing TDSE-SH-linear (length gauge, dipole form). step 17800 energy = -0.1253626975526433, norm_value = 1.0 + 0.0im, bound_norm=0.736178, free_norm=0.263822 + 0.0im
     | block_size = 200 
[TDSE] Runing TDSE-SH-linear (length gauge, dipole form). step 18000 energy = -0.04911417426170255, norm_value = 1.0 + 0.0im, bound_norm=0.732256, free_norm=0.267744 + 0.0im
     | block_size = 200 
[TDSE] Runing TDSE-SH-linear (length gauge, dipole form). step 18200 energy = 0.0657079102377968, norm_value = 1.0 + 0.0im, bound_norm=0.73118, free_norm=0.26882 + 0.0im
     | block_size = 200 
[TDSE] Runing TDSE-SH-linear (length gauge, dipole form). step 18400 energy = 0.1765881823864669, norm_value = 1.0 + 0.0im, bound_norm=0.731235, free_norm=0.268765 + 0.0im
     | block_size = 200 
[TDSE] Runing TDSE-SH-linear (length gauge, dipole form). step 18600 energy = 0.24733900762445118, norm_value = 1.0 + 0.0im, bound_norm=0.731524, free_norm=0.268476 + 0.0im
     | block_size = 200 
[TDSE] Runing TDSE-SH-linear (length gauge, dipole form). step 18800 energy = 0.25936979285825024, norm_value = 1.0 + 0.0im, bound_norm=0.731538, free_norm=0.268462 + 0.0im
     | block_size = 200 
[TDSE] Runing TDSE-SH-linear (length gauge, dipole form). step 19000 energy = 0.21335498233869396, norm_value = 1.0 + 0.0im, bound_norm=0.731398, free_norm=0.268602 + 0.0im
     | block_size = 200 
[TDSE] Runing TDSE-SH-linear (length gauge, dipole form). step 19200 energy = 0.12611591564955021, norm_value = 1.0 + 0.0im, bound_norm=0.731211, free_norm=0.268789 + 0.0im
     | block_size = 200 
[TDSE] Runing TDSE-SH-linear (length gauge, dipole form). step 19400 energy = 0.024960950448932612, norm_value = 1.0 + 0.0im, bound_norm=0.73095, free_norm=0.26905 + 0.0im
     | block_size = 200 
[TDSE] Runing TDSE-SH-linear (length gauge, dipole form). step 19600 energy = -0.061178015347149096, norm_value = 1.0 + 0.0im, bound_norm=0.730892, free_norm=0.269108 + 0.0im
     | block_size = 200 
[TDSE] Runing TDSE-SH-linear (length gauge, dipole form). step 19800 energy = -0.11342829011587584, norm_value = 1.0 + 0.0im, bound_norm=0.731605, free_norm=0.268395 + 0.0im
     | block_size = 200 
[TDSE] Runing TDSE-SH-linear (length gauge, dipole form). step 20000 energy = -0.12655858981081144, norm_value = 1.0 + 0.0im, bound_norm=0.732214, free_norm=0.267786 + 0.0im
     | block_size = 200 
[TDSE] Runing TDSE-SH-linear (length gauge, dipole form). step 20200 energy = -0.10633816678306271, norm_value = 1.0 + 0.0im, bound_norm=0.731421, free_norm=0.268579 + 0.0im
     | block_size = 200 
[TDSE] Runing TDSE-SH-linear (length gauge, dipole form). step 20400 energy = -0.0686051429248201, norm_value = 1.0 + 0.0im, bound_norm=0.731144, free_norm=0.268856 + 0.0im
     | block_size = 200 
[TDSE] Runing TDSE-SH-linear (length gauge, dipole form). step 20600 energy = -0.02975152376379229, norm_value = 1.0 + 0.0im, bound_norm=0.731344, free_norm=0.268656 + 0.0im
     | block_size = 200 
[TDSE] Runing TDSE-SH-linear (length gauge, dipole form). step 20800 energy = -0.004804990648439126, norm_value = 1.0 + 0.0im, bound_norm=0.731418, free_norm=0.268582 + 0.0im
     | block_size = 200 
[TDSE] Runing TDSE-SH-linear (length gauge, dipole form). step 21000 energy = -4.2064990209609264e-5, norm_value = 1.0 + 0.0im, bound_norm=0.731436, free_norm=0.268564 + 0.0im
     | block_size = 200 
[TDSE] Runing TDSE-SH-linear (length gauge, dipole form). step 21200 energy = -0.015095137681559298, norm_value = 1.0 + 0.0im, bound_norm=0.731424, free_norm=0.268576 + 0.0im
     | block_size = 200 
[TDSE] Runing TDSE-SH-linear (length gauge, dipole form). step 21400 energy = -0.04309170138894535, norm_value = 1.0 + 0.0im, bound_norm=0.731359, free_norm=0.268641 + 0.0im
     | block_size = 200 
[TDSE] Runing TDSE-SH-linear (length gauge, dipole form). step 21600 energy = -0.07519284464974356, norm_value = 1.0 + 0.0im, bound_norm=0.731294, free_norm=0.268706 + 0.0im
     | block_size = 200 
[TDSE] Runing TDSE-SH-linear (length gauge, dipole form). step 21800 energy = -0.10232315402243271, norm_value = 1.0 + 0.0im, bound_norm=0.731662, free_norm=0.268338 + 0.0im
     | block_size = 200 
[TDSE] Runing TDSE-SH-linear (length gauge, dipole form). step 22000 energy = -0.12041713087323767, norm_value = 1.0 + 0.0im, bound_norm=0.731809, free_norm=0.268191 + 0.0im
     | block_size = 200 
[TDSE] Runing TDSE-SH-linear (length gauge, dipole form). step 22200 energy = -0.12795014019588327, norm_value = 1.0 + 0.0im, bound_norm=0.731458, free_norm=0.268542 + 0.0im
     | block_size = 200 
[TDSE] Runing TDSE-SH-linear (length gauge, dipole form). step 22400 energy = -0.1270322158443081, norm_value = 1.0 + 0.0im, bound_norm=0.732421, free_norm=0.267579 + 0.0im
     | block_size = 200 
[TDSE] Runing TDSE-SH-linear (length gauge, dipole form). step 22600 energy = -0.12135617696849739, norm_value = 1.0 + 0.0im, bound_norm=0.732212, free_norm=0.267788 + 0.0im
     | block_size = 200 
[TDSE] Runing TDSE-SH-linear (length gauge, dipole form). step 22800 energy = -0.1153713688863359, norm_value = 1.0 + 0.0im, bound_norm=0.732091, free_norm=0.267909 + 0.0im
     | block_size = 200 
[TDSE] Runing TDSE-SH-linear (length gauge, dipole form). step 23000 energy = -0.11133356293821654, norm_value = 1.0 + 0.0im, bound_norm=0.732101, free_norm=0.267899 + 0.0im
     | block_size = 200 
[TDSE] Runing TDSE-SH-linear (length gauge, dipole form). step 23200 energy = -0.11054218848041623, norm_value = 1.0 + 0.0im, bound_norm=0.73207, free_norm=0.26793 + 0.0im
     | block_size = 200 
[TDSE] Runing TDSE-SH-linear (length gauge, dipole form). step 23400 energy = -0.1126065953445696, norm_value = 1.0 + 0.0im, bound_norm=0.732091, free_norm=0.267909 + 0.0im
     | block_size = 200 
[TDSE] Runing TDSE-SH-linear (length gauge, dipole form). step 23600 energy = -0.11641761631811205, norm_value = 1.0 + 0.0im, bound_norm=0.732098, free_norm=0.267902 + 0.0im
     | block_size = 200 
[TDSE] Runing TDSE-SH-linear (length gauge, dipole form). step 23800 energy = -0.12048982809568688, norm_value = 1.0 + 0.0im, bound_norm=0.732133, free_norm=0.267867 + 0.0im
     | block_size = 200 
[TDSE] Runing TDSE-SH-linear (length gauge, dipole form). step 24000 energy = -0.12396029117925413, norm_value = 1.0 + 0.0im, bound_norm=0.732136, free_norm=0.267864 + 0.0im
     | block_size = 200 
[TDSE] Runing TDSE-SH-linear (length gauge, dipole form). step 24200 energy = -0.12646635977648377, norm_value = 1.0 + 0.0im, bound_norm=0.731802, free_norm=0.268198 + 0.0im
     | block_size = 200 
[TDSE] Runing TDSE-SH-linear (length gauge, dipole form). step 24400 energy = -0.12774830911681576, norm_value = 1.0 + 0.0im, bound_norm=0.731652, free_norm=0.268348 + 0.0im
     | block_size = 200 
[TDSE] Runing TDSE-SH-linear (length gauge, dipole form). step 24600 energy = -0.12840657286204574, norm_value = 1.0 + 0.0im, bound_norm=0.73167, free_norm=0.26833 + 0.0im
     | block_size = 200 
[TDSE] Runing TDSE-SH-linear (length gauge, dipole form). step 24800 energy = -0.1286955279926448, norm_value = 1.0 + 0.0im, bound_norm=0.731711, free_norm=0.268289 + 0.0im
     | block_size = 200 
[TDSE] Runing TDSE-SH-linear (length gauge, dipole form). step 25000 energy = -0.1287078376366328, norm_value = 1.0 + 0.0im, bound_norm=0.731737, free_norm=0.268263 + 0.0im
     | block_size = 200 
[TDSE] Runing TDSE-SH-linear (length gauge, dipole form). step 25200 energy = -0.1287062795494744, norm_value = 1.0 + 0.0im, bound_norm=0.731746, free_norm=0.268254 + 0.0im
     | block_size = 200 
[TDSE] Runing TDSE-SH-linear (length gauge, dipole form). step 25400 energy = -0.12870068933960624, norm_value = 1.0 + 0.0im, bound_norm=0.731746, free_norm=0.268254 + 0.0im
     | block_size = 200 
[TDSE] Runing TDSE-SH-linear (length gauge, dipole form). step 25600 energy = -0.12870641682061, norm_value = 1.0 + 0.0im, bound_norm=0.731744, free_norm=0.268256 + 0.0im
     | block_size = 200 
[TDSE] Runing TDSE-SH-linear (length gauge, dipole form). step 25800 energy = -0.12870478297905544, norm_value = 1.0 + 0.0im, bound_norm=0.731744, free_norm=0.268256 + 0.0im
     | block_size = 200 
[TDSE] Runing TDSE-SH-linear (length gauge, dipole form). step 26000 energy = -0.1287137648262223, norm_value = 1.0 + 0.0im, bound_norm=0.731745, free_norm=0.268255 + 0.0im
     | block_size = 200 
[TDSE] Runing TDSE-SH-linear (length gauge, dipole form). step 26200 energy = -0.12871106268655166, norm_value = 1.0 + 0.0im, bound_norm=0.731745, free_norm=0.268255 + 0.0im
     | block_size = 200 
[TDSE] Runing TDSE-SH-linear (length gauge, dipole form). step 26400 energy = -0.12871136470908198, norm_value = 1.0 + 0.0im, bound_norm=0.731745, free_norm=0.268255 + 0.0im
     | block_size = 200 
Sample 2026_5_15_hg_massive_0.0825_0.0_0.0285_6.0_short_range does not exist. Exceute a new sample.
[ITP]: 10000.496424741636
[ITP]: 3.468948764850932e-6
[ITP]: 2.0119768988635656e-6
[ITP]: 1.2363970314233086e-6
[ITP]: 7.802127368616851e-7
[ITP]: 5.004886823867238e-7
[ITP]: 3.247063635747338e-7
[ITP]: 2.1241854042397534e-7
[ITP]: 1.3984492786001113e-7
[ITP]: 9.25260389417204e-8
[ITP]: 6.146357944825098e-8
[ITP]: 4.0962812142275595e-8
[ITP]: 2.737382170936442e-8
[ITP]: 1.8334269435982264e-8
[ITP]: 1.2303307206362746e-8
[ITP]: 8.269649631742482e-9
[ITP]: 5.566198502116038e-9
[ITP]: 3.7510526906814334e-9
[ITP]: 2.530471499007092e-9
[ITP]: 1.7086173587088638e-9
[ITP]: 1.154605577813328e-9
[ITP]: 7.807770541212733e-10
[ITP]: 5.283077308959605e-10
[ITP]: 3.576713369923823e-10
[ITP]: 2.422650968725293e-10
[ITP]: 1.6416579207145787e-10
[ITP]: 1.1128536980820058e-10
[ITP]: 7.546496760824084e-11
[ITP]: 5.119060730862657e-11
[ITP]: 3.4733049769641866e-11
[ITP]: 2.3571977703085167e-11
[ITP]: 1.6002199565434694e-11
[ITP]: 1.086369882941085e-11
[ITP]: 7.378653243961253e-12
[ITP]: 5.010714065889488e-12
[ITP]: 3.4039993046519612e-12
[ITP]: 2.313038649504051e-12
[ITP]: 1.570410468332284e-12
[ITP]: 1.0681455719918631e-12
[ITP]: 7.265299473147024e-13
[ITP]: 4.919398222114069e-13
[ITP]: 3.346212196220222e-13
[ITP]: 2.2842838731662596e-13
[ITP]: 1.5498713423767185e-13
[ITP]: 1.0536016503692736e-13
[ITP]: 7.188694084447889e-14
[ITP]: 4.801714581503802e-14
[ITP]: 3.347322419244847e-14
[ITP]: 2.3148150063434514e-14
[ITP]: 1.4432899320127035e-14
[ITP]: 1.1102230246251565e-14
[ITP]: 7.16093850883226e-15
[ITP]: 4.440892098500626e-15
[ITP]: 2.6645352591003757e-15
[ITP]: 2.831068712794149e-15
[ITP]: 1.4988010832439613e-15
[ITP]: 6.661338147750939e-16
[ITP]: 7.771561172376096e-16
[ITP]: 5.551115123125783e-16
[ITP]: 2.220446049250313e-16
[ITP]: 4.440892098500626e-16
[ITP]: 6.106226635438361e-16
[ITP]: 7.216449660063518e-16
[ITP]: 4.440892098500626e-16
[ITP]: 4.440892098500626e-16
[ITP]: 3.3306690738754696e-16
[ITP]: 1.1102230246251565e-15
[ITP]: 1.1102230246251565e-16
[ITP]: 7.216449660063518e-16
[ITP]: 1.1102230246251565e-16
[ITP]: 8.326672684688674e-16
[ITP]: 7.216449660063518e-16
[ITP]: 2.7755575615628914e-16
[ITP]: 4.996003610813204e-16
[ITP]: 4.440892098500626e-16
[ITP]: 4.440892098500626e-16
[ITP]: 1.6653345369377348e-16
[ITP]: 4.996003610813204e-16
[ITP]: 1.1657341758564144e-15
[ITP]: 1.1102230246251565e-16
[ITP]: 0.0
[TDSE] Runing TDSE-SH-linear (length gauge, dipole form). step 0 energy = -0.4964336949924361, norm_value = 1.0 + 0.0im, bound_norm=1.0, free_norm=0.0 + 0.0im
     | block_size = 3 
[TDSE] Runing TDSE-SH-linear (length gauge, dipole form). step 200 energy = -0.49643369049748415, norm_value = 1.0 + 0.0im, bound_norm=1.0, free_norm=0.0 + 0.0im
     | block_size = 3 
[TDSE] Runing TDSE-SH-linear (length gauge, dipole form). step 400 energy = -0.4964336394377247, norm_value = 1.0 + 0.0im, bound_norm=1.0, free_norm=0.0 + 0.0im
     | block_size = 4 
[TDSE] Runing TDSE-SH-linear (length gauge, dipole form). step 600 energy = -0.4964335194978047, norm_value = 1.0 + 0.0im, bound_norm=1.0, free_norm=0.0 + 0.0im
     | block_size = 4 
[TDSE] Runing TDSE-SH-linear (length gauge, dipole form). step 800 energy = -0.49643347495360723, norm_value = 1.0 + 0.0im, bound_norm=1.0, free_norm=0.0 + 0.0im
     | block_size = 4 
[TDSE] Runing TDSE-SH-linear (length gauge, dipole form). step 1000 energy = -0.4964336095710932, norm_value = 1.0 + 0.0im, bound_norm=1.0, free_norm=0.0 + 0.0im
     | block_size = 4 
[TDSE] Runing TDSE-SH-linear (length gauge, dipole form). step 1200 energy = -0.49643355604750383, norm_value = 1.0 + 0.0im, bound_norm=1.0, free_norm=0.0 + 0.0im
     | block_size = 4 
[TDSE] Runing TDSE-SH-linear (length gauge, dipole form). step 1400 energy = -0.49643175825537306, norm_value = 1.0 + 0.0im, bound_norm=0.999999, free_norm=1.0e-6 + 0.0im
     | block_size = 4 
[TDSE] Runing TDSE-SH-linear (length gauge, dipole form). step 1600 energy = -0.49642558774810047, norm_value = 1.0 + 0.0im, bound_norm=0.999997, free_norm=3.0e-6 + 0.0im
     | block_size = 5 
[TDSE] Runing TDSE-SH-linear (length gauge, dipole form). step 1800 energy = -0.49641216125196896, norm_value = 1.0 + 0.0im, bound_norm=0.999993, free_norm=7.0e-6 + 0.0im
     | block_size = 7 
[TDSE] Runing TDSE-SH-linear (length gauge, dipole form). step 2000 energy = -0.49639129374278645, norm_value = 1.0 + 0.0im, bound_norm=0.999987, free_norm=1.3e-5 + 0.0im
     | block_size = 10 
[TDSE] Runing TDSE-SH-linear (length gauge, dipole form). step 2200 energy = -0.4963663232167924, norm_value = 1.0 + 0.0im, bound_norm=0.999979, free_norm=2.1e-5 + 0.0im
     | block_size = 13 
[TDSE] Runing TDSE-SH-linear (length gauge, dipole form). step 2400 energy = -0.4963460342768981, norm_value = 1.0 + 0.0im, bound_norm=0.999973, free_norm=2.7e-5 + 0.0im
     | block_size = 18 
[TDSE] Runing TDSE-SH-linear (length gauge, dipole form). step 2600 energy = -0.49634109648877744, norm_value = 1.0 + 0.0im, bound_norm=0.999972, free_norm=2.8e-5 + 0.0im
     | block_size = 23 
[TDSE] Runing TDSE-SH-linear (length gauge, dipole form). step 2800 energy = -0.49635779623550474, norm_value = 1.0 + 0.0im, bound_norm=0.999977, free_norm=2.3e-5 + 0.0im
     | block_size = 28 
[TDSE] Runing TDSE-SH-linear (length gauge, dipole form). step 3000 energy = -0.49639249556108717, norm_value = 1.0 + 0.0im, bound_norm=0.999987, free_norm=1.3e-5 + 0.0im
     | block_size = 33 
[TDSE] Runing TDSE-SH-linear (length gauge, dipole form). step 3200 energy = -0.4964256959823603, norm_value = 1.0 + 0.0im, bound_norm=0.999998, free_norm=2.0e-6 + 0.0im
     | block_size = 36 
[TDSE] Runing TDSE-SH-linear (length gauge, dipole form). step 3400 energy = -0.4964258766307356, norm_value = 1.0 + 0.0im, bound_norm=0.999998, free_norm=2.0e-6 + 0.0im
     | block_size = 36 
[TDSE] Runing TDSE-SH-linear (length gauge, dipole form). step 3600 energy = -0.4963587493148623, norm_value = 1.0 + 0.0im, bound_norm=0.999977, free_norm=2.3e-5 + 0.0im
     | block_size = 32 
[TDSE] Runing TDSE-SH-linear (length gauge, dipole form). step 3800 energy = -0.4962033091734214, norm_value = 1.0 + 0.0im, bound_norm=0.99993, free_norm=7.0e-5 + 0.0im
     | block_size = 23 
[TDSE] Runing TDSE-SH-linear (length gauge, dipole form). step 4000 energy = -0.4959662864901821, norm_value = 1.0 + 0.0im, bound_norm=0.999859, free_norm=0.000141 + 0.0im
     | block_size = 14 
[TDSE] Runing TDSE-SH-linear (length gauge, dipole form). step 4200 energy = -0.4956941896942406, norm_value = 1.0 + 0.0im, bound_norm=0.999779, free_norm=0.000221 + 0.0im
     | block_size = 21 
[TDSE] Runing TDSE-SH-linear (length gauge, dipole form). step 4400 energy = -0.49546710933932886, norm_value = 1.0 + 0.0im, bound_norm=0.999715, free_norm=0.000285 + 0.0im
     | block_size = 31 
[TDSE] Runing TDSE-SH-linear (length gauge, dipole form). step 4600 energy = -0.49537548274286747, norm_value = 1.0 + 0.0im, bound_norm=0.99969, free_norm=0.00031 + 0.0im
     | block_size = 41 
[TDSE] Runing TDSE-SH-linear (length gauge, dipole form). step 4800 energy = -0.49547849337834393, norm_value = 1.0 + 0.0im, bound_norm=0.999719, free_norm=0.000281 + 0.0im
     | block_size = 51 
[TDSE] Runing TDSE-SH-linear (length gauge, dipole form). step 5000 energy = -0.49575832758336247, norm_value = 1.0 + 0.0im, bound_norm=0.999799, free_norm=0.000201 + 0.0im
     | block_size = 61 
[TDSE] Runing TDSE-SH-linear (length gauge, dipole form). step 5200 energy = -0.49611064892052104, norm_value = 1.0 + 0.0im, bound_norm=0.999903, free_norm=9.7e-5 + 0.0im
     | block_size = 71 
[TDSE] Runing TDSE-SH-linear (length gauge, dipole form). step 5400 energy = -0.4963763319610652, norm_value = 1.0 + 0.0im, bound_norm=0.999984, free_norm=1.6e-5 + 0.0im
     | block_size = 78 
[TDSE] Runing TDSE-SH-linear (length gauge, dipole form). step 5600 energy = -0.49638931611098636, norm_value = 1.0 + 0.0im, bound_norm=0.999988, free_norm=1.2e-5 + 0.0im
     | block_size = 79 
[TDSE] Runing TDSE-SH-linear (length gauge, dipole form). step 5800 energy = -0.49602760724348083, norm_value = 1.0 + 0.0im, bound_norm=0.999877, free_norm=0.000123 + 0.0im
     | block_size = 72 
[TDSE] Runing TDSE-SH-linear (length gauge, dipole form). step 6000 energy = -0.49525339898986404, norm_value = 1.0 + 0.0im, bound_norm=0.999654, free_norm=0.000346 + 0.0im
     | block_size = 71 
[TDSE] Runing TDSE-SH-linear (length gauge, dipole form). step 6200 energy = -0.49415041711543156, norm_value = 1.0 + 0.0im, bound_norm=0.999367, free_norm=0.000633 + 0.0im
     | block_size = 80 
[TDSE] Runing TDSE-SH-linear (length gauge, dipole form). step 6400 energy = -0.49295011609760964, norm_value = 1.0 + 0.0im, bound_norm=0.999102, free_norm=0.000898 + 0.0im
     | block_size = 90 
[TDSE] Runing TDSE-SH-linear (length gauge, dipole form). step 6600 energy = -0.49203122014109474, norm_value = 1.0 + 0.0im, bound_norm=0.998938, free_norm=0.001062 + 0.0im
     | block_size = 100 
[TDSE] Runing TDSE-SH-linear (length gauge, dipole form). step 6800 energy = -0.4918211116265573, norm_value = 1.0 + 0.0im, bound_norm=0.998894, free_norm=0.001106 + 0.0im
     | block_size = 110 
[TDSE] Runing TDSE-SH-linear (length gauge, dipole form). step 7000 energy = -0.4925389037622826, norm_value = 1.0 + 0.0im, bound_norm=0.998952, free_norm=0.001048 + 0.0im
     | block_size = 120 
[TDSE] Runing TDSE-SH-linear (length gauge, dipole form). step 7200 energy = -0.4938929198253379, norm_value = 1.0 + 0.0im, bound_norm=0.999153, free_norm=0.000847 + 0.0im
     | block_size = 130 
[TDSE] Runing TDSE-SH-linear (length gauge, dipole form). step 7400 energy = -0.49521003372737493, norm_value = 1.0 + 0.0im, bound_norm=0.999528, free_norm=0.000472 + 0.0im
     | block_size = 140 
[TDSE] Runing TDSE-SH-linear (length gauge, dipole form). step 7600 energy = -0.49604217478159357, norm_value = 1.0 + 0.0im, bound_norm=0.999785, free_norm=0.000215 + 0.0im
     | block_size = 150 
[TDSE] Runing TDSE-SH-linear (length gauge, dipole form). step 7800 energy = -0.4961087710881055, norm_value = 1.0 + 0.0im, bound_norm=0.999802, free_norm=0.000198 + 0.0im
     | block_size = 151 
[TDSE] Runing TDSE-SH-linear (length gauge, dipole form). step 8000 energy = -0.4951747867736607, norm_value = 1.0 + 0.0im, bound_norm=0.999522, free_norm=0.000478 + 0.0im
     | block_size = 154 
[TDSE] Runing TDSE-SH-linear (length gauge, dipole form). step 8200 energy = -0.49316453018159767, norm_value = 1.0 + 0.0im, bound_norm=0.999015, free_norm=0.000985 + 0.0im
     | block_size = 164 
[TDSE] Runing TDSE-SH-linear (length gauge, dipole form). step 8400 energy = -0.4900320508861424, norm_value = 1.0 + 0.0im, bound_norm=0.998367, free_norm=0.001633 + 0.0im
     | block_size = 174 
[TDSE] Runing TDSE-SH-linear (length gauge, dipole form). step 8600 energy = -0.4859580776885404, norm_value = 1.0 + 0.0im, bound_norm=0.997529, free_norm=0.002471 + 0.0im
     | block_size = 184 
[TDSE] Runing TDSE-SH-linear (length gauge, dipole form). step 8800 energy = -0.4811146466367705, norm_value = 1.0 + 0.0im, bound_norm=0.995259, free_norm=0.004741 + 0.0im
     | block_size = 194 
[TDSE] Runing TDSE-SH-linear (length gauge, dipole form). step 9000 energy = -0.4756856813837656, norm_value = 1.0 + 0.0im, bound_norm=0.990894, free_norm=0.009106 + 0.0im
     | block_size = 200 
[TDSE] Runing TDSE-SH-linear (length gauge, dipole form). step 9200 energy = -0.4701306658180175, norm_value = 1.0 + 0.0im, bound_norm=0.986385, free_norm=0.013615 + 0.0im
     | block_size = 200 
[TDSE] Runing TDSE-SH-linear (length gauge, dipole form). step 9400 energy = -0.46491159558293255, norm_value = 1.0 + 0.0im, bound_norm=0.983612, free_norm=0.016388 + 0.0im
     | block_size = 200 
[TDSE] Runing TDSE-SH-linear (length gauge, dipole form). step 9600 energy = -0.4596356559583182, norm_value = 1.0 + 0.0im, bound_norm=0.982661, free_norm=0.017339 + 0.0im
     | block_size = 200 
[TDSE] Runing TDSE-SH-linear (length gauge, dipole form). step 9800 energy = -0.4551971025907732, norm_value = 1.0 + 0.0im, bound_norm=0.983206, free_norm=0.016794 + 0.0im
     | block_size = 200 
[TDSE] Runing TDSE-SH-linear (length gauge, dipole form). step 10000 energy = -0.45469387465960054, norm_value = 1.0 + 0.0im, bound_norm=0.983203, free_norm=0.016797 + 0.0im
     | block_size = 200 
[TDSE] Runing TDSE-SH-linear (length gauge, dipole form). step 10200 energy = -0.45856929174041045, norm_value = 1.0 + 0.0im, bound_norm=0.982718, free_norm=0.017282 + 0.0im
     | block_size = 200 
[TDSE] Runing TDSE-SH-linear (length gauge, dipole form). step 10400 energy = -0.46394112766170215, norm_value = 1.0 + 0.0im, bound_norm=0.981859, free_norm=0.018141 + 0.0im
     | block_size = 200 
[TDSE] Runing TDSE-SH-linear (length gauge, dipole form). step 10600 energy = -0.46671654352930786, norm_value = 1.0 + 0.0im, bound_norm=0.980323, free_norm=0.019677 + 0.0im
     | block_size = 200 
[TDSE] Runing TDSE-SH-linear (length gauge, dipole form). step 10800 energy = -0.46022489569592245, norm_value = 1.0 + 0.0im, bound_norm=0.974438, free_norm=0.025562 + 0.0im
     | block_size = 200 
[TDSE] Runing TDSE-SH-linear (length gauge, dipole form). step 11000 energy = -0.43530410065839714, norm_value = 1.0 + 0.0im, bound_norm=0.957203, free_norm=0.042797 + 0.0im
     | block_size = 200 
[TDSE] Runing TDSE-SH-linear (length gauge, dipole form). step 11200 energy = -0.38209699056854207, norm_value = 1.0 + 0.0im, bound_norm=0.931426, free_norm=0.068574 + 0.0im
     | block_size = 200 
[TDSE] Runing TDSE-SH-linear (length gauge, dipole form). step 11400 energy = -0.29810687260540886, norm_value = 1.0 + 0.0im, bound_norm=0.908814, free_norm=0.091186 + 0.0im
     | block_size = 200 
[TDSE] Runing TDSE-SH-linear (length gauge, dipole form). step 11600 energy = -0.1963513236581296, norm_value = 1.0 + 0.0im, bound_norm=0.89655, free_norm=0.10345 + 0.0im
     | block_size = 200 
[TDSE] Runing TDSE-SH-linear (length gauge, dipole form). step 11800 energy = -0.10115930301668072, norm_value = 1.0 + 0.0im, bound_norm=0.891679, free_norm=0.108321 + 0.0im
     | block_size = 200 
[TDSE] Runing TDSE-SH-linear (length gauge, dipole form). step 12000 energy = -0.038370507814330754, norm_value = 1.0 + 0.0im, bound_norm=0.891231, free_norm=0.108769 + 0.0im
     | block_size = 200 
[TDSE] Runing TDSE-SH-linear (length gauge, dipole form). step 12200 energy = -0.03064322972989708, norm_value = 1.0 + 0.0im, bound_norm=0.891401, free_norm=0.108599 + 0.0im
     | block_size = 200 
[TDSE] Runing TDSE-SH-linear (length gauge, dipole form). step 12400 energy = -0.08195335591524318, norm_value = 1.0 + 0.0im, bound_norm=0.89095, free_norm=0.10905 + 0.0im
     | block_size = 200 
[TDSE] Runing TDSE-SH-linear (length gauge, dipole form). step 12600 energy = -0.17294133230735623, norm_value = 1.0 + 0.0im, bound_norm=0.88928, free_norm=0.11072 + 0.0im
     | block_size = 200 
[TDSE] Runing TDSE-SH-linear (length gauge, dipole form). step 12800 energy = -0.2700124255445447, norm_value = 1.0 + 0.0im, bound_norm=0.887113, free_norm=0.112887 + 0.0im
     | block_size = 200 
[TDSE] Runing TDSE-SH-linear (length gauge, dipole form). step 13000 energy = -0.32962257939556355, norm_value = 1.0 + 0.0im, bound_norm=0.876061, free_norm=0.123939 + 0.0im
     | block_size = 200 
[TDSE] Runing TDSE-SH-linear (length gauge, dipole form). step 13200 energy = -0.31177158772720037, norm_value = 1.0 + 0.0im, bound_norm=0.848539, free_norm=0.151461 + 0.0im
     | block_size = 200 
[TDSE] Runing TDSE-SH-linear (length gauge, dipole form). step 13400 energy = -0.18940066986743162, norm_value = 1.0 + 0.0im, bound_norm=0.812493, free_norm=0.187507 + 0.0im
     | block_size = 200 
[TDSE] Runing TDSE-SH-linear (length gauge, dipole form). step 13600 energy = 0.032350698220013234, norm_value = 1.0 + 0.0im, bound_norm=0.783069, free_norm=0.216931 + 0.0im
     | block_size = 200 
[TDSE] Runing TDSE-SH-linear (length gauge, dipole form). step 13800 energy = 0.3055815412680647, norm_value = 1.0 + 0.0im, bound_norm=0.768029, free_norm=0.231971 + 0.0im
     | block_size = 200 
[TDSE] Runing TDSE-SH-linear (length gauge, dipole form). step 14000 energy = 0.5564616739014671, norm_value = 1.0 + 0.0im, bound_norm=0.762333, free_norm=0.237667 + 0.0im
     | block_size = 200 
[TDSE] Runing TDSE-SH-linear (length gauge, dipole form). step 14200 energy = 0.7159956309028257, norm_value = 1.0 + 0.0im, bound_norm=0.761492, free_norm=0.238508 + 0.0im
     | block_size = 200 
[TDSE] Runing TDSE-SH-linear (length gauge, dipole form). step 14400 energy = 0.7380892436677093, norm_value = 1.0 + 0.0im, bound_norm=0.761679, free_norm=0.238321 + 0.0im
     | block_size = 200 
[TDSE] Runing TDSE-SH-linear (length gauge, dipole form). step 14600 energy = 0.6175368315684527, norm_value = 1.0 + 0.0im, bound_norm=0.761435, free_norm=0.238565 + 0.0im
     | block_size = 200 
[TDSE] Runing TDSE-SH-linear (length gauge, dipole form). step 14800 energy = 0.3953105671333025, norm_value = 1.0 + 0.0im, bound_norm=0.759492, free_norm=0.240508 + 0.0im
     | block_size = 200 
[TDSE] Runing TDSE-SH-linear (length gauge, dipole form). step 15000 energy = 0.1440344721117044, norm_value = 1.0 + 0.0im, bound_norm=0.758553, free_norm=0.241447 + 0.0im
     | block_size = 200 
[TDSE] Runing TDSE-SH-linear (length gauge, dipole form). step 15200 energy = -0.05243219550989173, norm_value = 1.0 + 0.0im, bound_norm=0.75217, free_norm=0.24783 + 0.0im
     | block_size = 200 
[TDSE] Runing TDSE-SH-linear (length gauge, dipole form). step 15400 energy = -0.12989307991377394, norm_value = 1.0 + 0.0im, bound_norm=0.73642, free_norm=0.26358 + 0.0im
     | block_size = 200 
[TDSE] Runing TDSE-SH-linear (length gauge, dipole form). step 15600 energy = -0.05845746774090919, norm_value = 1.0 + 0.0im, bound_norm=0.716331, free_norm=0.283669 + 0.0im
     | block_size = 200 
[TDSE] Runing TDSE-SH-linear (length gauge, dipole form). step 15800 energy = 0.141136017500388, norm_value = 1.0 + 0.0im, bound_norm=0.699518, free_norm=0.300482 + 0.0im
     | block_size = 200 
[TDSE] Runing TDSE-SH-linear (length gauge, dipole form). step 16000 energy = 0.40734294144275157, norm_value = 1.0 + 0.0im, bound_norm=0.691708, free_norm=0.308292 + 0.0im
     | block_size = 200 
[TDSE] Runing TDSE-SH-linear (length gauge, dipole form). step 16200 energy = 0.6568577609624481, norm_value = 1.0 + 0.0im, bound_norm=0.688793, free_norm=0.311207 + 0.0im
     | block_size = 200 
[TDSE] Runing TDSE-SH-linear (length gauge, dipole form). step 16400 energy = 0.8164830762264471, norm_value = 1.0 + 0.0im, bound_norm=0.688837, free_norm=0.311163 + 0.0im
     | block_size = 200 
[TDSE] Runing TDSE-SH-linear (length gauge, dipole form). step 16600 energy = 0.8412483000679857, norm_value = 1.0 + 0.0im, bound_norm=0.688889, free_norm=0.311111 + 0.0im
     | block_size = 200 
[TDSE] Runing TDSE-SH-linear (length gauge, dipole form). step 16800 energy = 0.7289475621676865, norm_value = 1.0 + 0.0im, bound_norm=0.688701, free_norm=0.311299 + 0.0im
     | block_size = 200 
[TDSE] Runing TDSE-SH-linear (length gauge, dipole form). step 17000 energy = 0.5195694464996963, norm_value = 1.0 + 0.0im, bound_norm=0.687714, free_norm=0.312286 + 0.0im
     | block_size = 200 
[TDSE] Runing TDSE-SH-linear (length gauge, dipole form). step 17200 energy = 0.28004094252504697, norm_value = 1.0 + 0.0im, bound_norm=0.687422, free_norm=0.312578 + 0.0im
     | block_size = 200 
[TDSE] Runing TDSE-SH-linear (length gauge, dipole form). step 17400 energy = 0.08289027079073538, norm_value = 1.0 + 0.0im, bound_norm=0.686455, free_norm=0.313545 + 0.0im
     | block_size = 200 
[TDSE] Runing TDSE-SH-linear (length gauge, dipole form). step 17600 energy = -0.02152848756080377, norm_value = 1.0 + 0.0im, bound_norm=0.68421, free_norm=0.31579 + 0.0im
     | block_size = 200 
[TDSE] Runing TDSE-SH-linear (length gauge, dipole form). step 17800 energy = -0.01633802385130503, norm_value = 1.0 + 0.0im, bound_norm=0.681673, free_norm=0.318327 + 0.0im
     | block_size = 200 
[TDSE] Runing TDSE-SH-linear (length gauge, dipole form). step 18000 energy = 0.08210425282677997, norm_value = 1.0 + 0.0im, bound_norm=0.678345, free_norm=0.321655 + 0.0im
     | block_size = 200 
[TDSE] Runing TDSE-SH-linear (length gauge, dipole form). step 18200 energy = 0.22921709537898644, norm_value = 1.0 + 0.0im, bound_norm=0.676959, free_norm=0.323041 + 0.0im
     | block_size = 200 
[TDSE] Runing TDSE-SH-linear (length gauge, dipole form). step 18400 energy = 0.3704068837016108, norm_value = 1.0 + 0.0im, bound_norm=0.676824, free_norm=0.323176 + 0.0im
     | block_size = 200 
[TDSE] Runing TDSE-SH-linear (length gauge, dipole form). step 18600 energy = 0.4603923976128784, norm_value = 1.0 + 0.0im, bound_norm=0.677157, free_norm=0.322843 + 0.0im
     | block_size = 200 
[TDSE] Runing TDSE-SH-linear (length gauge, dipole form). step 18800 energy = 0.47574443142766093, norm_value = 1.0 + 0.0im, bound_norm=0.677157, free_norm=0.322843 + 0.0im
     | block_size = 200 
[TDSE] Runing TDSE-SH-linear (length gauge, dipole form). step 19000 energy = 0.4171310700802975, norm_value = 1.0 + 0.0im, bound_norm=0.677025, free_norm=0.322975 + 0.0im
     | block_size = 200 
[TDSE] Runing TDSE-SH-linear (length gauge, dipole form). step 19200 energy = 0.3062197379366837, norm_value = 1.0 + 0.0im, bound_norm=0.67686, free_norm=0.32314 + 0.0im
     | block_size = 200 
[TDSE] Runing TDSE-SH-linear (length gauge, dipole form). step 19400 energy = 0.1778031548983448, norm_value = 1.0 + 0.0im, bound_norm=0.676532, free_norm=0.323468 + 0.0im
     | block_size = 200 
[TDSE] Runing TDSE-SH-linear (length gauge, dipole form). step 19600 energy = 0.06801249462990197, norm_value = 1.0 + 0.0im, bound_norm=0.676653, free_norm=0.323347 + 0.0im
     | block_size = 200 
[TDSE] Runing TDSE-SH-linear (length gauge, dipole form). step 19800 energy = 0.0018704540862386912, norm_value = 1.0 + 0.0im, bound_norm=0.676876, free_norm=0.323124 + 0.0im
     | block_size = 200 
[TDSE] Runing TDSE-SH-linear (length gauge, dipole form). step 20000 energy = -0.015389192179441673, norm_value = 1.0 + 0.0im, bound_norm=0.67776, free_norm=0.32224 + 0.0im
     | block_size = 200 
[TDSE] Runing TDSE-SH-linear (length gauge, dipole form). step 20200 energy = 0.009697361671676397, norm_value = 1.0 + 0.0im, bound_norm=0.677489, free_norm=0.322511 + 0.0im
     | block_size = 200 
[TDSE] Runing TDSE-SH-linear (length gauge, dipole form). step 20400 energy = 0.05706380845314586, norm_value = 1.0 + 0.0im, bound_norm=0.676984, free_norm=0.323016 + 0.0im
     | block_size = 200 
[TDSE] Runing TDSE-SH-linear (length gauge, dipole form). step 20600 energy = 0.10539880927992602, norm_value = 1.0 + 0.0im, bound_norm=0.677082, free_norm=0.322918 + 0.0im
     | block_size = 200 
[TDSE] Runing TDSE-SH-linear (length gauge, dipole form). step 20800 energy = 0.13724661171520386, norm_value = 1.0 + 0.0im, bound_norm=0.67714, free_norm=0.32286 + 0.0im
     | block_size = 200 
[TDSE] Runing TDSE-SH-linear (length gauge, dipole form). step 21000 energy = 0.1431030132924316, norm_value = 1.0 + 0.0im, bound_norm=0.677167, free_norm=0.322833 + 0.0im
     | block_size = 200 
[TDSE] Runing TDSE-SH-linear (length gauge, dipole form). step 21200 energy = 0.12426817772814445, norm_value = 1.0 + 0.0im, bound_norm=0.67712, free_norm=0.32288 + 0.0im
     | block_size = 200 
[TDSE] Runing TDSE-SH-linear (length gauge, dipole form). step 21400 energy = 0.08886067177890573, norm_value = 1.0 + 0.0im, bound_norm=0.677049, free_norm=0.322951 + 0.0im
     | block_size = 200 
[TDSE] Runing TDSE-SH-linear (length gauge, dipole form). step 21600 energy = 0.0490248811159026, norm_value = 1.0 + 0.0im, bound_norm=0.676972, free_norm=0.323028 + 0.0im
     | block_size = 200 
[TDSE] Runing TDSE-SH-linear (length gauge, dipole form). step 21800 energy = 0.014630838673102472, norm_value = 1.0 + 0.0im, bound_norm=0.677769, free_norm=0.322231 + 0.0im
     | block_size = 200 
[TDSE] Runing TDSE-SH-linear (length gauge, dipole form). step 22000 energy = -0.007754625360923929, norm_value = 1.0 + 0.0im, bound_norm=0.677744, free_norm=0.322256 + 0.0im
     | block_size = 200 
[TDSE] Runing TDSE-SH-linear (length gauge, dipole form). step 22200 energy = -0.016740098718614392, norm_value = 1.0 + 0.0im, bound_norm=0.677487, free_norm=0.322513 + 0.0im
     | block_size = 200 
[TDSE] Runing TDSE-SH-linear (length gauge, dipole form). step 22400 energy = -0.015223095252782346, norm_value = 1.0 + 0.0im, bound_norm=0.678309, free_norm=0.321691 + 0.0im
     | block_size = 200 
[TDSE] Runing TDSE-SH-linear (length gauge, dipole form). step 22600 energy = -0.007790827478713373, norm_value = 1.0 + 0.0im, bound_norm=0.678096, free_norm=0.321904 + 0.0im
     | block_size = 200 
[TDSE] Runing TDSE-SH-linear (length gauge, dipole form). step 22800 energy = -0.0001226818853821668, norm_value = 1.0 + 0.0im, bound_norm=0.677925, free_norm=0.322075 + 0.0im
     | block_size = 200 
[TDSE] Runing TDSE-SH-linear (length gauge, dipole form). step 23000 energy = 0.00518412968018458, norm_value = 1.0 + 0.0im, bound_norm=0.677867, free_norm=0.322133 + 0.0im
     | block_size = 200 
[TDSE] Runing TDSE-SH-linear (length gauge, dipole form). step 23200 energy = 0.006173720241951358, norm_value = 1.0 + 0.0im, bound_norm=0.677822, free_norm=0.322178 + 0.0im
     | block_size = 200 
[TDSE] Runing TDSE-SH-linear (length gauge, dipole form). step 23400 energy = 0.003541157112720486, norm_value = 1.0 + 0.0im, bound_norm=0.677872, free_norm=0.322128 + 0.0im
     | block_size = 200 
[TDSE] Runing TDSE-SH-linear (length gauge, dipole form). step 23600 energy = -0.0014461632125226272, norm_value = 1.0 + 0.0im, bound_norm=0.677886, free_norm=0.322114 + 0.0im
     | block_size = 200 
[TDSE] Runing TDSE-SH-linear (length gauge, dipole form). step 23800 energy = -0.006560302076363427, norm_value = 1.0 + 0.0im, bound_norm=0.677981, free_norm=0.322019 + 0.0im
     | block_size = 200 
[TDSE] Runing TDSE-SH-linear (length gauge, dipole form). step 24000 energy = -0.011162584716589511, norm_value = 1.0 + 0.0im, bound_norm=0.677934, free_norm=0.322066 + 0.0im
     | block_size = 200 
[TDSE] Runing TDSE-SH-linear (length gauge, dipole form). step 24200 energy = -0.01437616143409034, norm_value = 1.0 + 0.0im, bound_norm=0.677623, free_norm=0.322377 + 0.0im
     | block_size = 200 
[TDSE] Runing TDSE-SH-linear (length gauge, dipole form). step 24400 energy = -0.0161234721628798, norm_value = 1.0 + 0.0im, bound_norm=0.677518, free_norm=0.322482 + 0.0im
     | block_size = 200 
[TDSE] Runing TDSE-SH-linear (length gauge, dipole form). step 24600 energy = -0.0170563361445054, norm_value = 1.0 + 0.0im, bound_norm=0.677528, free_norm=0.322472 + 0.0im
     | block_size = 200 
[TDSE] Runing TDSE-SH-linear (length gauge, dipole form). step 24800 energy = -0.017382435378053843, norm_value = 1.0 + 0.0im, bound_norm=0.677546, free_norm=0.322454 + 0.0im
     | block_size = 200 
[TDSE] Runing TDSE-SH-linear (length gauge, dipole form). step 25000 energy = -0.017454934191161894, norm_value = 1.0 + 0.0im, bound_norm=0.67756, free_norm=0.32244 + 0.0im
     | block_size = 200 
[TDSE] Runing TDSE-SH-linear (length gauge, dipole form). step 25200 energy = -0.01746020219465221, norm_value = 1.0 + 0.0im, bound_norm=0.677565, free_norm=0.322435 + 0.0im
     | block_size = 200 
[TDSE] Runing TDSE-SH-linear (length gauge, dipole form). step 25400 energy = -0.017458309782044205, norm_value = 1.0 + 0.0im, bound_norm=0.677564, free_norm=0.322436 + 0.0im
     | block_size = 200 
[TDSE] Runing TDSE-SH-linear (length gauge, dipole form). step 25600 energy = -0.017457865277911253, norm_value = 1.0 + 0.0im, bound_norm=0.677564, free_norm=0.322436 + 0.0im
     | block_size = 200 
[TDSE] Runing TDSE-SH-linear (length gauge, dipole form). step 25800 energy = -0.01745780410856269, norm_value = 1.0 + 0.0im, bound_norm=0.677563, free_norm=0.322437 + 0.0im
     | block_size = 200 
[TDSE] Runing TDSE-SH-linear (length gauge, dipole form). step 26000 energy = -0.0174584009463493, norm_value = 1.0 + 0.0im, bound_norm=0.677563, free_norm=0.322437 + 0.0im
     | block_size = 200 
[TDSE] Runing TDSE-SH-linear (length gauge, dipole form). step 26200 energy = -0.017454285996067014, norm_value = 1.0 + 0.0im, bound_norm=0.677563, free_norm=0.322437 + 0.0im
     | block_size = 200 
[TDSE] Runing TDSE-SH-linear (length gauge, dipole form). step 26400 energy = -0.017454239162392776, norm_value = 1.0 + 0.0im, bound_norm=0.677563, free_norm=0.322437 + 0.0im
     | block_size = 200 
Sample 2026_5_15_hg_massive_0.085_0.0_0.0285_6.0_short_range does not exist. Exceute a new sample.
[ITP]: 10000.496424741636
[ITP]: 3.468948764850932e-6
[ITP]: 2.0119768988635656e-6
[ITP]: 1.2363970314233086e-6
[ITP]: 7.802127368616851e-7
[ITP]: 5.004886823867238e-7
[ITP]: 3.247063635747338e-7
[ITP]: 2.1241854042397534e-7
[ITP]: 1.3984492786001113e-7
[ITP]: 9.25260389417204e-8
[ITP]: 6.146357944825098e-8
[ITP]: 4.0962812142275595e-8
[ITP]: 2.737382170936442e-8
[ITP]: 1.8334269435982264e-8
[ITP]: 1.2303307206362746e-8
[ITP]: 8.269649631742482e-9
[ITP]: 5.566198502116038e-9
[ITP]: 3.7510526906814334e-9
[ITP]: 2.530471499007092e-9
[ITP]: 1.7086173587088638e-9
[ITP]: 1.154605577813328e-9
[ITP]: 7.807770541212733e-10
[ITP]: 5.283077308959605e-10
[ITP]: 3.576713369923823e-10
[ITP]: 2.422650968725293e-10
[ITP]: 1.6416579207145787e-10
[ITP]: 1.1128536980820058e-10
[ITP]: 7.546496760824084e-11
[ITP]: 5.119060730862657e-11
[ITP]: 3.4733049769641866e-11
[ITP]: 2.3571977703085167e-11
[ITP]: 1.6002199565434694e-11
[ITP]: 1.086369882941085e-11
[ITP]: 7.378653243961253e-12
[ITP]: 5.010714065889488e-12
[ITP]: 3.4039993046519612e-12
[ITP]: 2.313038649504051e-12
[ITP]: 1.570410468332284e-12
[ITP]: 1.0681455719918631e-12
[ITP]: 7.265299473147024e-13
[ITP]: 4.919398222114069e-13
[ITP]: 3.346212196220222e-13
[ITP]: 2.2842838731662596e-13
[ITP]: 1.5498713423767185e-13
[ITP]: 1.0536016503692736e-13
[ITP]: 7.188694084447889e-14
[ITP]: 4.801714581503802e-14
[ITP]: 3.347322419244847e-14
[ITP]: 2.3148150063434514e-14
[ITP]: 1.4432899320127035e-14
[ITP]: 1.1102230246251565e-14
[ITP]: 7.16093850883226e-15
[ITP]: 4.440892098500626e-15
[ITP]: 2.6645352591003757e-15
[ITP]: 2.831068712794149e-15
[ITP]: 1.4988010832439613e-15
[ITP]: 6.661338147750939e-16
[ITP]: 7.771561172376096e-16
[ITP]: 5.551115123125783e-16
[ITP]: 2.220446049250313e-16
[ITP]: 4.440892098500626e-16
[ITP]: 6.106226635438361e-16
[ITP]: 7.216449660063518e-16
[ITP]: 4.440892098500626e-16
[ITP]: 4.440892098500626e-16
[ITP]: 3.3306690738754696e-16
[ITP]: 1.1102230246251565e-15
[ITP]: 1.1102230246251565e-16
[ITP]: 7.216449660063518e-16
[ITP]: 1.1102230246251565e-16
[ITP]: 8.326672684688674e-16
[ITP]: 7.216449660063518e-16
[ITP]: 2.7755575615628914e-16
[ITP]: 4.996003610813204e-16
[ITP]: 4.440892098500626e-16
[ITP]: 4.440892098500626e-16
[ITP]: 1.6653345369377348e-16
[ITP]: 4.996003610813204e-16
[ITP]: 1.1657341758564144e-15
[ITP]: 1.1102230246251565e-16
[ITP]: 0.0
[TDSE] Runing TDSE-SH-linear (length gauge, dipole form). step 0 energy = -0.4964336949924361, norm_value = 1.0 + 0.0im, bound_norm=1.0, free_norm=0.0 + 0.0im
     | block_size = 3 
[TDSE] Runing TDSE-SH-linear (length gauge, dipole form). step 200 energy = -0.4964336902209345, norm_value = 1.0 + 0.0im, bound_norm=1.0, free_norm=0.0 + 0.0im
     | block_size = 3 
[TDSE] Runing TDSE-SH-linear (length gauge, dipole form). step 400 energy = -0.4964336360197525, norm_value = 1.0 + 0.0im, bound_norm=1.0, free_norm=0.0 + 0.0im
     | block_size = 4 
[TDSE] Runing TDSE-SH-linear (length gauge, dipole form). step 600 energy = -0.4964335087005527, norm_value = 1.0 + 0.0im, bound_norm=1.0, free_norm=0.0 + 0.0im
     | block_size = 4 
[TDSE] Runing TDSE-SH-linear (length gauge, dipole form). step 800 energy = -0.4964334614156659, norm_value = 1.0 + 0.0im, bound_norm=1.0, free_norm=0.0 + 0.0im
     | block_size = 4 
[TDSE] Runing TDSE-SH-linear (length gauge, dipole form). step 1000 energy = -0.496433604315694, norm_value = 1.0 + 0.0im, bound_norm=1.0, free_norm=0.0 + 0.0im
     | block_size = 4 
[TDSE] Runing TDSE-SH-linear (length gauge, dipole form). step 1200 energy = -0.4964335474990933, norm_value = 1.0 + 0.0im, bound_norm=1.0, free_norm=0.0 + 0.0im
     | block_size = 4 
[TDSE] Runing TDSE-SH-linear (length gauge, dipole form). step 1400 energy = -0.4964316390954387, norm_value = 1.0 + 0.0im, bound_norm=0.999999, free_norm=1.0e-6 + 0.0im
     | block_size = 4 
[TDSE] Runing TDSE-SH-linear (length gauge, dipole form). step 1600 energy = -0.49642508884711295, norm_value = 1.0 + 0.0im, bound_norm=0.999997, free_norm=3.0e-6 + 0.0im
     | block_size = 5 
[TDSE] Runing TDSE-SH-linear (length gauge, dipole form). step 1800 energy = -0.4964108355697813, norm_value = 1.0 + 0.0im, bound_norm=0.999993, free_norm=7.0e-6 + 0.0im
     | block_size = 7 
[TDSE] Runing TDSE-SH-linear (length gauge, dipole form). step 2000 energy = -0.4963886813442466, norm_value = 1.0 + 0.0im, bound_norm=0.999986, free_norm=1.4e-5 + 0.0im
     | block_size = 10 
[TDSE] Runing TDSE-SH-linear (length gauge, dipole form). step 2200 energy = -0.49636216867316574, norm_value = 1.0 + 0.0im, bound_norm=0.999978, free_norm=2.2e-5 + 0.0im
     | block_size = 14 
[TDSE] Runing TDSE-SH-linear (length gauge, dipole form). step 2400 energy = -0.4963406247151105, norm_value = 1.0 + 0.0im, bound_norm=0.999971, free_norm=2.9e-5 + 0.0im
     | block_size = 19 
[TDSE] Runing TDSE-SH-linear (length gauge, dipole form). step 2600 energy = -0.4963353790084681, norm_value = 1.0 + 0.0im, bound_norm=0.99997, free_norm=3.0e-5 + 0.0im
     | block_size = 24 
[TDSE] Runing TDSE-SH-linear (length gauge, dipole form). step 2800 energy = -0.49635311668051396, norm_value = 1.0 + 0.0im, bound_norm=0.999975, free_norm=2.5e-5 + 0.0im
     | block_size = 29 
[TDSE] Runing TDSE-SH-linear (length gauge, dipole form). step 3000 energy = -0.4963899553465098, norm_value = 1.0 + 0.0im, bound_norm=0.999987, free_norm=1.3e-5 + 0.0im
     | block_size = 33 
[TDSE] Runing TDSE-SH-linear (length gauge, dipole form). step 3200 energy = -0.4964252045185656, norm_value = 1.0 + 0.0im, bound_norm=0.999998, free_norm=2.0e-6 + 0.0im
     | block_size = 37 
[TDSE] Runing TDSE-SH-linear (length gauge, dipole form). step 3400 energy = -0.49642539463649393, norm_value = 1.0 + 0.0im, bound_norm=0.999998, free_norm=2.0e-6 + 0.0im
     | block_size = 37 
[TDSE] Runing TDSE-SH-linear (length gauge, dipole form). step 3600 energy = -0.4963541347867931, norm_value = 1.0 + 0.0im, bound_norm=0.999976, free_norm=2.4e-5 + 0.0im
     | block_size = 32 
[TDSE] Runing TDSE-SH-linear (length gauge, dipole form). step 3800 energy = -0.49618903163371636, norm_value = 1.0 + 0.0im, bound_norm=0.999925, free_norm=7.5e-5 + 0.0im
     | block_size = 25 
[TDSE] Runing TDSE-SH-linear (length gauge, dipole form). step 4000 energy = -0.49593707924482344, norm_value = 1.0 + 0.0im, bound_norm=0.99985, free_norm=0.00015 + 0.0im
     | block_size = 14 
[TDSE] Runing TDSE-SH-linear (length gauge, dipole form). step 4200 energy = -0.4956474995397425, norm_value = 1.0 + 0.0im, bound_norm=0.999766, free_norm=0.000234 + 0.0im
     | block_size = 22 
[TDSE] Runing TDSE-SH-linear (length gauge, dipole form). step 4400 energy = -0.4954054807088272, norm_value = 1.0 + 0.0im, bound_norm=0.999698, free_norm=0.000302 + 0.0im
     | block_size = 32 
[TDSE] Runing TDSE-SH-linear (length gauge, dipole form). step 4600 energy = -0.4953077219450726, norm_value = 1.0 + 0.0im, bound_norm=0.999671, free_norm=0.000329 + 0.0im
     | block_size = 42 
[TDSE] Runing TDSE-SH-linear (length gauge, dipole form). step 4800 energy = -0.4954175634577782, norm_value = 1.0 + 0.0im, bound_norm=0.999702, free_norm=0.000298 + 0.0im
     | block_size = 52 
[TDSE] Runing TDSE-SH-linear (length gauge, dipole form). step 5000 energy = -0.4957157731626007, norm_value = 1.0 + 0.0im, bound_norm=0.999787, free_norm=0.000213 + 0.0im
     | block_size = 62 
[TDSE] Runing TDSE-SH-linear (length gauge, dipole form). step 5200 energy = -0.4960905756796971, norm_value = 1.0 + 0.0im, bound_norm=0.999897, free_norm=0.000103 + 0.0im
     | block_size = 72 
[TDSE] Runing TDSE-SH-linear (length gauge, dipole form). step 5400 energy = -0.4963728035845992, norm_value = 1.0 + 0.0im, bound_norm=0.999983, free_norm=1.7e-5 + 0.0im
     | block_size = 80 
[TDSE] Runing TDSE-SH-linear (length gauge, dipole form). step 5600 energy = -0.49638659663437673, norm_value = 1.0 + 0.0im, bound_norm=0.999987, free_norm=1.3e-5 + 0.0im
     | block_size = 80 
[TDSE] Runing TDSE-SH-linear (length gauge, dipole form). step 5800 energy = -0.49600235777471186, norm_value = 1.0 + 0.0im, bound_norm=0.99987, free_norm=0.00013 + 0.0im
     | block_size = 73 
[TDSE] Runing TDSE-SH-linear (length gauge, dipole form). step 6000 energy = -0.4951780902267601, norm_value = 1.0 + 0.0im, bound_norm=0.999633, free_norm=0.000367 + 0.0im
     | block_size = 73 
[TDSE] Runing TDSE-SH-linear (length gauge, dipole form). step 6200 energy = -0.4939982522413694, norm_value = 1.0 + 0.0im, bound_norm=0.999329, free_norm=0.000671 + 0.0im
     | block_size = 82 
[TDSE] Runing TDSE-SH-linear (length gauge, dipole form). step 6400 energy = -0.4927036650113378, norm_value = 1.0 + 0.0im, bound_norm=0.999052, free_norm=0.000948 + 0.0im
     | block_size = 92 
[TDSE] Runing TDSE-SH-linear (length gauge, dipole form). step 6600 energy = -0.49169651363765543, norm_value = 1.0 + 0.0im, bound_norm=0.99888, free_norm=0.00112 + 0.0im
     | block_size = 102 
[TDSE] Runing TDSE-SH-linear (length gauge, dipole form). step 6800 energy = -0.49144264505997876, norm_value = 1.0 + 0.0im, bound_norm=0.998822, free_norm=0.001178 + 0.0im
     | block_size = 112 
[TDSE] Runing TDSE-SH-linear (length gauge, dipole form). step 7000 energy = -0.49219576966711204, norm_value = 1.0 + 0.0im, bound_norm=0.998856, free_norm=0.001144 + 0.0im
     | block_size = 122 
[TDSE] Runing TDSE-SH-linear (length gauge, dipole form). step 7200 energy = -0.49364725932282394, norm_value = 1.0 + 0.0im, bound_norm=0.999033, free_norm=0.000967 + 0.0im
     | block_size = 132 
[TDSE] Runing TDSE-SH-linear (length gauge, dipole form). step 7400 energy = -0.4950455119088324, norm_value = 1.0 + 0.0im, bound_norm=0.999421, free_norm=0.000579 + 0.0im
     | block_size = 142 
[TDSE] Runing TDSE-SH-linear (length gauge, dipole form). step 7600 energy = -0.49591187377604473, norm_value = 1.0 + 0.0im, bound_norm=0.999699, free_norm=0.000301 + 0.0im
     | block_size = 152 
[TDSE] Runing TDSE-SH-linear (length gauge, dipole form). step 7800 energy = -0.49598123704664976, norm_value = 1.0 + 0.0im, bound_norm=0.999715, free_norm=0.000285 + 0.0im
     | block_size = 153 
[TDSE] Runing TDSE-SH-linear (length gauge, dipole form). step 8000 energy = -0.4950053697419549, norm_value = 1.0 + 0.0im, bound_norm=0.999419, free_norm=0.000581 + 0.0im
     | block_size = 157 
[TDSE] Runing TDSE-SH-linear (length gauge, dipole form). step 8200 energy = -0.49287698079541903, norm_value = 1.0 + 0.0im, bound_norm=0.998889, free_norm=0.001111 + 0.0im
     | block_size = 167 
[TDSE] Runing TDSE-SH-linear (length gauge, dipole form). step 8400 energy = -0.48948927063899816, norm_value = 1.0 + 0.0im, bound_norm=0.998184, free_norm=0.001816 + 0.0im
     | block_size = 177 
[TDSE] Runing TDSE-SH-linear (length gauge, dipole form). step 8600 energy = -0.4849213422937768, norm_value = 1.0 + 0.0im, bound_norm=0.997151, free_norm=0.002849 + 0.0im
     | block_size = 187 
[TDSE] Runing TDSE-SH-linear (length gauge, dipole form). step 8800 energy = -0.47909055190792355, norm_value = 1.0 + 0.0im, bound_norm=0.994095, free_norm=0.005905 + 0.0im
     | block_size = 197 
[TDSE] Runing TDSE-SH-linear (length gauge, dipole form). step 9000 energy = -0.4718154640375333, norm_value = 1.0 + 0.0im, bound_norm=0.988298, free_norm=0.011702 + 0.0im
     | block_size = 200 
[TDSE] Runing TDSE-SH-linear (length gauge, dipole form). step 9200 energy = -0.4633857434431474, norm_value = 1.0 + 0.0im, bound_norm=0.982392, free_norm=0.017608 + 0.0im
     | block_size = 200 
[TDSE] Runing TDSE-SH-linear (length gauge, dipole form). step 9400 energy = -0.45468265363285054, norm_value = 1.0 + 0.0im, bound_norm=0.978806, free_norm=0.021194 + 0.0im
     | block_size = 200 
[TDSE] Runing TDSE-SH-linear (length gauge, dipole form). step 9600 energy = -0.4461027760826275, norm_value = 1.0 + 0.0im, bound_norm=0.977453, free_norm=0.022547 + 0.0im
     | block_size = 200 
[TDSE] Runing TDSE-SH-linear (length gauge, dipole form). step 9800 energy = -0.4393546833532477, norm_value = 1.0 + 0.0im, bound_norm=0.977953, free_norm=0.022047 + 0.0im
     | block_size = 200 
[TDSE] Runing TDSE-SH-linear (length gauge, dipole form). step 10000 energy = -0.4385987628361919, norm_value = 1.0 + 0.0im, bound_norm=0.977964, free_norm=0.022036 + 0.0im
     | block_size = 200 
[TDSE] Runing TDSE-SH-linear (length gauge, dipole form). step 10200 energy = -0.4445296926476545, norm_value = 1.0 + 0.0im, bound_norm=0.97745, free_norm=0.02255 + 0.0im
     | block_size = 200 
[TDSE] Runing TDSE-SH-linear (length gauge, dipole form). step 10400 energy = -0.45328947934749453, norm_value = 1.0 + 0.0im, bound_norm=0.97652, free_norm=0.02348 + 0.0im
     | block_size = 200 
[TDSE] Runing TDSE-SH-linear (length gauge, dipole form). step 10600 energy = -0.45915845333387234, norm_value = 1.0 + 0.0im, bound_norm=0.974678, free_norm=0.025322 + 0.0im
     | block_size = 200 
[TDSE] Runing TDSE-SH-linear (length gauge, dipole form). step 10800 energy = -0.4528158309142179, norm_value = 1.0 + 0.0im, bound_norm=0.967182, free_norm=0.032818 + 0.0im
     | block_size = 200 
[TDSE] Runing TDSE-SH-linear (length gauge, dipole form). step 11000 energy = -0.4216729618391339, norm_value = 1.0 + 0.0im, bound_norm=0.945827, free_norm=0.054173 + 0.0im
     | block_size = 200 
[TDSE] Runing TDSE-SH-linear (length gauge, dipole form). step 11200 energy = -0.352273085971509, norm_value = 1.0 + 0.0im, bound_norm=0.91455, free_norm=0.08545 + 0.0im
     | block_size = 200 
[TDSE] Runing TDSE-SH-linear (length gauge, dipole form). step 11400 energy = -0.2409471067721359, norm_value = 1.0 + 0.0im, bound_norm=0.887474, free_norm=0.112526 + 0.0im
     | block_size = 200 
[TDSE] Runing TDSE-SH-linear (length gauge, dipole form). step 11600 energy = -0.10513366610443162, norm_value = 1.0 + 0.0im, bound_norm=0.872842, free_norm=0.127158 + 0.0im
     | block_size = 200 
[TDSE] Runing TDSE-SH-linear (length gauge, dipole form). step 11800 energy = 0.021715582687528143, norm_value = 1.0 + 0.0im, bound_norm=0.867099, free_norm=0.132901 + 0.0im
     | block_size = 200 
[TDSE] Runing TDSE-SH-linear (length gauge, dipole form). step 12000 energy = 0.10468280114615207, norm_value = 1.0 + 0.0im, bound_norm=0.86631, free_norm=0.13369 + 0.0im
     | block_size = 200 
[TDSE] Runing TDSE-SH-linear (length gauge, dipole form). step 12200 energy = 0.11484495000285623, norm_value = 1.0 + 0.0im, bound_norm=0.866521, free_norm=0.133479 + 0.0im
     | block_size = 200 
[TDSE] Runing TDSE-SH-linear (length gauge, dipole form). step 12400 energy = 0.047154912892281874, norm_value = 1.0 + 0.0im, bound_norm=0.866087, free_norm=0.133913 + 0.0im
     | block_size = 200 
[TDSE] Runing TDSE-SH-linear (length gauge, dipole form). step 12600 energy = -0.0735418445986648, norm_value = 1.0 + 0.0im, bound_norm=0.86429, free_norm=0.13571 + 0.0im
     | block_size = 200 
[TDSE] Runing TDSE-SH-linear (length gauge, dipole form). step 12800 energy = -0.20298833744234646, norm_value = 1.0 + 0.0im, bound_norm=0.861648, free_norm=0.138352 + 0.0im
     | block_size = 200 
[TDSE] Runing TDSE-SH-linear (length gauge, dipole form). step 13000 energy = -0.28459823523936734, norm_value = 1.0 + 0.0im, bound_norm=0.84809, free_norm=0.15191 + 0.0im
     | block_size = 200 
[TDSE] Runing TDSE-SH-linear (length gauge, dipole form). step 13200 energy = -0.2663627762156805, norm_value = 1.0 + 0.0im, bound_norm=0.815948, free_norm=0.184052 + 0.0im
     | block_size = 200 
[TDSE] Runing TDSE-SH-linear (length gauge, dipole form). step 13400 energy = -0.11398985100260668, norm_value = 1.0 + 0.0im, bound_norm=0.774249, free_norm=0.225751 + 0.0im
     | block_size = 200 
[TDSE] Runing TDSE-SH-linear (length gauge, dipole form). step 13600 energy = 0.1660071439729972, norm_value = 1.0 + 0.0im, bound_norm=0.740855, free_norm=0.259145 + 0.0im
     | block_size = 200 
[TDSE] Runing TDSE-SH-linear (length gauge, dipole form). step 13800 energy = 0.5120616506187072, norm_value = 1.0 + 0.0im, bound_norm=0.723748, free_norm=0.276252 + 0.0im
     | block_size = 200 
[TDSE] Runing TDSE-SH-linear (length gauge, dipole form). step 14000 energy = 0.8294002801876083, norm_value = 1.0 + 0.0im, bound_norm=0.717352, free_norm=0.282648 + 0.0im
     | block_size = 200 
[TDSE] Runing TDSE-SH-linear (length gauge, dipole form). step 14200 energy = 1.0304765414976058, norm_value = 1.0 + 0.0im, bound_norm=0.716181, free_norm=0.283819 + 0.0im
     | block_size = 200 
[TDSE] Runing TDSE-SH-linear (length gauge, dipole form). step 14400 energy = 1.0582704137371681, norm_value = 1.0 + 0.0im, bound_norm=0.716395, free_norm=0.283605 + 0.0im
     | block_size = 200 
[TDSE] Runing TDSE-SH-linear (length gauge, dipole form). step 14600 energy = 0.9064801822275078, norm_value = 1.0 + 0.0im, bound_norm=0.716196, free_norm=0.283804 + 0.0im
     | block_size = 200 
[TDSE] Runing TDSE-SH-linear (length gauge, dipole form). step 14800 energy = 0.6262979767878858, norm_value = 1.0 + 0.0im, bound_norm=0.714145, free_norm=0.285855 + 0.0im
     | block_size = 200 
[TDSE] Runing TDSE-SH-linear (length gauge, dipole form). step 15000 energy = 0.30971871720788324, norm_value = 1.0 + 0.0im, bound_norm=0.712955, free_norm=0.287045 + 0.0im
     | block_size = 200 
[TDSE] Runing TDSE-SH-linear (length gauge, dipole form). step 15200 energy = 0.06235329614130561, norm_value = 1.0 + 0.0im, bound_norm=0.705292, free_norm=0.294708 + 0.0im
     | block_size = 200 
[TDSE] Runing TDSE-SH-linear (length gauge, dipole form). step 15400 energy = -0.0350536269042617, norm_value = 1.0 + 0.0im, bound_norm=0.687406, free_norm=0.312594 + 0.0im
     | block_size = 200 
[TDSE] Runing TDSE-SH-linear (length gauge, dipole form). step 15600 energy = 0.051941684035959286, norm_value = 1.0 + 0.0im, bound_norm=0.664481, free_norm=0.335519 + 0.0im
     | block_size = 200 
[TDSE] Runing TDSE-SH-linear (length gauge, dipole form). step 15800 energy = 0.29882569172266105, norm_value = 1.0 + 0.0im, bound_norm=0.647581, free_norm=0.352419 + 0.0im
     | block_size = 200 
[TDSE] Runing TDSE-SH-linear (length gauge, dipole form). step 16000 energy = 0.6285576944445262, norm_value = 1.0 + 0.0im, bound_norm=0.638875, free_norm=0.361125 + 0.0im
     | block_size = 200 
[TDSE] Runing TDSE-SH-linear (length gauge, dipole form). step 16200 energy = 0.9365617145313304, norm_value = 1.0 + 0.0im, bound_norm=0.63559, free_norm=0.36441 + 0.0im
     | block_size = 200 
[TDSE] Runing TDSE-SH-linear (length gauge, dipole form). step 16400 energy = 1.1330658060347212, norm_value = 1.0 + 0.0im, bound_norm=0.635442, free_norm=0.364558 + 0.0im
     | block_size = 200 
[TDSE] Runing TDSE-SH-linear (length gauge, dipole form). step 16600 energy = 1.1635340478918694, norm_value = 1.0 + 0.0im, bound_norm=0.635516, free_norm=0.364484 + 0.0im
     | block_size = 200 
[TDSE] Runing TDSE-SH-linear (length gauge, dipole form). step 16800 energy = 1.0253858192744316, norm_value = 1.0 + 0.0im, bound_norm=0.635354, free_norm=0.364646 + 0.0im
     | block_size = 200 
[TDSE] Runing TDSE-SH-linear (length gauge, dipole form). step 17000 energy = 0.7677245176627537, norm_value = 1.0 + 0.0im, bound_norm=0.634287, free_norm=0.365713 + 0.0im
     | block_size = 200 
[TDSE] Runing TDSE-SH-linear (length gauge, dipole form). step 17200 energy = 0.473146758292502, norm_value = 1.0 + 0.0im, bound_norm=0.63408, free_norm=0.36592 + 0.0im
     | block_size = 200 
[TDSE] Runing TDSE-SH-linear (length gauge, dipole form). step 17400 energy = 0.23130181470655164, norm_value = 1.0 + 0.0im, bound_norm=0.632862, free_norm=0.367138 + 0.0im
     | block_size = 200 
[TDSE] Runing TDSE-SH-linear (length gauge, dipole form). step 17600 energy = 0.10451182998797358, norm_value = 1.0 + 0.0im, bound_norm=0.629916, free_norm=0.370084 + 0.0im
     | block_size = 200 
[TDSE] Runing TDSE-SH-linear (length gauge, dipole form). step 17800 energy = 0.1114891588160443, norm_value = 1.0 + 0.0im, bound_norm=0.626942, free_norm=0.373058 + 0.0im
     | block_size = 200 
[TDSE] Runing TDSE-SH-linear (length gauge, dipole form). step 18000 energy = 0.23315682615420744, norm_value = 1.0 + 0.0im, bound_norm=0.62369, free_norm=0.37631 + 0.0im
     | block_size = 200 
[TDSE] Runing TDSE-SH-linear (length gauge, dipole form). step 18200 energy = 0.4142606960239607, norm_value = 1.0 + 0.0im, bound_norm=0.62226, free_norm=0.37774 + 0.0im
     | block_size = 200 
[TDSE] Runing TDSE-SH-linear (length gauge, dipole form). step 18400 energy = 0.5875049095644053, norm_value = 1.0 + 0.0im, bound_norm=0.622003, free_norm=0.377997 + 0.0im
     | block_size = 200 
[TDSE] Runing TDSE-SH-linear (length gauge, dipole form). step 18600 energy = 0.6978962607768637, norm_value = 1.0 + 0.0im, bound_norm=0.622339, free_norm=0.377661 + 0.0im
     | block_size = 200 
[TDSE] Runing TDSE-SH-linear (length gauge, dipole form). step 18800 energy = 0.7167590750509222, norm_value = 1.0 + 0.0im, bound_norm=0.622332, free_norm=0.377668 + 0.0im
     | block_size = 200 
[TDSE] Runing TDSE-SH-linear (length gauge, dipole form). step 19000 energy = 0.6448418907560565, norm_value = 1.0 + 0.0im, bound_norm=0.622201, free_norm=0.377799 + 0.0im
     | block_size = 200 
[TDSE] Runing TDSE-SH-linear (length gauge, dipole form). step 19200 energy = 0.5089896524613515, norm_value = 1.0 + 0.0im, bound_norm=0.622005, free_norm=0.377995 + 0.0im
     | block_size = 200 
[TDSE] Runing TDSE-SH-linear (length gauge, dipole form). step 19400 energy = 0.3520100328720552, norm_value = 1.0 + 0.0im, bound_norm=0.621643, free_norm=0.378357 + 0.0im
     | block_size = 200 
[TDSE] Runing TDSE-SH-linear (length gauge, dipole form). step 19600 energy = 0.21817680764692546, norm_value = 1.0 + 0.0im, bound_norm=0.62175, free_norm=0.37825 + 0.0im
     | block_size = 200 
[TDSE] Runing TDSE-SH-linear (length gauge, dipole form). step 19800 energy = 0.1371094025103973, norm_value = 1.0 + 0.0im, bound_norm=0.622681, free_norm=0.377319 + 0.0im
     | block_size = 200 
[TDSE] Runing TDSE-SH-linear (length gauge, dipole form). step 20000 energy = 0.11664686100625009, norm_value = 1.0 + 0.0im, bound_norm=0.622743, free_norm=0.377257 + 0.0im
     | block_size = 200 
[TDSE] Runing TDSE-SH-linear (length gauge, dipole form). step 20200 energy = 0.14724581562777725, norm_value = 1.0 + 0.0im, bound_norm=0.622016, free_norm=0.377984 + 0.0im
     | block_size = 200 
[TDSE] Runing TDSE-SH-linear (length gauge, dipole form). step 20400 energy = 0.20549008480015107, norm_value = 1.0 + 0.0im, bound_norm=0.621865, free_norm=0.378135 + 0.0im
     | block_size = 200 
[TDSE] Runing TDSE-SH-linear (length gauge, dipole form). step 20600 energy = 0.2652123046756186, norm_value = 1.0 + 0.0im, bound_norm=0.622079, free_norm=0.377921 + 0.0im
     | block_size = 200 
[TDSE] Runing TDSE-SH-linear (length gauge, dipole form). step 20800 energy = 0.3040057429529501, norm_value = 1.0 + 0.0im, bound_norm=0.622115, free_norm=0.377885 + 0.0im
     | block_size = 200 
[TDSE] Runing TDSE-SH-linear (length gauge, dipole form). step 21000 energy = 0.31131914788507736, norm_value = 1.0 + 0.0im, bound_norm=0.622132, free_norm=0.377868 + 0.0im
     | block_size = 200 
[TDSE] Runing TDSE-SH-linear (length gauge, dipole form). step 21200 energy = 0.28811591074355525, norm_value = 1.0 + 0.0im, bound_norm=0.622084, free_norm=0.377916 + 0.0im
     | block_size = 200 
[TDSE] Runing TDSE-SH-linear (length gauge, dipole form). step 21400 energy = 0.24487304771915325, norm_value = 1.0 + 0.0im, bound_norm=0.621958, free_norm=0.378042 + 0.0im
     | block_size = 200 
[TDSE] Runing TDSE-SH-linear (length gauge, dipole form). step 21600 energy = 0.19573433752301558, norm_value = 1.0 + 0.0im, bound_norm=0.621956, free_norm=0.378044 + 0.0im
     | block_size = 200 
[TDSE] Runing TDSE-SH-linear (length gauge, dipole form). step 21800 energy = 0.15383992806040006, norm_value = 1.0 + 0.0im, bound_norm=0.622617, free_norm=0.377383 + 0.0im
     | block_size = 200 
[TDSE] Runing TDSE-SH-linear (length gauge, dipole form). step 22000 energy = 0.12654525116308163, norm_value = 1.0 + 0.0im, bound_norm=0.622622, free_norm=0.377378 + 0.0im
     | block_size = 200 
[TDSE] Runing TDSE-SH-linear (length gauge, dipole form). step 22200 energy = 0.11544755176898877, norm_value = 1.0 + 0.0im, bound_norm=0.622132, free_norm=0.377868 + 0.0im
     | block_size = 200 
[TDSE] Runing TDSE-SH-linear (length gauge, dipole form). step 22400 energy = 0.11740481905101183, norm_value = 1.0 + 0.0im, bound_norm=0.622488, free_norm=0.377512 + 0.0im
     | block_size = 200 
[TDSE] Runing TDSE-SH-linear (length gauge, dipole form). step 22600 energy = 0.12627074055113324, norm_value = 1.0 + 0.0im, bound_norm=0.622694, free_norm=0.377306 + 0.0im
     | block_size = 200 
[TDSE] Runing TDSE-SH-linear (length gauge, dipole form). step 22800 energy = 0.13592289470982788, norm_value = 1.0 + 0.0im, bound_norm=0.622504, free_norm=0.377496 + 0.0im
     | block_size = 200 
[TDSE] Runing TDSE-SH-linear (length gauge, dipole form). step 23000 energy = 0.14229350625201453, norm_value = 1.0 + 0.0im, bound_norm=0.622459, free_norm=0.377541 + 0.0im
     | block_size = 200 
[TDSE] Runing TDSE-SH-linear (length gauge, dipole form). step 23200 energy = 0.14354634450468343, norm_value = 1.0 + 0.0im, bound_norm=0.622401, free_norm=0.377599 + 0.0im
     | block_size = 200 
[TDSE] Runing TDSE-SH-linear (length gauge, dipole form). step 23400 energy = 0.14029134108790875, norm_value = 1.0 + 0.0im, bound_norm=0.622449, free_norm=0.377551 + 0.0im
     | block_size = 200 
[TDSE] Runing TDSE-SH-linear (length gauge, dipole form). step 23600 energy = 0.13430655237726916, norm_value = 1.0 + 0.0im, bound_norm=0.622485, free_norm=0.377515 + 0.0im
     | block_size = 200 
[TDSE] Runing TDSE-SH-linear (length gauge, dipole form). step 23800 energy = 0.1278268618694243, norm_value = 1.0 + 0.0im, bound_norm=0.622634, free_norm=0.377366 + 0.0im
     | block_size = 200 
[TDSE] Runing TDSE-SH-linear (length gauge, dipole form). step 24000 energy = 0.12233625602582066, norm_value = 1.0 + 0.0im, bound_norm=0.622643, free_norm=0.377357 + 0.0im
     | block_size = 200 
[TDSE] Runing TDSE-SH-linear (length gauge, dipole form). step 24200 energy = 0.11842091219458634, norm_value = 1.0 + 0.0im, bound_norm=0.622345, free_norm=0.377655 + 0.0im
     | block_size = 200 
[TDSE] Runing TDSE-SH-linear (length gauge, dipole form). step 24400 energy = 0.11616461168929795, norm_value = 1.0 + 0.0im, bound_norm=0.622252, free_norm=0.377748 + 0.0im
     | block_size = 200 
[TDSE] Runing TDSE-SH-linear (length gauge, dipole form). step 24600 energy = 0.11515567046147966, norm_value = 1.0 + 0.0im, bound_norm=0.622245, free_norm=0.377755 + 0.0im
     | block_size = 200 
[TDSE] Runing TDSE-SH-linear (length gauge, dipole form). step 24800 energy = 0.11475141854909135, norm_value = 1.0 + 0.0im, bound_norm=0.622256, free_norm=0.377744 + 0.0im
     | block_size = 200 
[TDSE] Runing TDSE-SH-linear (length gauge, dipole form). step 25000 energy = 0.11467165174213563, norm_value = 1.0 + 0.0im, bound_norm=0.622281, free_norm=0.377719 + 0.0im
     | block_size = 200 
[TDSE] Runing TDSE-SH-linear (length gauge, dipole form). step 25200 energy = 0.11466452268855055, norm_value = 1.0 + 0.0im, bound_norm=0.622294, free_norm=0.377706 + 0.0im
     | block_size = 200 
[TDSE] Runing TDSE-SH-linear (length gauge, dipole form). step 25400 energy = 0.11466763129281558, norm_value = 1.0 + 0.0im, bound_norm=0.622292, free_norm=0.377708 + 0.0im
     | block_size = 200 
[TDSE] Runing TDSE-SH-linear (length gauge, dipole form). step 25600 energy = 0.11466420816671198, norm_value = 1.0 + 0.0im, bound_norm=0.622292, free_norm=0.377708 + 0.0im
     | block_size = 200 
[TDSE] Runing TDSE-SH-linear (length gauge, dipole form). step 25800 energy = 0.11466484471066837, norm_value = 1.0 + 0.0im, bound_norm=0.622297, free_norm=0.377703 + 0.0im
     | block_size = 200 
[TDSE] Runing TDSE-SH-linear (length gauge, dipole form). step 26000 energy = 0.11466383552928015, norm_value = 1.0 + 0.0im, bound_norm=0.6223, free_norm=0.3777 + 0.0im
     | block_size = 200 
[TDSE] Runing TDSE-SH-linear (length gauge, dipole form). step 26200 energy = 0.11466685049776858, norm_value = 1.0 + 0.0im, bound_norm=0.622301, free_norm=0.377699 + 0.0im
     | block_size = 200 
[TDSE] Runing TDSE-SH-linear (length gauge, dipole form). step 26400 energy = 0.1146675298474006, norm_value = 1.0 + 0.0im, bound_norm=0.622302, free_norm=0.377698 + 0.0im
     | block_size = 200 
Sample 2026_5_15_hg_massive_0.0875_0.0_0.0285_6.0_short_range does not exist. Exceute a new sample.
[ITP]: 10000.496424741636
[ITP]: 3.468948764850932e-6
[ITP]: 2.0119768988635656e-6
[ITP]: 1.2363970314233086e-6
[ITP]: 7.802127368616851e-7
[ITP]: 5.004886823867238e-7
[ITP]: 3.247063635747338e-7
[ITP]: 2.1241854042397534e-7
[ITP]: 1.3984492786001113e-7
[ITP]: 9.25260389417204e-8
[ITP]: 6.146357944825098e-8
[ITP]: 4.0962812142275595e-8
[ITP]: 2.737382170936442e-8
[ITP]: 1.8334269435982264e-8
[ITP]: 1.2303307206362746e-8
[ITP]: 8.269649631742482e-9
[ITP]: 5.566198502116038e-9
[ITP]: 3.7510526906814334e-9
[ITP]: 2.530471499007092e-9
[ITP]: 1.7086173587088638e-9
[ITP]: 1.154605577813328e-9
[ITP]: 7.807770541212733e-10
[ITP]: 5.283077308959605e-10
[ITP]: 3.576713369923823e-10
[ITP]: 2.422650968725293e-10
[ITP]: 1.6416579207145787e-10
[ITP]: 1.1128536980820058e-10
[ITP]: 7.546496760824084e-11
[ITP]: 5.119060730862657e-11
[ITP]: 3.4733049769641866e-11
[ITP]: 2.3571977703085167e-11
[ITP]: 1.6002199565434694e-11
[ITP]: 1.086369882941085e-11
[ITP]: 7.378653243961253e-12
[ITP]: 5.010714065889488e-12
[ITP]: 3.4039993046519612e-12
[ITP]: 2.313038649504051e-12
[ITP]: 1.570410468332284e-12
[ITP]: 1.0681455719918631e-12
[ITP]: 7.265299473147024e-13
[ITP]: 4.919398222114069e-13
[ITP]: 3.346212196220222e-13
[ITP]: 2.2842838731662596e-13
[ITP]: 1.5498713423767185e-13
[ITP]: 1.0536016503692736e-13
[ITP]: 7.188694084447889e-14
[ITP]: 4.801714581503802e-14
[ITP]: 3.347322419244847e-14
[ITP]: 2.3148150063434514e-14
[ITP]: 1.4432899320127035e-14
[ITP]: 1.1102230246251565e-14
[ITP]: 7.16093850883226e-15
[ITP]: 4.440892098500626e-15
[ITP]: 2.6645352591003757e-15
[ITP]: 2.831068712794149e-15
[ITP]: 1.4988010832439613e-15
[ITP]: 6.661338147750939e-16
[ITP]: 7.771561172376096e-16
[ITP]: 5.551115123125783e-16
[ITP]: 2.220446049250313e-16
[ITP]: 4.440892098500626e-16
[ITP]: 6.106226635438361e-16
[ITP]: 7.216449660063518e-16
[ITP]: 4.440892098500626e-16
[ITP]: 4.440892098500626e-16
[ITP]: 3.3306690738754696e-16
[ITP]: 1.1102230246251565e-15
[ITP]: 1.1102230246251565e-16
[ITP]: 7.216449660063518e-16
[ITP]: 1.1102230246251565e-16
[ITP]: 8.326672684688674e-16
[ITP]: 7.216449660063518e-16
[ITP]: 2.7755575615628914e-16
[ITP]: 4.996003610813204e-16
[ITP]: 4.440892098500626e-16
[ITP]: 4.440892098500626e-16
[ITP]: 1.6653345369377348e-16
[ITP]: 4.996003610813204e-16
[ITP]: 1.1657341758564144e-15
[ITP]: 1.1102230246251565e-16
[ITP]: 0.0
[TDSE] Runing TDSE-SH-linear (length gauge, dipole form). step 0 energy = -0.4964336949924361, norm_value = 1.0 + 0.0im, bound_norm=1.0, free_norm=0.0 + 0.0im
     | block_size = 3 
[TDSE] Runing TDSE-SH-linear (length gauge, dipole form). step 200 energy = -0.49643368993613235, norm_value = 1.0 + 0.0im, bound_norm=1.0, free_norm=0.0 + 0.0im
     | block_size = 3 
[TDSE] Runing TDSE-SH-linear (length gauge, dipole form). step 400 energy = -0.49643363249975625, norm_value = 1.0 + 0.0im, bound_norm=1.0, free_norm=0.0 + 0.0im
     | block_size = 4 
[TDSE] Runing TDSE-SH-linear (length gauge, dipole form). step 600 energy = -0.49643349758099603, norm_value = 1.0 + 0.0im, bound_norm=1.0, free_norm=0.0 + 0.0im
     | block_size = 4 
[TDSE] Runing TDSE-SH-linear (length gauge, dipole form). step 800 energy = -0.4964334474735919, norm_value = 1.0 + 0.0im, bound_norm=1.0, free_norm=0.0 + 0.0im
     | block_size = 4 
[TDSE] Runing TDSE-SH-linear (length gauge, dipole form). step 1000 energy = -0.496433598903439, norm_value = 1.0 + 0.0im, bound_norm=1.0, free_norm=0.0 + 0.0im
     | block_size = 4 
[TDSE] Runing TDSE-SH-linear (length gauge, dipole form). step 1200 energy = -0.4964335386955293, norm_value = 1.0 + 0.0im, bound_norm=1.0, free_norm=0.0 + 0.0im
     | block_size = 4 
[TDSE] Runing TDSE-SH-linear (length gauge, dipole form). step 1400 energy = -0.49643151637808147, norm_value = 1.0 + 0.0im, bound_norm=0.999999, free_norm=1.0e-6 + 0.0im
     | block_size = 4 
[TDSE] Runing TDSE-SH-linear (length gauge, dipole form). step 1600 energy = -0.4964245750404669, norm_value = 1.0 + 0.0im, bound_norm=0.999997, free_norm=3.0e-6 + 0.0im
     | block_size = 5 
[TDSE] Runing TDSE-SH-linear (length gauge, dipole form). step 1800 energy = -0.49640947021398385, norm_value = 1.0 + 0.0im, bound_norm=0.999993, free_norm=7.0e-6 + 0.0im
     | block_size = 7 
[TDSE] Runing TDSE-SH-linear (length gauge, dipole form). step 2000 energy = -0.4963859905157353, norm_value = 1.0 + 0.0im, bound_norm=0.999985, free_norm=1.5e-5 + 0.0im
     | block_size = 10 
[TDSE] Runing TDSE-SH-linear (length gauge, dipole form). step 2200 energy = -0.496357888952894, norm_value = 1.0 + 0.0im, bound_norm=0.999977, free_norm=2.3e-5 + 0.0im
     | block_size = 14 
[TDSE] Runing TDSE-SH-linear (length gauge, dipole form). step 2400 energy = -0.49633505168118075, norm_value = 1.0 + 0.0im, bound_norm=0.99997, free_norm=3.0e-5 + 0.0im
     | block_size = 19 
[TDSE] Runing TDSE-SH-linear (length gauge, dipole form). step 2600 energy = -0.4963294883716285, norm_value = 1.0 + 0.0im, bound_norm=0.999968, free_norm=3.2e-5 + 0.0im
     | block_size = 24 
[TDSE] Runing TDSE-SH-linear (length gauge, dipole form). step 2800 energy = -0.4963482961580648, norm_value = 1.0 + 0.0im, bound_norm=0.999974, free_norm=2.6e-5 + 0.0im
     | block_size = 29 
[TDSE] Runing TDSE-SH-linear (length gauge, dipole form). step 3000 energy = -0.49638733871946955, norm_value = 1.0 + 0.0im, bound_norm=0.999986, free_norm=1.4e-5 + 0.0im
     | block_size = 34 
[TDSE] Runing TDSE-SH-linear (length gauge, dipole form). step 3200 energy = -0.49642469847949927, norm_value = 1.0 + 0.0im, bound_norm=0.999997, free_norm=3.0e-6 + 0.0im
     | block_size = 37 
[TDSE] Runing TDSE-SH-linear (length gauge, dipole form). step 3400 energy = -0.49642489817710894, norm_value = 1.0 + 0.0im, bound_norm=0.999998, free_norm=2.0e-6 + 0.0im
     | block_size = 37 
[TDSE] Runing TDSE-SH-linear (length gauge, dipole form). step 3600 energy = -0.4963493819151792, norm_value = 1.0 + 0.0im, bound_norm=0.999974, free_norm=2.6e-5 + 0.0im
     | block_size = 33 
[TDSE] Runing TDSE-SH-linear (length gauge, dipole form). step 3800 energy = -0.49617431540761986, norm_value = 1.0 + 0.0im, bound_norm=0.999921, free_norm=7.9e-5 + 0.0im
     | block_size = 25 
[TDSE] Runing TDSE-SH-linear (length gauge, dipole form). step 4000 energy = -0.49590694461472246, norm_value = 1.0 + 0.0im, bound_norm=0.999841, free_norm=0.000159 + 0.0im
     | block_size = 14 
[TDSE] Runing TDSE-SH-linear (length gauge, dipole form). step 4200 energy = -0.4955992631536432, norm_value = 1.0 + 0.0im, bound_norm=0.999752, free_norm=0.000248 + 0.0im
     | block_size = 22 
[TDSE] Runing TDSE-SH-linear (length gauge, dipole form). step 4400 energy = -0.49534172934094245, norm_value = 1.0 + 0.0im, bound_norm=0.99968, free_norm=0.00032 + 0.0im
     | block_size = 32 
[TDSE] Runing TDSE-SH-linear (length gauge, dipole form). step 4600 energy = -0.4952375802288953, norm_value = 1.0 + 0.0im, bound_norm=0.999652, free_norm=0.000348 + 0.0im
     | block_size = 42 
[TDSE] Runing TDSE-SH-linear (length gauge, dipole form). step 4800 energy = -0.4953545268583669, norm_value = 1.0 + 0.0im, bound_norm=0.999685, free_norm=0.000315 + 0.0im
     | block_size = 52 
[TDSE] Runing TDSE-SH-linear (length gauge, dipole form). step 5000 energy = -0.4956718223426175, norm_value = 1.0 + 0.0im, bound_norm=0.999774, free_norm=0.000226 + 0.0im
     | block_size = 62 
[TDSE] Runing TDSE-SH-linear (length gauge, dipole form). step 5200 energy = -0.49606987882527226, norm_value = 1.0 + 0.0im, bound_norm=0.999891, free_norm=0.000109 + 0.0im
     | block_size = 72 
[TDSE] Runing TDSE-SH-linear (length gauge, dipole form). step 5400 energy = -0.49636916903207035, norm_value = 1.0 + 0.0im, bound_norm=0.999982, free_norm=1.8e-5 + 0.0im
     | block_size = 80 
[TDSE] Runing TDSE-SH-linear (length gauge, dipole form). step 5600 energy = -0.4963837969218379, norm_value = 1.0 + 0.0im, bound_norm=0.999986, free_norm=1.4e-5 + 0.0im
     | block_size = 80 
[TDSE] Runing TDSE-SH-linear (length gauge, dipole form). step 5800 energy = -0.4959763205224804, norm_value = 1.0 + 0.0im, bound_norm=0.999862, free_norm=0.000138 + 0.0im
     | block_size = 74 
[TDSE] Runing TDSE-SH-linear (length gauge, dipole form). step 6000 energy = -0.4951001989168523, norm_value = 1.0 + 0.0im, bound_norm=0.999611, free_norm=0.000389 + 0.0im
     | block_size = 75 
[TDSE] Runing TDSE-SH-linear (length gauge, dipole form). step 6200 energy = -0.49383995335406783, norm_value = 1.0 + 0.0im, bound_norm=0.999291, free_norm=0.000709 + 0.0im
     | block_size = 85 
[TDSE] Runing TDSE-SH-linear (length gauge, dipole form). step 6400 energy = -0.49244493397778494, norm_value = 1.0 + 0.0im, bound_norm=0.999, free_norm=0.001 + 0.0im
     | block_size = 95 
[TDSE] Runing TDSE-SH-linear (length gauge, dipole form). step 6600 energy = -0.49134020268994594, norm_value = 1.0 + 0.0im, bound_norm=0.998818, free_norm=0.001182 + 0.0im
     | block_size = 105 
[TDSE] Runing TDSE-SH-linear (length gauge, dipole form). step 6800 energy = -0.4910312708410561, norm_value = 1.0 + 0.0im, bound_norm=0.998741, free_norm=0.001259 + 0.0im
     | block_size = 115 
[TDSE] Runing TDSE-SH-linear (length gauge, dipole form). step 7000 energy = -0.49181053169885086, norm_value = 1.0 + 0.0im, bound_norm=0.998741, free_norm=0.001259 + 0.0im
     | block_size = 125 
[TDSE] Runing TDSE-SH-linear (length gauge, dipole form). step 7200 energy = -0.49335593305771874, norm_value = 1.0 + 0.0im, bound_norm=0.998883, free_norm=0.001117 + 0.0im
     | block_size = 135 
[TDSE] Runing TDSE-SH-linear (length gauge, dipole form). step 7400 energy = -0.4948316805870433, norm_value = 1.0 + 0.0im, bound_norm=0.999277, free_norm=0.000723 + 0.0im
     | block_size = 145 
[TDSE] Runing TDSE-SH-linear (length gauge, dipole form). step 7600 energy = -0.4957251024773449, norm_value = 1.0 + 0.0im, bound_norm=0.999579, free_norm=0.000421 + 0.0im
     | block_size = 155 
[TDSE] Runing TDSE-SH-linear (length gauge, dipole form). step 7800 energy = -0.4957963907371821, norm_value = 1.0 + 0.0im, bound_norm=0.999592, free_norm=0.000408 + 0.0im
     | block_size = 157 
[TDSE] Runing TDSE-SH-linear (length gauge, dipole form). step 8000 energy = -0.49478578147551155, norm_value = 1.0 + 0.0im, bound_norm=0.999279, free_norm=0.000721 + 0.0im
     | block_size = 160 
[TDSE] Runing TDSE-SH-linear (length gauge, dipole form). step 8200 energy = -0.492544203145041, norm_value = 1.0 + 0.0im, bound_norm=0.998726, free_norm=0.001274 + 0.0im
     | block_size = 170 
[TDSE] Runing TDSE-SH-linear (length gauge, dipole form). step 8400 energy = -0.4888913903044071, norm_value = 1.0 + 0.0im, bound_norm=0.997955, free_norm=0.002045 + 0.0im
     | block_size = 180 
[TDSE] Runing TDSE-SH-linear (length gauge, dipole form). step 8600 energy = -0.48376784258163447, norm_value = 1.0 + 0.0im, bound_norm=0.99667, free_norm=0.00333 + 0.0im
     | block_size = 190 
[TDSE] Runing TDSE-SH-linear (length gauge, dipole form). step 8800 energy = -0.4767474963586147, norm_value = 1.0 + 0.0im, bound_norm=0.992625, free_norm=0.007375 + 0.0im
     | block_size = 200 
[TDSE] Runing TDSE-SH-linear (length gauge, dipole form). step 9000 energy = -0.4671327083398926, norm_value = 1.0 + 0.0im, bound_norm=0.985083, free_norm=0.014917 + 0.0im
     | block_size = 200 
[TDSE] Runing TDSE-SH-linear (length gauge, dipole form). step 9200 energy = -0.45494157611228636, norm_value = 1.0 + 0.0im, bound_norm=0.977497, free_norm=0.022503 + 0.0im
     | block_size = 200 
[TDSE] Runing TDSE-SH-linear (length gauge, dipole form). step 9400 energy = -0.4415799949882728, norm_value = 1.0 + 0.0im, bound_norm=0.972946, free_norm=0.027054 + 0.0im
     | block_size = 200 
[TDSE] Runing TDSE-SH-linear (length gauge, dipole form). step 9600 energy = -0.42856853357101965, norm_value = 1.0 + 0.0im, bound_norm=0.971135, free_norm=0.028865 + 0.0im
     | block_size = 200 
[TDSE] Runing TDSE-SH-linear (length gauge, dipole form). step 9800 energy = -0.4187765441088816, norm_value = 1.0 + 0.0im, bound_norm=0.971557, free_norm=0.028443 + 0.0im
     | block_size = 200 
[TDSE] Runing TDSE-SH-linear (length gauge, dipole form). step 10000 energy = -0.4176914577785682, norm_value = 1.0 + 0.0im, bound_norm=0.971589, free_norm=0.028411 + 0.0im
     | block_size = 200 
[TDSE] Runing TDSE-SH-linear (length gauge, dipole form). step 10200 energy = -0.42632464172626994, norm_value = 1.0 + 0.0im, bound_norm=0.971046, free_norm=0.028954 + 0.0im
     | block_size = 200 
[TDSE] Runing TDSE-SH-linear (length gauge, dipole form). step 10400 energy = -0.4396050057892801, norm_value = 1.0 + 0.0im, bound_norm=0.970038, free_norm=0.029962 + 0.0im
     | block_size = 200 
[TDSE] Runing TDSE-SH-linear (length gauge, dipole form). step 10600 energy = -0.44968267905014464, norm_value = 1.0 + 0.0im, bound_norm=0.967858, free_norm=0.032142 + 0.0im
     | block_size = 200 
[TDSE] Runing TDSE-SH-linear (length gauge, dipole form). step 10800 energy = -0.4438540210843886, norm_value = 1.0 + 0.0im, bound_norm=0.958403, free_norm=0.041597 + 0.0im
     | block_size = 200 
[TDSE] Runing TDSE-SH-linear (length gauge, dipole form). step 11000 energy = -0.4053651110911153, norm_value = 1.0 + 0.0im, bound_norm=0.93246, free_norm=0.06754 + 0.0im
     | block_size = 200 
[TDSE] Runing TDSE-SH-linear (length gauge, dipole form). step 11200 energy = -0.31617683467048663, norm_value = 1.0 + 0.0im, bound_norm=0.895221, free_norm=0.104779 + 0.0im
     | block_size = 200 
[TDSE] Runing TDSE-SH-linear (length gauge, dipole form). step 11400 energy = -0.1714506861662372, norm_value = 1.0 + 0.0im, bound_norm=0.863355, free_norm=0.136645 + 0.0im
     | block_size = 200 
[TDSE] Runing TDSE-SH-linear (length gauge, dipole form). step 11600 energy = 0.005956096539545676, norm_value = 1.0 + 0.0im, bound_norm=0.846168, free_norm=0.153832 + 0.0im
     | block_size = 200 
[TDSE] Runing TDSE-SH-linear (length gauge, dipole form). step 11800 energy = 0.17141054427708521, norm_value = 1.0 + 0.0im, bound_norm=0.839519, free_norm=0.160481 + 0.0im
     | block_size = 200 
[TDSE] Runing TDSE-SH-linear (length gauge, dipole form). step 12000 energy = 0.27888079653515113, norm_value = 1.0 + 0.0im, bound_norm=0.838356, free_norm=0.161644 + 0.0im
     | block_size = 200 
[TDSE] Runing TDSE-SH-linear (length gauge, dipole form). step 12200 energy = 0.29198554727175097, norm_value = 1.0 + 0.0im, bound_norm=0.838604, free_norm=0.161396 + 0.0im
     | block_size = 200 
[TDSE] Runing TDSE-SH-linear (length gauge, dipole form). step 12400 energy = 0.2044390853528496, norm_value = 1.0 + 0.0im, bound_norm=0.838198, free_norm=0.161802 + 0.0im
     | block_size = 200 
[TDSE] Runing TDSE-SH-linear (length gauge, dipole form). step 12600 energy = 0.04763562261652597, norm_value = 1.0 + 0.0im, bound_norm=0.836272, free_norm=0.163728 + 0.0im
     | block_size = 200 
[TDSE] Runing TDSE-SH-linear (length gauge, dipole form). step 12800 energy = -0.12126920812235002, norm_value = 1.0 + 0.0im, bound_norm=0.833021, free_norm=0.166979 + 0.0im
     | block_size = 200 
[TDSE] Runing TDSE-SH-linear (length gauge, dipole form). step 13000 energy = -0.23005834727254026, norm_value = 1.0 + 0.0im, bound_norm=0.816831, free_norm=0.183169 + 0.0im
     | block_size = 200 
[TDSE] Runing TDSE-SH-linear (length gauge, dipole form). step 13200 energy = -0.21279251323541595, norm_value = 1.0 + 0.0im, bound_norm=0.779668, free_norm=0.220332 + 0.0im
     | block_size = 200 
[TDSE] Runing TDSE-SH-linear (length gauge, dipole form). step 13400 energy = -0.026641133378403275, norm_value = 1.0 + 0.0im, bound_norm=0.732878, free_norm=0.267122 + 0.0im
     | block_size = 200 
[TDSE] Runing TDSE-SH-linear (length gauge, dipole form). step 13600 energy = 0.31971227039981776, norm_value = 1.0 + 0.0im, bound_norm=0.69554, free_norm=0.30446 + 0.0im
     | block_size = 200 
[TDSE] Runing TDSE-SH-linear (length gauge, dipole form). step 13800 energy = 0.7488270534298552, norm_value = 1.0 + 0.0im, bound_norm=0.676415, free_norm=0.323585 + 0.0im
     | block_size = 200 
[TDSE] Runing TDSE-SH-linear (length gauge, dipole form). step 14000 energy = 1.1419989856934496, norm_value = 1.0 + 0.0im, bound_norm=0.669375, free_norm=0.330625 + 0.0im
     | block_size = 200 
[TDSE] Runing TDSE-SH-linear (length gauge, dipole form). step 14200 energy = 1.3904513082166845, norm_value = 1.0 + 0.0im, bound_norm=0.667881, free_norm=0.332119 + 0.0im
     | block_size = 200 
[TDSE] Runing TDSE-SH-linear (length gauge, dipole form). step 14400 energy = 1.4247365548941813, norm_value = 1.0 + 0.0im, bound_norm=0.668112, free_norm=0.331888 + 0.0im
     | block_size = 200 
[TDSE] Runing TDSE-SH-linear (length gauge, dipole form). step 14600 energy = 1.237339751048217, norm_value = 1.0 + 0.0im, bound_norm=0.667963, free_norm=0.332037 + 0.0im
     | block_size = 200 
[TDSE] Runing TDSE-SH-linear (length gauge, dipole form). step 14800 energy = 0.8911383278725968, norm_value = 1.0 + 0.0im, bound_norm=0.665852, free_norm=0.334148 + 0.0im
     | block_size = 200 
[TDSE] Runing TDSE-SH-linear (length gauge, dipole form). step 15000 energy = 0.5003948660886192, norm_value = 1.0 + 0.0im, bound_norm=0.664383, free_norm=0.335617 + 0.0im
     | block_size = 200 
[TDSE] Runing TDSE-SH-linear (length gauge, dipole form). step 15200 energy = 0.19528669970568585, norm_value = 1.0 + 0.0im, bound_norm=0.655388, free_norm=0.344612 + 0.0im
     | block_size = 200 
[TDSE] Runing TDSE-SH-linear (length gauge, dipole form). step 15400 energy = 0.07483564656346423, norm_value = 1.0 + 0.0im, bound_norm=0.634919, free_norm=0.365081 + 0.0im
     | block_size = 200 
[TDSE] Runing TDSE-SH-linear (length gauge, dipole form). step 15600 energy = 0.18106990433596115, norm_value = 1.0 + 0.0im, bound_norm=0.608935, free_norm=0.391065 + 0.0im
     | block_size = 200 
[TDSE] Runing TDSE-SH-linear (length gauge, dipole form). step 15800 energy = 0.48414842860316587, norm_value = 1.0 + 0.0im, bound_norm=0.588059, free_norm=0.411941 + 0.0im
     | block_size = 200 
[TDSE] Runing TDSE-SH-linear (length gauge, dipole form). step 16000 energy = 0.8881441596501403, norm_value = 1.0 + 0.0im, bound_norm=0.578478, free_norm=0.421522 + 0.0im
     | block_size = 200 
[TDSE] Runing TDSE-SH-linear (length gauge, dipole form). step 16200 energy = 1.264985167751184, norm_value = 1.0 + 0.0im, bound_norm=0.574902, free_norm=0.425098 + 0.0im
     | block_size = 200 
[TDSE] Runing TDSE-SH-linear (length gauge, dipole form). step 16400 energy = 1.5050214705801244, norm_value = 1.0 + 0.0im, bound_norm=0.574591, free_norm=0.425409 + 0.0im
     | block_size = 200 
[TDSE] Runing TDSE-SH-linear (length gauge, dipole form). step 16600 energy = 1.5422457062419304, norm_value = 1.0 + 0.0im, bound_norm=0.574682, free_norm=0.425318 + 0.0im
     | block_size = 200 
[TDSE] Runing TDSE-SH-linear (length gauge, dipole form). step 16800 energy = 1.3735226061152055, norm_value = 1.0 + 0.0im, bound_norm=0.574553, free_norm=0.425447 + 0.0im
     | block_size = 200 
[TDSE] Runing TDSE-SH-linear (length gauge, dipole form). step 17000 energy = 1.0588957432563242, norm_value = 1.0 + 0.0im, bound_norm=0.5734, free_norm=0.4266 + 0.0im
     | block_size = 200 
[TDSE] Runing TDSE-SH-linear (length gauge, dipole form). step 17200 energy = 0.699714468580569, norm_value = 1.0 + 0.0im, bound_norm=0.573208, free_norm=0.426792 + 0.0im
     | block_size = 200 
[TDSE] Runing TDSE-SH-linear (length gauge, dipole form). step 17400 energy = 0.40596173925959816, norm_value = 1.0 + 0.0im, bound_norm=0.571727, free_norm=0.428273 + 0.0im
     | block_size = 200 
[TDSE] Runing TDSE-SH-linear (length gauge, dipole form). step 17600 energy = 0.2535868822187965, norm_value = 1.0 + 0.0im, bound_norm=0.5682, free_norm=0.4318 + 0.0im
     | block_size = 200 
[TDSE] Runing TDSE-SH-linear (length gauge, dipole form). step 17800 energy = 0.26520128858647474, norm_value = 1.0 + 0.0im, bound_norm=0.564065, free_norm=0.435935 + 0.0im
     | block_size = 200 
[TDSE] Runing TDSE-SH-linear (length gauge, dipole form). step 18000 energy = 0.41540467527223174, norm_value = 1.0 + 0.0im, bound_norm=0.560367, free_norm=0.439633 + 0.0im
     | block_size = 200 
[TDSE] Runing TDSE-SH-linear (length gauge, dipole form). step 18200 energy = 0.6377317906657742, norm_value = 1.0 + 0.0im, bound_norm=0.558716, free_norm=0.441284 + 0.0im
     | block_size = 200 
[TDSE] Runing TDSE-SH-linear (length gauge, dipole form). step 18400 energy = 0.8502199401223665, norm_value = 1.0 + 0.0im, bound_norm=0.558317, free_norm=0.441683 + 0.0im
     | block_size = 200 
[TDSE] Runing TDSE-SH-linear (length gauge, dipole form). step 18600 energy = 0.9856870806928678, norm_value = 1.0 + 0.0im, bound_norm=0.558634, free_norm=0.441366 + 0.0im
     | block_size = 200 
[TDSE] Runing TDSE-SH-linear (length gauge, dipole form). step 18800 energy = 1.0088332734303964, norm_value = 1.0 + 0.0im, bound_norm=0.558623, free_norm=0.441377 + 0.0im
     | block_size = 200 
[TDSE] Runing TDSE-SH-linear (length gauge, dipole form). step 19000 energy = 0.9206175820969569, norm_value = 1.0 + 0.0im, bound_norm=0.558508, free_norm=0.441492 + 0.0im
     | block_size = 200 
[TDSE] Runing TDSE-SH-linear (length gauge, dipole form). step 19200 energy = 0.7541553055205252, norm_value = 1.0 + 0.0im, bound_norm=0.558323, free_norm=0.441677 + 0.0im
     | block_size = 200 
[TDSE] Runing TDSE-SH-linear (length gauge, dipole form). step 19400 energy = 0.5620218444571572, norm_value = 1.0 + 0.0im, bound_norm=0.557989, free_norm=0.442011 + 0.0im
     | block_size = 200 
[TDSE] Runing TDSE-SH-linear (length gauge, dipole form). step 19600 energy = 0.39820331679953214, norm_value = 1.0 + 0.0im, bound_norm=0.558086, free_norm=0.441914 + 0.0im
     | block_size = 200 
[TDSE] Runing TDSE-SH-linear (length gauge, dipole form). step 19800 energy = 0.2992346323059955, norm_value = 1.0 + 0.0im, bound_norm=0.558517, free_norm=0.441483 + 0.0im
     | block_size = 200 
[TDSE] Runing TDSE-SH-linear (length gauge, dipole form). step 20000 energy = 0.2734570683066461, norm_value = 1.0 + 0.0im, bound_norm=0.560056, free_norm=0.439944 + 0.0im
     | block_size = 200 
[TDSE] Runing TDSE-SH-linear (length gauge, dipole form). step 20200 energy = 0.3107107637231204, norm_value = 1.0 + 0.0im, bound_norm=0.558578, free_norm=0.441422 + 0.0im
     | block_size = 200 
[TDSE] Runing TDSE-SH-linear (length gauge, dipole form). step 20400 energy = 0.3815720871014221, norm_value = 1.0 + 0.0im, bound_norm=0.55814, free_norm=0.44186 + 0.0im
     | block_size = 200 
[TDSE] Runing TDSE-SH-linear (length gauge, dipole form). step 20600 energy = 0.45420787538852986, norm_value = 1.0 + 0.0im, bound_norm=0.558314, free_norm=0.441686 + 0.0im
     | block_size = 200 
[TDSE] Runing TDSE-SH-linear (length gauge, dipole form). step 20800 energy = 0.5016709354124996, norm_value = 1.0 + 0.0im, bound_norm=0.558453, free_norm=0.441547 + 0.0im
     | block_size = 200 
[TDSE] Runing TDSE-SH-linear (length gauge, dipole form). step 21000 energy = 0.5105268673477156, norm_value = 1.0 + 0.0im, bound_norm=0.558467, free_norm=0.441533 + 0.0im
     | block_size = 200 
[TDSE] Runing TDSE-SH-linear (length gauge, dipole form). step 21200 energy = 0.48228598126650274, norm_value = 1.0 + 0.0im, bound_norm=0.558431, free_norm=0.441569 + 0.0im
     | block_size = 200 
[TDSE] Runing TDSE-SH-linear (length gauge, dipole form). step 21400 energy = 0.42933500071406155, norm_value = 1.0 + 0.0im, bound_norm=0.55842, free_norm=0.44158 + 0.0im
     | block_size = 200 
[TDSE] Runing TDSE-SH-linear (length gauge, dipole form). step 21600 energy = 0.3696374722197591, norm_value = 1.0 + 0.0im, bound_norm=0.558444, free_norm=0.441556 + 0.0im
     | block_size = 200 
[TDSE] Runing TDSE-SH-linear (length gauge, dipole form). step 21800 energy = 0.3188201957634514, norm_value = 1.0 + 0.0im, bound_norm=0.559102, free_norm=0.440898 + 0.0im
     | block_size = 200 
[TDSE] Runing TDSE-SH-linear (length gauge, dipole form). step 22000 energy = 0.2861902098061678, norm_value = 1.0 + 0.0im, bound_norm=0.558908, free_norm=0.441092 + 0.0im
     | block_size = 200 
[TDSE] Runing TDSE-SH-linear (length gauge, dipole form). step 22200 energy = 0.27291107230595474, norm_value = 1.0 + 0.0im, bound_norm=0.558656, free_norm=0.441344 + 0.0im
     | block_size = 200 
[TDSE] Runing TDSE-SH-linear (length gauge, dipole form). step 22400 energy = 0.2755210082064573, norm_value = 1.0 + 0.0im, bound_norm=0.559091, free_norm=0.440909 + 0.0im
     | block_size = 200 
[TDSE] Runing TDSE-SH-linear (length gauge, dipole form). step 22600 energy = 0.2863971004045068, norm_value = 1.0 + 0.0im, bound_norm=0.559223, free_norm=0.440777 + 0.0im
     | block_size = 200 
[TDSE] Runing TDSE-SH-linear (length gauge, dipole form). step 22800 energy = 0.2986531593543766, norm_value = 1.0 + 0.0im, bound_norm=0.559, free_norm=0.441 + 0.0im
     | block_size = 200 
[TDSE] Runing TDSE-SH-linear (length gauge, dipole form). step 23000 energy = 0.3064168852165939, norm_value = 1.0 + 0.0im, bound_norm=0.558975, free_norm=0.441025 + 0.0im
     | block_size = 200 
[TDSE] Runing TDSE-SH-linear (length gauge, dipole form). step 23200 energy = 0.30798276379573697, norm_value = 1.0 + 0.0im, bound_norm=0.558953, free_norm=0.441047 + 0.0im
     | block_size = 200 
[TDSE] Runing TDSE-SH-linear (length gauge, dipole form). step 23400 energy = 0.30392195904247343, norm_value = 1.0 + 0.0im, bound_norm=0.558994, free_norm=0.441006 + 0.0im
     | block_size = 200 
[TDSE] Runing TDSE-SH-linear (length gauge, dipole form). step 23600 energy = 0.2967042033807549, norm_value = 1.0 + 0.0im, bound_norm=0.559047, free_norm=0.440953 + 0.0im
     | block_size = 200 
[TDSE] Runing TDSE-SH-linear (length gauge, dipole form). step 23800 energy = 0.2884781577372008, norm_value = 1.0 + 0.0im, bound_norm=0.559237, free_norm=0.440763 + 0.0im
     | block_size = 200 
[TDSE] Runing TDSE-SH-linear (length gauge, dipole form). step 24000 energy = 0.281738496925092, norm_value = 1.0 + 0.0im, bound_norm=0.55929, free_norm=0.44071 + 0.0im
     | block_size = 200 
[TDSE] Runing TDSE-SH-linear (length gauge, dipole form). step 24200 energy = 0.27693652992349327, norm_value = 1.0 + 0.0im, bound_norm=0.559015, free_norm=0.440985 + 0.0im
     | block_size = 200 
[TDSE] Runing TDSE-SH-linear (length gauge, dipole form). step 24400 energy = 0.2739843186867823, norm_value = 1.0 + 0.0im, bound_norm=0.558898, free_norm=0.441102 + 0.0im
     | block_size = 200 
[TDSE] Runing TDSE-SH-linear (length gauge, dipole form). step 24600 energy = 0.27276625124450854, norm_value = 1.0 + 0.0im, bound_norm=0.55889, free_norm=0.44111 + 0.0im
     | block_size = 200 
[TDSE] Runing TDSE-SH-linear (length gauge, dipole form). step 24800 energy = 0.2722132365020524, norm_value = 1.0 + 0.0im, bound_norm=0.558899, free_norm=0.441101 + 0.0im
     | block_size = 200 
[TDSE] Runing TDSE-SH-linear (length gauge, dipole form). step 25000 energy = 0.27208610238770314, norm_value = 1.0 + 0.0im, bound_norm=0.558901, free_norm=0.441099 + 0.0im
     | block_size = 200 
[TDSE] Runing TDSE-SH-linear (length gauge, dipole form). step 25200 energy = 0.2720681660972017, norm_value = 1.0 + 0.0im, bound_norm=0.558906, free_norm=0.441094 + 0.0im
     | block_size = 200 
[TDSE] Runing TDSE-SH-linear (length gauge, dipole form). step 25400 energy = 0.2720686985599217, norm_value = 1.0 + 0.0im, bound_norm=0.55891, free_norm=0.44109 + 0.0im
     | block_size = 200 
[TDSE] Runing TDSE-SH-linear (length gauge, dipole form). step 25600 energy = 0.27206378928045766, norm_value = 1.0 + 0.0im, bound_norm=0.558906, free_norm=0.441094 + 0.0im
     | block_size = 200 
[TDSE] Runing TDSE-SH-linear (length gauge, dipole form). step 25800 energy = 0.27207511586327116, norm_value = 1.0 + 0.0im, bound_norm=0.558905, free_norm=0.441095 + 0.0im
     | block_size = 200 
[TDSE] Runing TDSE-SH-linear (length gauge, dipole form). step 26000 energy = 0.27208023729979575, norm_value = 1.0 + 0.0im, bound_norm=0.558908, free_norm=0.441092 + 0.0im
     | block_size = 200 
[TDSE] Runing TDSE-SH-linear (length gauge, dipole form). step 26200 energy = 0.27208194198593205, norm_value = 1.0 + 0.0im, bound_norm=0.558909, free_norm=0.441091 + 0.0im
     | block_size = 200 
[TDSE] Runing TDSE-SH-linear (length gauge, dipole form). step 26400 energy = 0.2720842611083421, norm_value = 1.0 + 0.0im, bound_norm=0.558908, free_norm=0.441092 + 0.0im
     | block_size = 200 
Sample 2026_5_15_hg_massive_0.09_0.0_0.0285_6.0_short_range does not exist. Exceute a new sample.
[ITP]: 10000.496424741636
[ITP]: 3.468948764850932e-6
[ITP]: 2.0119768988635656e-6
[ITP]: 1.2363970314233086e-6
[ITP]: 7.802127368616851e-7
[ITP]: 5.004886823867238e-7
[ITP]: 3.247063635747338e-7
[ITP]: 2.1241854042397534e-7
[ITP]: 1.3984492786001113e-7
[ITP]: 9.25260389417204e-8
[ITP]: 6.146357944825098e-8
[ITP]: 4.0962812142275595e-8
[ITP]: 2.737382170936442e-8
[ITP]: 1.8334269435982264e-8
[ITP]: 1.2303307206362746e-8
[ITP]: 8.269649631742482e-9
[ITP]: 5.566198502116038e-9
[ITP]: 3.7510526906814334e-9
[ITP]: 2.530471499007092e-9
[ITP]: 1.7086173587088638e-9
[ITP]: 1.154605577813328e-9
[ITP]: 7.807770541212733e-10
[ITP]: 5.283077308959605e-10
[ITP]: 3.576713369923823e-10
[ITP]: 2.422650968725293e-10
[ITP]: 1.6416579207145787e-10
[ITP]: 1.1128536980820058e-10
[ITP]: 7.546496760824084e-11
[ITP]: 5.119060730862657e-11
[ITP]: 3.4733049769641866e-11
[ITP]: 2.3571977703085167e-11
[ITP]: 1.6002199565434694e-11
[ITP]: 1.086369882941085e-11
[ITP]: 7.378653243961253e-12
[ITP]: 5.010714065889488e-12
[ITP]: 3.4039993046519612e-12
[ITP]: 2.313038649504051e-12
[ITP]: 1.570410468332284e-12
[ITP]: 1.0681455719918631e-12
[ITP]: 7.265299473147024e-13
[ITP]: 4.919398222114069e-13
[ITP]: 3.346212196220222e-13
[ITP]: 2.2842838731662596e-13
[ITP]: 1.5498713423767185e-13
[ITP]: 1.0536016503692736e-13
[ITP]: 7.188694084447889e-14
[ITP]: 4.801714581503802e-14
[ITP]: 3.347322419244847e-14
[ITP]: 2.3148150063434514e-14
[ITP]: 1.4432899320127035e-14
[ITP]: 1.1102230246251565e-14
[ITP]: 7.16093850883226e-15
[ITP]: 4.440892098500626e-15
[ITP]: 2.6645352591003757e-15
[ITP]: 2.831068712794149e-15
[ITP]: 1.4988010832439613e-15
[ITP]: 6.661338147750939e-16
[ITP]: 7.771561172376096e-16
[ITP]: 5.551115123125783e-16
[ITP]: 2.220446049250313e-16
[ITP]: 4.440892098500626e-16
[ITP]: 6.106226635438361e-16
[ITP]: 7.216449660063518e-16
[ITP]: 4.440892098500626e-16
[ITP]: 4.440892098500626e-16
[ITP]: 3.3306690738754696e-16
[ITP]: 1.1102230246251565e-15
[ITP]: 1.1102230246251565e-16
[ITP]: 7.216449660063518e-16
[ITP]: 1.1102230246251565e-16
[ITP]: 8.326672684688674e-16
[ITP]: 7.216449660063518e-16
[ITP]: 2.7755575615628914e-16
[ITP]: 4.996003610813204e-16
[ITP]: 4.440892098500626e-16
[ITP]: 4.440892098500626e-16
[ITP]: 1.6653345369377348e-16
[ITP]: 4.996003610813204e-16
[ITP]: 1.1657341758564144e-15
[ITP]: 1.1102230246251565e-16
[ITP]: 0.0
[TDSE] Runing TDSE-SH-linear (length gauge, dipole form). step 0 energy = -0.4964336949924361, norm_value = 1.0 + 0.0im, bound_norm=1.0, free_norm=0.0 + 0.0im
     | block_size = 3 
[TDSE] Runing TDSE-SH-linear (length gauge, dipole form). step 200 energy = -0.49643368964307266, norm_value = 1.0 + 0.0im, bound_norm=1.0, free_norm=0.0 + 0.0im
     | block_size = 3 
[TDSE] Runing TDSE-SH-linear (length gauge, dipole form). step 400 energy = -0.49643362887772885, norm_value = 1.0 + 0.0im, bound_norm=1.0, free_norm=0.0 + 0.0im
     | block_size = 4 
[TDSE] Runing TDSE-SH-linear (length gauge, dipole form). step 600 energy = -0.4964334861391218, norm_value = 1.0 + 0.0im, bound_norm=1.0, free_norm=0.0 + 0.0im
     | block_size = 4 
[TDSE] Runing TDSE-SH-linear (length gauge, dipole form). step 800 energy = -0.49643343312736543, norm_value = 1.0 + 0.0im, bound_norm=1.0, free_norm=0.0 + 0.0im
     | block_size = 4 
[TDSE] Runing TDSE-SH-linear (length gauge, dipole form). step 1000 energy = -0.4964335933343094, norm_value = 1.0 + 0.0im, bound_norm=1.0, free_norm=0.0 + 0.0im
     | block_size = 4 
[TDSE] Runing TDSE-SH-linear (length gauge, dipole form). step 1200 energy = -0.49643352963679144, norm_value = 1.0 + 0.0im, bound_norm=1.0, free_norm=0.0 + 0.0im
     | block_size = 4 
[TDSE] Runing TDSE-SH-linear (length gauge, dipole form). step 1400 energy = -0.49643139010324994, norm_value = 1.0 + 0.0im, bound_norm=0.999999, free_norm=1.0e-6 + 0.0im
     | block_size = 4 
[TDSE] Runing TDSE-SH-linear (length gauge, dipole form). step 1600 energy = -0.4964240463269823, norm_value = 1.0 + 0.0im, bound_norm=0.999997, free_norm=3.0e-6 + 0.0im
     | block_size = 5 
[TDSE] Runing TDSE-SH-linear (length gauge, dipole form). step 1800 energy = -0.4964080651756258, norm_value = 1.0 + 0.0im, bound_norm=0.999992, free_norm=8.0e-6 + 0.0im
     | block_size = 7 
[TDSE] Runing TDSE-SH-linear (length gauge, dipole form). step 2000 energy = -0.49638322121754863, norm_value = 1.0 + 0.0im, bound_norm=0.999984, free_norm=1.6e-5 + 0.0im
     | block_size = 10 
[TDSE] Runing TDSE-SH-linear (length gauge, dipole form). step 2200 energy = -0.4963534839527235, norm_value = 1.0 + 0.0im, bound_norm=0.999975, free_norm=2.5e-5 + 0.0im

[38150] signal (15): Terminated
in expression starting at /home/tang_wenqi/JuliaProp_github/JuliaProp/samples/2026_5_15_hg_massive.jl:66
jl_rand_ptls at /cache/build/builder-amdci4-4/julialang/julia-release-1-dot-9/src/partr.c:91
cong at ./partr.jl:24 [inlined]
multiq_deletemin at ./partr.jl:148
trypoptask at ./task.jl:966
jfptr_trypoptask_40527.clone_1 at /home/tang_wenqi/julia-1.9.4/lib/julia/sys.so (unknown line)
_jl_invoke at /cache/build/builder-amdci4-4/julialang/julia-release-1-dot-9/src/gf.c:2758 [inlined]
ijl_apply_generic at /cache/build/builder-amdci4-4/julialang/julia-release-1-dot-9/src/gf.c:2940
get_next_task at /cache/build/builder-amdci4-4/julialang/julia-release-1-dot-9/src/partr.c:270 [inlined]
ijl_task_get_next at /cache/build/builder-amdci4-4/julialang/julia-release-1-dot-9/src/partr.c:302
poptask at ./task.jl:974
wait at ./task.jl:983
task_done_hook at ./task.jl:672
jfptr_task_done_hook_27081.clone_1 at /home/tang_wenqi/julia-1.9.4/lib/julia/sys.so (unknown line)
_jl_invoke at /cache/build/builder-amdci4-4/julialang/julia-release-1-dot-9/src/gf.c:2758 [inlined]
ijl_apply_generic at /cache/build/builder-amdci4-4/julialang/julia-release-1-dot-9/src/gf.c:2940
jl_apply at /cache/build/builder-amdci4-4/julialang/julia-release-1-dot-9/src/julia.h:1880 [inlined]
jl_finish_task at /cache/build/builder-amdci4-4/julialang/julia-release-1-dot-9/src/task.c:320
start_task at /cache/build/builder-amdci4-4/julialang/julia-release-1-dot-9/src/task.c:1103
unknown function (ip: (nil))
pthread_cond_wait at /lib64/libpthread.so.0 (unknown line)
uv_cond_wait at /workspace/srcdir/libuv/src/unix/thread.c:883
ijl_task_get_next at /cache/build/builder-amdci4-4/julialang/julia-release-1-dot-9/src/partr.c:421
poptask at ./task.jl:974
wait at ./task.jl:983
task_done_hook at ./task.jl:672
jfptr_task_done_hook_27081.clone_1 at /home/tang_wenqi/julia-1.9.4/lib/julia/sys.so (unknown line)
_jl_invoke at /cache/build/builder-amdci4-4/julialang/julia-release-1-dot-9/src/gf.c:2758 [inlined]
ijl_apply_generic at /cache/build/builder-amdci4-4/julialang/julia-release-1-dot-9/src/gf.c:2940
jl_apply at /cache/build/builder-amdci4-4/julialang/julia-release-1-dot-9/src/julia.h:1880 [inlined]
jl_finish_task at /cache/build/builder-amdci4-4/julialang/julia-release-1-dot-9/src/task.c:320
start_task at /cache/build/builder-amdci4-4/julialang/julia-release-1-dot-9/src/task.c:1103
unknown function (ip: (nil))
pthread_cond_wait at /lib64/libpthread.so.0 (unknown line)
uv_cond_wait at /workspace/srcdir/libuv/src/unix/thread.c:883
ijl_task_get_next at /cache/build/builder-amdci4-4/julialang/julia-release-1-dot-9/src/partr.c:421
poptask at ./task.jl:974
wait at ./task.jl:983
task_done_hook at ./task.jl:672
jfptr_task_done_hook_27081.clone_1 at /home/tang_wenqi/julia-1.9.4/lib/julia/sys.so (unknown line)
_jl_invoke at /cache/build/builder-amdci4-4/julialang/julia-release-1-dot-9/src/gf.c:2758 [inlined]
ijl_apply_generic at /cache/build/builder-amdci4-4/julialang/julia-release-1-dot-9/src/gf.c:2940
jl_apply at /cache/build/builder-amdci4-4/julialang/julia-release-1-dot-9/src/julia.h:1880 [inlined]
jl_finish_task at /cache/build/builder-amdci4-4/julialang/julia-release-1-dot-9/src/task.c:320
start_task at /cache/build/builder-amdci4-4/julialang/julia-release-1-dot-9/src/task.c:1103
unknown function (ip: (nil))
pthread_cond_wait at /lib64/libpthread.so.0 (unknown line)
uv_cond_wait at /workspace/srcdir/libuv/src/unix/thread.c:883
ijl_task_get_next at /cache/build/builder-amdci4-4/julialang/julia-release-1-dot-9/src/partr.c:421
poptask at ./task.jl:974
wait at ./task.jl:983
task_done_hook at ./task.jl:672
jfptr_task_done_hook_27081.clone_1 at /home/tang_wenqi/julia-1.9.4/lib/julia/sys.so (unknown line)
_jl_invoke at /cache/build/builder-amdci4-4/julialang/julia-release-1-dot-9/src/gf.c:2758 [inlined]
ijl_apply_generic at /cache/build/builder-amdci4-4/julialang/julia-release-1-dot-9/src/gf.c:2940
jl_apply at /cache/build/builder-amdci4-4/julialang/julia-release-1-dot-9/src/julia.h:1880 [inlined]
jl_finish_task at /cache/build/builder-amdci4-4/julialang/julia-release-1-dot-9/src/task.c:320
start_task at /cache/build/builder-amdci4-4/julialang/julia-release-1-dot-9/src/task.c:1103
unknown function (ip: (nil))
pthread_cond_wait at /lib64/libpthread.so.0 (unknown line)
uv_cond_wait at /workspace/srcdir/libuv/src/unix/thread.c:883
ijl_task_get_next at /cache/build/builder-amdci4-4/julialang/julia-release-1-dot-9/src/partr.c:421
poptask at ./task.jl:974
wait at ./task.jl:983
task_done_hook at ./task.jl:672
jfptr_task_done_hook_27081.clone_1 at /home/tang_wenqi/julia-1.9.4/lib/julia/sys.so (unknown line)
_jl_invoke at /cache/build/builder-amdci4-4/julialang/julia-release-1-dot-9/src/gf.c:2758 [inlined]
ijl_apply_generic at /cache/build/builder-amdci4-4/julialang/julia-release-1-dot-9/src/gf.c:2940
jl_apply at /cache/build/builder-amdci4-4/julialang/julia-release-1-dot-9/src/julia.h:1880 [inlined]
jl_finish_task at /cache/build/builder-amdci4-4/julialang/julia-release-1-dot-9/src/task.c:320
start_task at /cache/build/builder-amdci4-4/julialang/julia-release-1-dot-9/src/task.c:1103
unknown function (ip: (nil))
pthread_cond_wait at /lib64/libpthread.so.0 (unknown line)
uv_cond_wait at /workspace/srcdir/libuv/src/unix/thread.c:883
ijl_task_get_next at /cache/build/builder-amdci4-4/julialang/julia-release-1-dot-9/src/partr.c:421
poptask at ./task.jl:974
wait at ./task.jl:983
task_done_hook at ./task.jl:672
jfptr_task_done_hook_27081.clone_1 at /home/tang_wenqi/julia-1.9.4/lib/julia/sys.so (unknown line)
_jl_invoke at /cache/build/builder-amdci4-4/julialang/julia-release-1-dot-9/src/gf.c:2758 [inlined]
ijl_apply_generic at /cache/build/builder-amdci4-4/julialang/julia-release-1-dot-9/src/gf.c:2940
jl_apply at /cache/build/builder-amdci4-4/julialang/julia-release-1-dot-9/src/julia.h:1880 [inlined]
jl_finish_task at /cache/build/builder-amdci4-4/julialang/julia-release-1-dot-9/src/task.c:320
start_task at /cache/build/builder-amdci4-4/julialang/julia-release-1-dot-9/src/task.c:1103
unknown function (ip: (nil))
pthread_cond_wait at /lib64/libpthread.so.0 (unknown line)
uv_cond_wait at /workspace/srcdir/libuv/src/unix/thread.c:883
ijl_task_get_next at /cache/build/builder-amdci4-4/julialang/julia-release-1-dot-9/src/partr.c:421
poptask at ./task.jl:974
wait at ./task.jl:983
task_done_hook at ./task.jl:672
jfptr_task_done_hook_27081.clone_1 at /home/tang_wenqi/julia-1.9.4/lib/julia/sys.so (unknown line)
_jl_invoke at /cache/build/builder-amdci4-4/julialang/julia-release-1-dot-9/src/gf.c:2758 [inlined]
ijl_apply_generic at /cache/build/builder-amdci4-4/julialang/julia-release-1-dot-9/src/gf.c:2940
jl_apply at /cache/build/builder-amdci4-4/julialang/julia-release-1-dot-9/src/julia.h:1880 [inlined]
jl_finish_task at /cache/build/builder-amdci4-4/julialang/julia-release-1-dot-9/src/task.c:320
start_task at /cache/build/builder-amdci4-4/julialang/julia-release-1-dot-9/src/task.c:1103
unknown function (ip: (nil))
pthread_cond_wait at /lib64/libpthread.so.0 (unknown line)
uv_cond_wait at /workspace/srcdir/libuv/src/unix/thread.c:883
ijl_task_get_next at /cache/build/builder-amdci4-4/julialang/julia-release-1-dot-9/src/partr.c:421
poptask at ./task.jl:974
wait at ./task.jl:983
task_done_hook at ./task.jl:672
jfptr_task_done_hook_27081.clone_1 at /home/tang_wenqi/julia-1.9.4/lib/julia/sys.so (unknown line)
_jl_invoke at /cache/build/builder-amdci4-4/julialang/julia-release-1-dot-9/src/gf.c:2758 [inlined]
ijl_apply_generic at /cache/build/builder-amdci4-4/julialang/julia-release-1-dot-9/src/gf.c:2940
jl_apply at /cache/build/builder-amdci4-4/julialang/julia-release-1-dot-9/src/julia.h:1880 [inlined]
jl_finish_task at /cache/build/builder-amdci4-4/julialang/julia-release-1-dot-9/src/task.c:320
start_task at /cache/build/builder-amdci4-4/julialang/julia-release-1-dot-9/src/task.c:1103
unknown function (ip: (nil))
pthread_cond_wait at /lib64/libpthread.so.0 (unknown line)
uv_cond_wait at /workspace/srcdir/libuv/src/unix/thread.c:883
ijl_task_get_next at /cache/build/builder-amdci4-4/julialang/julia-release-1-dot-9/src/partr.c:421
poptask at ./task.jl:974
wait at ./task.jl:983
task_done_hook at ./task.jl:672
jfptr_task_done_hook_27081.clone_1 at /home/tang_wenqi/julia-1.9.4/lib/julia/sys.so (unknown line)
_jl_invoke at /cache/build/builder-amdci4-4/julialang/julia-release-1-dot-9/src/gf.c:2758 [inlined]
ijl_apply_generic at /cache/build/builder-amdci4-4/julialang/julia-release-1-dot-9/src/gf.c:2940
jl_apply at /cache/build/builder-amdci4-4/julialang/julia-release-1-dot-9/src/julia.h:1880 [inlined]
jl_finish_task at /cache/build/builder-amdci4-4/julialang/julia-release-1-dot-9/src/task.c:320
start_task at /cache/build/builder-amdci4-4/julialang/julia-release-1-dot-9/src/task.c:1103
unknown function (ip: (nil))
pthread_cond_wait at /lib64/libpthread.so.0 (unknown line)
uv_cond_wait at /workspace/srcdir/libuv/src/unix/thread.c:883
ijl_task_get_next at /cache/build/builder-amdci4-4/julialang/julia-release-1-dot-9/src/partr.c:421
poptask at ./task.jl:974
wait at ./task.jl:983
task_done_hook at ./task.jl:672
jfptr_task_done_hook_27081.clone_1 at /home/tang_wenqi/julia-1.9.4/lib/julia/sys.so (unknown line)
_jl_invoke at /cache/build/builder-amdci4-4/julialang/julia-release-1-dot-9/src/gf.c:2758 [inlined]
ijl_apply_generic at /cache/build/builder-amdci4-4/julialang/julia-release-1-dot-9/src/gf.c:2940
jl_apply at /cache/build/builder-amdci4-4/julialang/julia-release-1-dot-9/src/julia.h:1880 [inlined]
jl_finish_task at /cache/build/builder-amdci4-4/julialang/julia-release-1-dot-9/src/task.c:320
start_task at /cache/build/builder-amdci4-4/julialang/julia-release-1-dot-9/src/task.c:1103
unknown function (ip: (nil))
pthread_cond_wait at /lib64/libpthread.so.0 (unknown line)
uv_cond_wait at /workspace/srcdir/libuv/src/unix/thread.c:883
ijl_task_get_next at /cache/build/builder-amdci4-4/julialang/julia-release-1-dot-9/src/partr.c:421
poptask at ./task.jl:974
wait at ./task.jl:983
task_done_hook at ./task.jl:672
jfptr_task_done_hook_27081.clone_1 at /home/tang_wenqi/julia-1.9.4/lib/julia/sys.so (unknown line)
_jl_invoke at /cache/build/builder-amdci4-4/julialang/julia-release-1-dot-9/src/gf.c:2758 [inlined]
ijl_apply_generic at /cache/build/builder-amdci4-4/julialang/julia-release-1-dot-9/src/gf.c:2940
jl_apply at /cache/build/builder-amdci4-4/julialang/julia-release-1-dot-9/src/julia.h:1880 [inlined]
jl_finish_task at /cache/build/builder-amdci4-4/julialang/julia-release-1-dot-9/src/task.c:320
start_task at /cache/build/builder-amdci4-4/julialang/julia-release-1-dot-9/src/task.c:1103
unknown function (ip: (nil))
pthread_cond_wait at /lib64/libpthread.so.0 (unknown line)
uv_cond_wait at /workspace/srcdir/libuv/src/unix/thread.c:883
ijl_task_get_next at /cache/build/builder-amdci4-4/julialang/julia-release-1-dot-9/src/partr.c:421
poptask at ./task.jl:974
wait at ./task.jl:983
task_done_hook at ./task.jl:672
jfptr_task_done_hook_27081.clone_1 at /home/tang_wenqi/julia-1.9.4/lib/julia/sys.so (unknown line)
_jl_invoke at /cache/build/builder-amdci4-4/julialang/julia-release-1-dot-9/src/gf.c:2758 [inlined]
ijl_apply_generic at /cache/build/builder-amdci4-4/julialang/julia-release-1-dot-9/src/gf.c:2940
jl_apply at /cache/build/builder-amdci4-4/julialang/julia-release-1-dot-9/src/julia.h:1880 [inlined]
jl_finish_task at /cache/build/builder-amdci4-4/julialang/julia-release-1-dot-9/src/task.c:320
start_task at /cache/build/builder-amdci4-4/julialang/julia-release-1-dot-9/src/task.c:1103
unknown function (ip: (nil))
pthread_cond_wait at /lib64/libpthread.so.0 (unknown line)
uv_cond_wait at /workspace/srcdir/libuv/src/unix/thread.c:883
ijl_task_get_next at /cache/build/builder-amdci4-4/julialang/julia-release-1-dot-9/src/partr.c:421
poptask at ./task.jl:974
wait at ./task.jl:983
task_done_hook at ./task.jl:672
jfptr_task_done_hook_27081.clone_1 at /home/tang_wenqi/julia-1.9.4/lib/julia/sys.so (unknown line)
_jl_invoke at /cache/build/builder-amdci4-4/julialang/julia-release-1-dot-9/src/gf.c:2758 [inlined]
ijl_apply_generic at /cache/build/builder-amdci4-4/julialang/julia-release-1-dot-9/src/gf.c:2940
jl_apply at /cache/build/builder-amdci4-4/julialang/julia-release-1-dot-9/src/julia.h:1880 [inlined]
jl_finish_task at /cache/build/builder-amdci4-4/julialang/julia-release-1-dot-9/src/task.c:320
start_task at /cache/build/builder-amdci4-4/julialang/julia-release-1-dot-9/src/task.c:1103
unknown function (ip: (nil))
pthread_cond_wait at /lib64/libpthread.so.0 (unknown line)
uv_cond_wait at /workspace/srcdir/libuv/src/unix/thread.c:883
ijl_task_get_next at /cache/build/builder-amdci4-4/julialang/julia-release-1-dot-9/src/partr.c:421
poptask at ./task.jl:974
wait at ./task.jl:983
task_done_hook at ./task.jl:672
jfptr_task_done_hook_27081.clone_1 at /home/tang_wenqi/julia-1.9.4/lib/julia/sys.so (unknown line)
_jl_invoke at /cache/build/builder-amdci4-4/julialang/julia-release-1-dot-9/src/gf.c:2758 [inlined]
ijl_apply_generic at /cache/build/builder-amdci4-4/julialang/julia-release-1-dot-9/src/gf.c:2940
jl_apply at /cache/build/builder-amdci4-4/julialang/julia-release-1-dot-9/src/julia.h:1880 [inlined]
jl_finish_task at /cache/build/builder-amdci4-4/julialang/julia-release-1-dot-9/src/task.c:320
start_task at /cache/build/builder-amdci4-4/julialang/julia-release-1-dot-9/src/task.c:1103
unknown function (ip: (nil))
pthread_cond_wait at /lib64/libpthread.so.0 (unknown line)
uv_cond_wait at /workspace/srcdir/libuv/src/unix/thread.c:883
ijl_task_get_next at /cache/build/builder-amdci4-4/julialang/julia-release-1-dot-9/src/partr.c:421
poptask at ./task.jl:974
wait at ./task.jl:983
task_done_hook at ./task.jl:672
jfptr_task_done_hook_27081.clone_1 at /home/tang_wenqi/julia-1.9.4/lib/julia/sys.so (unknown line)
_jl_invoke at /cache/build/builder-amdci4-4/julialang/julia-release-1-dot-9/src/gf.c:2758 [inlined]
ijl_apply_generic at /cache/build/builder-amdci4-4/julialang/julia-release-1-dot-9/src/gf.c:2940
jl_apply at /cache/build/builder-amdci4-4/julialang/julia-release-1-dot-9/src/julia.h:1880 [inlined]
jl_finish_task at /cache/build/builder-amdci4-4/julialang/julia-release-1-dot-9/src/task.c:320
start_task at /cache/build/builder-amdci4-4/julialang/julia-release-1-dot-9/src/task.c:1103
unknown function (ip: (nil))
pthread_cond_wait at /lib64/libpthread.so.0 (unknown line)
uv_cond_wait at /workspace/srcdir/libuv/src/unix/thread.c:883
ijl_task_get_next at /cache/build/builder-amdci4-4/julialang/julia-release-1-dot-9/src/partr.c:421
poptask at ./task.jl:974
wait at ./task.jl:983
task_done_hook at ./task.jl:672
jfptr_task_done_hook_27081.clone_1 at /home/tang_wenqi/julia-1.9.4/lib/julia/sys.so (unknown line)
_jl_invoke at /cache/build/builder-amdci4-4/julialang/julia-release-1-dot-9/src/gf.c:2758 [inlined]
ijl_apply_generic at /cache/build/builder-amdci4-4/julialang/julia-release-1-dot-9/src/gf.c:2940
jl_apply at /cache/build/builder-amdci4-4/julialang/julia-release-1-dot-9/src/julia.h:1880 [inlined]
jl_finish_task at /cache/build/builder-amdci4-4/julialang/julia-release-1-dot-9/src/task.c:320
start_task at /cache/build/builder-amdci4-4/julialang/julia-release-1-dot-9/src/task.c:1103
unknown function (ip: (nil))
pthread_cond_wait at /lib64/libpthread.so.0 (unknown line)
uv_cond_wait at /workspace/srcdir/libuv/src/unix/thread.c:883
ijl_task_get_next at /cache/build/builder-amdci4-4/julialang/julia-release-1-dot-9/src/partr.c:421
poptask at ./task.jl:974
wait at ./task.jl:983
task_done_hook at ./task.jl:672
jfptr_task_done_hook_27081.clone_1 at /home/tang_wenqi/julia-1.9.4/lib/julia/sys.so (unknown line)
_jl_invoke at /cache/build/builder-amdci4-4/julialang/julia-release-1-dot-9/src/gf.c:2758 [inlined]
ijl_apply_generic at /cache/build/builder-amdci4-4/julialang/julia-release-1-dot-9/src/gf.c:2940
jl_apply at /cache/build/builder-amdci4-4/julialang/julia-release-1-dot-9/src/julia.h:1880 [inlined]
jl_finish_task at /cache/build/builder-amdci4-4/julialang/julia-release-1-dot-9/src/task.c:320
start_task at /cache/build/builder-amdci4-4/julialang/julia-release-1-dot-9/src/task.c:1103
unknown function (ip: (nil))
pthread_cond_wait at /lib64/libpthread.so.0 (unknown line)
uv_cond_wait at /workspace/srcdir/libuv/src/unix/thread.c:883
ijl_task_get_next at /cache/build/builder-amdci4-4/julialang/julia-release-1-dot-9/src/partr.c:421
poptask at ./task.jl:974
wait at ./task.jl:983
task_done_hook at ./task.jl:672
jfptr_task_done_hook_27081.clone_1 at /home/tang_wenqi/julia-1.9.4/lib/julia/sys.so (unknown line)
_jl_invoke at /cache/build/builder-amdci4-4/julialang/julia-release-1-dot-9/src/gf.c:2758 [inlined]
ijl_apply_generic at /cache/build/builder-amdci4-4/julialang/julia-release-1-dot-9/src/gf.c:2940
jl_apply at /cache/build/builder-amdci4-4/julialang/julia-release-1-dot-9/src/julia.h:1880 [inlined]
jl_finish_task at /cache/build/builder-amdci4-4/julialang/julia-release-1-dot-9/src/task.c:320
start_task at /cache/build/builder-amdci4-4/julialang/julia-release-1-dot-9/src/task.c:1103
unknown function (ip: (nil))
pthread_cond_wait at /lib64/libpthread.so.0 (unknown line)
uv_cond_wait at /workspace/srcdir/libuv/src/unix/thread.c:883
ijl_task_get_next at /cache/build/builder-amdci4-4/julialang/julia-release-1-dot-9/src/partr.c:421
poptask at ./task.jl:974
wait at ./task.jl:983
task_done_hook at ./task.jl:672
jfptr_task_done_hook_27081.clone_1 at /home/tang_wenqi/julia-1.9.4/lib/julia/sys.so (unknown line)
_jl_invoke at /cache/build/builder-amdci4-4/julialang/julia-release-1-dot-9/src/gf.c:2758 [inlined]
ijl_apply_generic at /cache/build/builder-amdci4-4/julialang/julia-release-1-dot-9/src/gf.c:2940
jl_apply at /cache/build/builder-amdci4-4/julialang/julia-release-1-dot-9/src/julia.h:1880 [inlined]
jl_finish_task at /cache/build/builder-amdci4-4/julialang/julia-release-1-dot-9/src/task.c:320
start_task at /cache/build/builder-amdci4-4/julialang/julia-release-1-dot-9/src/task.c:1103
unknown function (ip: (nil))
pthread_cond_wait at /lib64/libpthread.so.0 (unknown line)
uv_cond_wait at /workspace/srcdir/libuv/src/unix/thread.c:883
ijl_task_get_next at /cache/build/builder-amdci4-4/julialang/julia-release-1-dot-9/src/partr.c:421
poptask at ./task.jl:974
wait at ./task.jl:983
task_done_hook at ./task.jl:672
jfptr_task_done_hook_27081.clone_1 at /home/tang_wenqi/julia-1.9.4/lib/julia/sys.so (unknown line)
_jl_invoke at /cache/build/builder-amdci4-4/julialang/julia-release-1-dot-9/src/gf.c:2758 [inlined]
ijl_apply_generic at /cache/build/builder-amdci4-4/julialang/julia-release-1-dot-9/src/gf.c:2940
jl_apply at /cache/build/builder-amdci4-4/julialang/julia-release-1-dot-9/src/julia.h:1880 [inlined]
jl_finish_task at /cache/build/builder-amdci4-4/julialang/julia-release-1-dot-9/src/task.c:320
start_task at /cache/build/builder-amdci4-4/julialang/julia-release-1-dot-9/src/task.c:1103
unknown function (ip: (nil))
pthread_cond_wait at /lib64/libpthread.so.0 (unknown line)
uv_cond_wait at /workspace/srcdir/libuv/src/unix/thread.c:883
ijl_task_get_next at /cache/build/builder-amdci4-4/julialang/julia-release-1-dot-9/src/partr.c:421
poptask at ./task.jl:974
wait at ./task.jl:983
task_done_hook at ./task.jl:672
jfptr_task_done_hook_27081.clone_1 at /home/tang_wenqi/julia-1.9.4/lib/julia/sys.so (unknown line)
_jl_invoke at /cache/build/builder-amdci4-4/julialang/julia-release-1-dot-9/src/gf.c:2758 [inlined]
ijl_apply_generic at /cache/build/builder-amdci4-4/julialang/julia-release-1-dot-9/src/gf.c:2940
jl_apply at /cache/build/builder-amdci4-4/julialang/julia-release-1-dot-9/src/julia.h:1880 [inlined]
jl_finish_task at /cache/build/builder-amdci4-4/julialang/julia-release-1-dot-9/src/task.c:320
start_task at /cache/build/builder-amdci4-4/julialang/julia-release-1-dot-9/src/task.c:1103
unknown function (ip: (nil))
pthread_cond_wait at /lib64/libpthread.so.0 (unknown line)
uv_cond_wait at /workspace/srcdir/libuv/src/unix/thread.c:883
ijl_task_get_next at /cache/build/builder-amdci4-4/julialang/julia-release-1-dot-9/src/partr.c:421
poptask at ./task.jl:974
wait at ./task.jl:983
task_done_hook at ./task.jl:672
jfptr_task_done_hook_27081.clone_1 at /home/tang_wenqi/julia-1.9.4/lib/julia/sys.so (unknown line)
_jl_invoke at /cache/build/builder-amdci4-4/julialang/julia-release-1-dot-9/src/gf.c:2758 [inlined]
ijl_apply_generic at /cache/build/builder-amdci4-4/julialang/julia-release-1-dot-9/src/gf.c:2940
jl_apply at /cache/build/builder-amdci4-4/julialang/julia-release-1-dot-9/src/julia.h:1880 [inlined]
jl_finish_task at /cache/build/builder-amdci4-4/julialang/julia-release-1-dot-9/src/task.c:320
start_task at /cache/build/builder-amdci4-4/julialang/julia-release-1-dot-9/src/task.c:1103
unknown function (ip: (nil))
pthread_cond_wait at /lib64/libpthread.so.0 (unknown line)
uv_cond_wait at /workspace/srcdir/libuv/src/unix/thread.c:883
ijl_task_get_next at /cache/build/builder-amdci4-4/julialang/julia-release-1-dot-9/src/partr.c:421
poptask at ./task.jl:974
wait at ./task.jl:983
task_done_hook at ./task.jl:672
jfptr_task_done_hook_27081.clone_1 at /home/tang_wenqi/julia-1.9.4/lib/julia/sys.so (unknown line)
_jl_invoke at /cache/build/builder-amdci4-4/julialang/julia-release-1-dot-9/src/gf.c:2758 [inlined]
ijl_apply_generic at /cache/build/builder-amdci4-4/julialang/julia-release-1-dot-9/src/gf.c:2940
jl_apply at /cache/build/builder-amdci4-4/julialang/julia-release-1-dot-9/src/julia.h:1880 [inlined]
jl_finish_task at /cache/build/builder-amdci4-4/julialang/julia-release-1-dot-9/src/task.c:320
start_task at /cache/build/builder-amdci4-4/julialang/julia-release-1-dot-9/src/task.c:1103
unknown function (ip: (nil))
pthread_cond_wait at /lib64/libpthread.so.0 (unknown line)
uv_cond_wait at /workspace/srcdir/libuv/src/unix/thread.c:883
ijl_task_get_next at /cache/build/builder-amdci4-4/julialang/julia-release-1-dot-9/src/partr.c:421
poptask at ./task.jl:974
wait at ./task.jl:983
task_done_hook at ./task.jl:672
jfptr_task_done_hook_27081.clone_1 at /home/tang_wenqi/julia-1.9.4/lib/julia/sys.so (unknown line)
_jl_invoke at /cache/build/builder-amdci4-4/julialang/julia-release-1-dot-9/src/gf.c:2758 [inlined]
ijl_apply_generic at /cache/build/builder-amdci4-4/julialang/julia-release-1-dot-9/src/gf.c:2940
jl_apply at /cache/build/builder-amdci4-4/julialang/julia-release-1-dot-9/src/julia.h:1880 [inlined]
jl_finish_task at /cache/build/builder-amdci4-4/julialang/julia-release-1-dot-9/src/task.c:320
start_task at /cache/build/builder-amdci4-4/julialang/julia-release-1-dot-9/src/task.c:1103
unknown function (ip: (nil))
pthread_cond_wait at /lib64/libpthread.so.0 (unknown line)
uv_cond_wait at /workspace/srcdir/libuv/src/unix/thread.c:883
ijl_task_get_next at /cache/build/builder-amdci4-4/julialang/julia-release-1-dot-9/src/partr.c:421
poptask at ./task.jl:974
wait at ./task.jl:983
task_done_hook at ./task.jl:672
jfptr_task_done_hook_27081.clone_1 at /home/tang_wenqi/julia-1.9.4/lib/julia/sys.so (unknown line)
_jl_invoke at /cache/build/builder-amdci4-4/julialang/julia-release-1-dot-9/src/gf.c:2758 [inlined]
ijl_apply_generic at /cache/build/builder-amdci4-4/julialang/julia-release-1-dot-9/src/gf.c:2940
jl_apply at /cache/build/builder-amdci4-4/julialang/julia-release-1-dot-9/src/julia.h:1880 [inlined]
jl_finish_task at /cache/build/builder-amdci4-4/julialang/julia-release-1-dot-9/src/task.c:320
start_task at /cache/build/builder-amdci4-4/julialang/julia-release-1-dot-9/src/task.c:1103
unknown function (ip: (nil))
pthread_cond_wait at /lib64/libpthread.so.0 (unknown line)
uv_cond_wait at /workspace/srcdir/libuv/src/unix/thread.c:883
ijl_task_get_next at /cache/build/builder-amdci4-4/julialang/julia-release-1-dot-9/src/partr.c:421
poptask at ./task.jl:974
wait at ./task.jl:983
task_done_hook at ./task.jl:672
jfptr_task_done_hook_27081.clone_1 at /home/tang_wenqi/julia-1.9.4/lib/julia/sys.so (unknown line)
_jl_invoke at /cache/build/builder-amdci4-4/julialang/julia-release-1-dot-9/src/gf.c:2758 [inlined]
ijl_apply_generic at /cache/build/builder-amdci4-4/julialang/julia-release-1-dot-9/src/gf.c:2940
jl_apply at /cache/build/builder-amdci4-4/julialang/julia-release-1-dot-9/src/julia.h:1880 [inlined]
jl_finish_task at /cache/build/builder-amdci4-4/julialang/julia-release-1-dot-9/src/task.c:320
start_task at /cache/build/builder-amdci4-4/julialang/julia-release-1-dot-9/src/task.c:1103
unknown function (ip: (nil))
pthread_cond_wait at /lib64/libpthread.so.0 (unknown line)
uv_cond_wait at /workspace/srcdir/libuv/src/unix/thread.c:883
ijl_task_get_next at /cache/build/builder-amdci4-4/julialang/julia-release-1-dot-9/src/partr.c:421
poptask at ./task.jl:974
wait at ./task.jl:983
task_done_hook at ./task.jl:672
jfptr_task_done_hook_27081.clone_1 at /home/tang_wenqi/julia-1.9.4/lib/julia/sys.so (unknown line)
_jl_invoke at /cache/build/builder-amdci4-4/julialang/julia-release-1-dot-9/src/gf.c:2758 [inlined]
ijl_apply_generic at /cache/build/builder-amdci4-4/julialang/julia-release-1-dot-9/src/gf.c:2940
jl_apply at /cache/build/builder-amdci4-4/julialang/julia-release-1-dot-9/src/julia.h:1880 [inlined]
jl_finish_task at /cache/build/builder-amdci4-4/julialang/julia-release-1-dot-9/src/task.c:320
start_task at /cache/build/builder-amdci4-4/julialang/julia-release-1-dot-9/src/task.c:1103
unknown function (ip: (nil))
pthread_cond_wait at /lib64/libpthread.so.0 (unknown line)
uv_cond_wait at /workspace/srcdir/libuv/src/unix/thread.c:883
ijl_task_get_next at /cache/build/builder-amdci4-4/julialang/julia-release-1-dot-9/src/partr.c:421
poptask at ./task.jl:974
wait at ./task.jl:983
task_done_hook at ./task.jl:672
jfptr_task_done_hook_27081.clone_1 at /home/tang_wenqi/julia-1.9.4/lib/julia/sys.so (unknown line)
_jl_invoke at /cache/build/builder-amdci4-4/julialang/julia-release-1-dot-9/src/gf.c:2758 [inlined]
ijl_apply_generic at /cache/build/builder-amdci4-4/julialang/julia-release-1-dot-9/src/gf.c:2940
jl_apply at /cache/build/builder-amdci4-4/julialang/julia-release-1-dot-9/src/julia.h:1880 [inlined]
jl_finish_task at /cache/build/builder-amdci4-4/julialang/julia-release-1-dot-9/src/task.c:320
start_task at /cache/build/builder-amdci4-4/julialang/julia-release-1-dot-9/src/task.c:1103
unknown function (ip: (nil))
pthread_cond_wait at /lib64/libpthread.so.0 (unknown line)
uv_cond_wait at /workspace/srcdir/libuv/src/unix/thread.c:883
ijl_task_get_next at /cache/build/builder-amdci4-4/julialang/julia-release-1-dot-9/src/partr.c:421
poptask at ./task.jl:974
wait at ./task.jl:983
task_done_hook at ./task.jl:672
jfptr_task_done_hook_27081.clone_1 at /home/tang_wenqi/julia-1.9.4/lib/julia/sys.so (unknown line)
_jl_invoke at /cache/build/builder-amdci4-4/julialang/julia-release-1-dot-9/src/gf.c:2758 [inlined]
ijl_apply_generic at /cache/build/builder-amdci4-4/julialang/julia-release-1-dot-9/src/gf.c:2940
jl_apply at /cache/build/builder-amdci4-4/julialang/julia-release-1-dot-9/src/julia.h:1880 [inlined]
jl_finish_task at /cache/build/builder-amdci4-4/julialang/julia-release-1-dot-9/src/task.c:320
start_task at /cache/build/builder-amdci4-4/julialang/julia-release-1-dot-9/src/task.c:1103
unknown function (ip: (nil))
pthread_cond_wait at /lib64/libpthread.so.0 (unknown line)
uv_cond_wait at /workspace/srcdir/libuv/src/unix/thread.c:883
ijl_task_get_next at /cache/build/builder-amdci4-4/julialang/julia-release-1-dot-9/src/partr.c:421
poptask at ./task.jl:974
wait at ./task.jl:983
task_done_hook at ./task.jl:672
jfptr_task_done_hook_27081.clone_1 at /home/tang_wenqi/julia-1.9.4/lib/julia/sys.so (unknown line)
_jl_invoke at /cache/build/builder-amdci4-4/julialang/julia-release-1-dot-9/src/gf.c:2758 [inlined]
ijl_apply_generic at /cache/build/builder-amdci4-4/julialang/julia-release-1-dot-9/src/gf.c:2940
jl_apply at /cache/build/builder-amdci4-4/julialang/julia-release-1-dot-9/src/julia.h:1880 [inlined]
jl_finish_task at /cache/build/builder-amdci4-4/julialang/julia-release-1-dot-9/src/task.c:320
start_task at /cache/build/builder-amdci4-4/julialang/julia-release-1-dot-9/src/task.c:1103
unknown function (ip: (nil))
pthread_cond_wait at /lib64/libpthread.so.0 (unknown line)
uv_cond_wait at /workspace/srcdir/libuv/src/unix/thread.c:883
ijl_task_get_next at /cache/build/builder-amdci4-4/julialang/julia-release-1-dot-9/src/partr.c:421
poptask at ./task.jl:974
wait at ./task.jl:983
task_done_hook at ./task.jl:672
jfptr_task_done_hook_27081.clone_1 at /home/tang_wenqi/julia-1.9.4/lib/julia/sys.so (unknown line)
_jl_invoke at /cache/build/builder-amdci4-4/julialang/julia-release-1-dot-9/src/gf.c:2758 [inlined]
ijl_apply_generic at /cache/build/builder-amdci4-4/julialang/julia-release-1-dot-9/src/gf.c:2940
jl_apply at /cache/build/builder-amdci4-4/julialang/julia-release-1-dot-9/src/julia.h:1880 [inlined]
jl_finish_task at /cache/build/builder-amdci4-4/julialang/julia-release-1-dot-9/src/task.c:320
start_task at /cache/build/builder-amdci4-4/julialang/julia-release-1-dot-9/src/task.c:1103
unknown function (ip: (nil))
pthread_cond_wait at /lib64/libpthread.so.0 (unknown line)
uv_cond_wait at /workspace/srcdir/libuv/src/unix/thread.c:883
ijl_task_get_next at /cache/build/builder-amdci4-4/julialang/julia-release-1-dot-9/src/partr.c:421
poptask at ./task.jl:974
wait at ./task.jl:983
task_done_hook at ./task.jl:672
jfptr_task_done_hook_27081.clone_1 at /home/tang_wenqi/julia-1.9.4/lib/julia/sys.so (unknown line)
_jl_invoke at /cache/build/builder-amdci4-4/julialang/julia-release-1-dot-9/src/gf.c:2758 [inlined]
ijl_apply_generic at /cache/build/builder-amdci4-4/julialang/julia-release-1-dot-9/src/gf.c:2940
jl_apply at /cache/build/builder-amdci4-4/julialang/julia-release-1-dot-9/src/julia.h:1880 [inlined]
jl_finish_task at /cache/build/builder-amdci4-4/julialang/julia-release-1-dot-9/src/task.c:320
start_task at /cache/build/builder-amdci4-4/julialang/julia-release-1-dot-9/src/task.c:1103
unknown function (ip: (nil))
pthread_cond_wait at /lib64/libpthread.so.0 (unknown line)
uv_cond_wait at /workspace/srcdir/libuv/src/unix/thread.c:883
ijl_task_get_next at /cache/build/builder-amdci4-4/julialang/julia-release-1-dot-9/src/partr.c:421
poptask at ./task.jl:974
wait at ./task.jl:983
task_done_hook at ./task.jl:672
jfptr_task_done_hook_27081.clone_1 at /home/tang_wenqi/julia-1.9.4/lib/julia/sys.so (unknown line)
_jl_invoke at /cache/build/builder-amdci4-4/julialang/julia-release-1-dot-9/src/gf.c:2758 [inlined]
ijl_apply_generic at /cache/build/builder-amdci4-4/julialang/julia-release-1-dot-9/src/gf.c:2940
jl_apply at /cache/build/builder-amdci4-4/julialang/julia-release-1-dot-9/src/julia.h:1880 [inlined]
jl_finish_task at /cache/build/builder-amdci4-4/julialang/julia-release-1-dot-9/src/task.c:320
start_task at /cache/build/builder-amdci4-4/julialang/julia-release-1-dot-9/src/task.c:1103
unknown function (ip: (nil))
pthread_cond_wait at /lib64/libpthread.so.0 (unknown line)
uv_cond_wait at /workspace/srcdir/libuv/src/unix/thread.c:883
ijl_task_get_next at /cache/build/builder-amdci4-4/julialang/julia-release-1-dot-9/src/partr.c:421
poptask at ./task.jl:974
wait at ./task.jl:983
task_done_hook at ./task.jl:672
jfptr_task_done_hook_27081.clone_1 at /home/tang_wenqi/julia-1.9.4/lib/julia/sys.so (unknown line)
_jl_invoke at /cache/build/builder-amdci4-4/julialang/julia-release-1-dot-9/src/gf.c:2758 [inlined]
ijl_apply_generic at /cache/build/builder-amdci4-4/julialang/julia-release-1-dot-9/src/gf.c:2940
jl_apply at /cache/build/builder-amdci4-4/julialang/julia-release-1-dot-9/src/julia.h:1880 [inlined]
jl_finish_task at /cache/build/builder-amdci4-4/julialang/julia-release-1-dot-9/src/task.c:320
start_task at /cache/build/builder-amdci4-4/julialang/julia-release-1-dot-9/src/task.c:1103
unknown function (ip: (nil))
pthread_cond_wait at /lib64/libpthread.so.0 (unknown line)
uv_cond_wait at /workspace/srcdir/libuv/src/unix/thread.c:883
ijl_task_get_next at /cache/build/builder-amdci4-4/julialang/julia-release-1-dot-9/src/partr.c:421
poptask at ./task.jl:974
wait at ./task.jl:983
task_done_hook at ./task.jl:672
jfptr_task_done_hook_27081.clone_1 at /home/tang_wenqi/julia-1.9.4/lib/julia/sys.so (unknown line)
_jl_invoke at /cache/build/builder-amdci4-4/julialang/julia-release-1-dot-9/src/gf.c:2758 [inlined]
ijl_apply_generic at /cache/build/builder-amdci4-4/julialang/julia-release-1-dot-9/src/gf.c:2940
jl_apply at /cache/build/builder-amdci4-4/julialang/julia-release-1-dot-9/src/julia.h:1880 [inlined]
jl_finish_task at /cache/build/builder-amdci4-4/julialang/julia-release-1-dot-9/src/task.c:320
start_task at /cache/build/builder-amdci4-4/julialang/julia-release-1-dot-9/src/task.c:1103
unknown function (ip: (nil))
pthread_cond_wait at /lib64/libpthread.so.0 (unknown line)
uv_cond_wait at /workspace/srcdir/libuv/src/unix/thread.c:883
ijl_task_get_next at /cache/build/builder-amdci4-4/julialang/julia-release-1-dot-9/src/partr.c:421
poptask at ./task.jl:974
wait at ./task.jl:983
task_done_hook at ./task.jl:672
jfptr_task_done_hook_27081.clone_1 at /home/tang_wenqi/julia-1.9.4/lib/julia/sys.so (unknown line)
_jl_invoke at /cache/build/builder-amdci4-4/julialang/julia-release-1-dot-9/src/gf.c:2758 [inlined]
ijl_apply_generic at /cache/build/builder-amdci4-4/julialang/julia-release-1-dot-9/src/gf.c:2940
jl_apply at /cache/build/builder-amdci4-4/julialang/julia-release-1-dot-9/src/julia.h:1880 [inlined]
jl_finish_task at /cache/build/builder-amdci4-4/julialang/julia-release-1-dot-9/src/task.c:320
start_task at /cache/build/builder-amdci4-4/julialang/julia-release-1-dot-9/src/task.c:1103
unknown function (ip: (nil))
pthread_cond_wait at /lib64/libpthread.so.0 (unknown line)
uv_cond_wait at /workspace/srcdir/libuv/src/unix/thread.c:883
ijl_task_get_next at /cache/build/builder-amdci4-4/julialang/julia-release-1-dot-9/src/partr.c:421
poptask at ./task.jl:974
wait at ./task.jl:983
task_done_hook at ./task.jl:672
jfptr_task_done_hook_27081.clone_1 at /home/tang_wenqi/julia-1.9.4/lib/julia/sys.so (unknown line)
_jl_invoke at /cache/build/builder-amdci4-4/julialang/julia-release-1-dot-9/src/gf.c:2758 [inlined]
ijl_apply_generic at /cache/build/builder-amdci4-4/julialang/julia-release-1-dot-9/src/gf.c:2940
jl_apply at /cache/build/builder-amdci4-4/julialang/julia-release-1-dot-9/src/julia.h:1880 [inlined]
jl_finish_task at /cache/build/builder-amdci4-4/julialang/julia-release-1-dot-9/src/task.c:320
start_task at /cache/build/builder-amdci4-4/julialang/julia-release-1-dot-9/src/task.c:1103
unknown function (ip: (nil))
pthread_cond_wait at /lib64/libpthread.so.0 (unknown line)
uv_cond_wait at /workspace/srcdir/libuv/src/unix/thread.c:883
ijl_task_get_next at /cache/build/builder-amdci4-4/julialang/julia-release-1-dot-9/src/partr.c:421
poptask at ./task.jl:974
wait at ./task.jl:983
task_done_hook at ./task.jl:672
jfptr_task_done_hook_27081.clone_1 at /home/tang_wenqi/julia-1.9.4/lib/julia/sys.so (unknown line)
_jl_invoke at /cache/build/builder-amdci4-4/julialang/julia-release-1-dot-9/src/gf.c:2758 [inlined]
ijl_apply_generic at /cache/build/builder-amdci4-4/julialang/julia-release-1-dot-9/src/gf.c:2940
jl_apply at /cache/build/builder-amdci4-4/julialang/julia-release-1-dot-9/src/julia.h:1880 [inlined]
jl_finish_task at /cache/build/builder-amdci4-4/julialang/julia-release-1-dot-9/src/task.c:320
start_task at /cache/build/builder-amdci4-4/julialang/julia-release-1-dot-9/src/task.c:1103
unknown function (ip: (nil))
pthread_cond_wait at /lib64/libpthread.so.0 (unknown line)
uv_cond_wait at /workspace/srcdir/libuv/src/unix/thread.c:883
ijl_task_get_next at /cache/build/builder-amdci4-4/julialang/julia-release-1-dot-9/src/partr.c:421
poptask at ./task.jl:974
wait at ./task.jl:983
task_done_hook at ./task.jl:672
jfptr_task_done_hook_27081.clone_1 at /home/tang_wenqi/julia-1.9.4/lib/julia/sys.so (unknown line)
_jl_invoke at /cache/build/builder-amdci4-4/julialang/julia-release-1-dot-9/src/gf.c:2758 [inlined]
ijl_apply_generic at /cache/build/builder-amdci4-4/julialang/julia-release-1-dot-9/src/gf.c:2940
jl_apply at /cache/build/builder-amdci4-4/julialang/julia-release-1-dot-9/src/julia.h:1880 [inlined]
jl_finish_task at /cache/build/builder-amdci4-4/julialang/julia-release-1-dot-9/src/task.c:320
start_task at /cache/build/builder-amdci4-4/julialang/julia-release-1-dot-9/src/task.c:1103
unknown function (ip: (nil))
pthread_cond_wait at /lib64/libpthread.so.0 (unknown line)
uv_cond_wait at /workspace/srcdir/libuv/src/unix/thread.c:883
ijl_task_get_next at /cache/build/builder-amdci4-4/julialang/julia-release-1-dot-9/src/partr.c:421
poptask at ./task.jl:974
wait at ./task.jl:983
task_done_hook at ./task.jl:672
jfptr_task_done_hook_27081.clone_1 at /home/tang_wenqi/julia-1.9.4/lib/julia/sys.so (unknown line)
_jl_invoke at /cache/build/builder-amdci4-4/julialang/julia-release-1-dot-9/src/gf.c:2758 [inlined]
ijl_apply_generic at /cache/build/builder-amdci4-4/julialang/julia-release-1-dot-9/src/gf.c:2940
jl_apply at /cache/build/builder-amdci4-4/julialang/julia-release-1-dot-9/src/julia.h:1880 [inlined]
jl_finish_task at /cache/build/builder-amdci4-4/julialang/julia-release-1-dot-9/src/task.c:320
start_task at /cache/build/builder-amdci4-4/julialang/julia-release-1-dot-9/src/task.c:1103
unknown function (ip: (nil))
pthread_cond_wait at /lib64/libpthread.so.0 (unknown line)
uv_cond_wait at /workspace/srcdir/libuv/src/unix/thread.c:883
ijl_task_get_next at /cache/build/builder-amdci4-4/julialang/julia-release-1-dot-9/src/partr.c:421
poptask at ./task.jl:974
wait at ./task.jl:983
task_done_hook at ./task.jl:672
jfptr_task_done_hook_27081.clone_1 at /home/tang_wenqi/julia-1.9.4/lib/julia/sys.so (unknown line)
_jl_invoke at /cache/build/builder-amdci4-4/julialang/julia-release-1-dot-9/src/gf.c:2758 [inlined]
ijl_apply_generic at /cache/build/builder-amdci4-4/julialang/julia-release-1-dot-9/src/gf.c:2940
jl_apply at /cache/build/builder-amdci4-4/julialang/julia-release-1-dot-9/src/julia.h:1880 [inlined]
jl_finish_task at /cache/build/builder-amdci4-4/julialang/julia-release-1-dot-9/src/task.c:320
start_task at /cache/build/builder-amdci4-4/julialang/julia-release-1-dot-9/src/task.c:1103
unknown function (ip: (nil))
pthread_cond_wait at /lib64/libpthread.so.0 (unknown line)
uv_cond_wait at /workspace/srcdir/libuv/src/unix/thread.c:883
ijl_task_get_next at /cache/build/builder-amdci4-4/julialang/julia-release-1-dot-9/src/partr.c:421
poptask at ./task.jl:974
wait at ./task.jl:983
task_done_hook at ./task.jl:672
jfptr_task_done_hook_27081.clone_1 at /home/tang_wenqi/julia-1.9.4/lib/julia/sys.so (unknown line)
_jl_invoke at /cache/build/builder-amdci4-4/julialang/julia-release-1-dot-9/src/gf.c:2758 [inlined]
ijl_apply_generic at /cache/build/builder-amdci4-4/julialang/julia-release-1-dot-9/src/gf.c:2940
jl_apply at /cache/build/builder-amdci4-4/julialang/julia-release-1-dot-9/src/julia.h:1880 [inlined]
jl_finish_task at /cache/build/builder-amdci4-4/julialang/julia-release-1-dot-9/src/task.c:320
start_task at /cache/build/builder-amdci4-4/julialang/julia-release-1-dot-9/src/task.c:1103
unknown function (ip: (nil))
pthread_cond_wait at /lib64/libpthread.so.0 (unknown line)
uv_cond_wait at /workspace/srcdir/libuv/src/unix/thread.c:883
ijl_task_get_next at /cache/build/builder-amdci4-4/julialang/julia-release-1-dot-9/src/partr.c:421
poptask at ./task.jl:974
wait at ./task.jl:983
task_done_hook at ./task.jl:672
jfptr_task_done_hook_27081.clone_1 at /home/tang_wenqi/julia-1.9.4/lib/julia/sys.so (unknown line)
_jl_invoke at /cache/build/builder-amdci4-4/julialang/julia-release-1-dot-9/src/gf.c:2758 [inlined]
ijl_apply_generic at /cache/build/builder-amdci4-4/julialang/julia-release-1-dot-9/src/gf.c:2940
jl_apply at /cache/build/builder-amdci4-4/julialang/julia-release-1-dot-9/src/julia.h:1880 [inlined]
jl_finish_task at /cache/build/builder-amdci4-4/julialang/julia-release-1-dot-9/src/task.c:320
start_task at /cache/build/builder-amdci4-4/julialang/julia-release-1-dot-9/src/task.c:1103
unknown function (ip: (nil))
pthread_cond_wait at /lib64/libpthread.so.0 (unknown line)
uv_cond_wait at /workspace/srcdir/libuv/src/unix/thread.c:883
ijl_task_get_next at /cache/build/builder-amdci4-4/julialang/julia-release-1-dot-9/src/partr.c:421
poptask at ./task.jl:974
wait at ./task.jl:983
task_done_hook at ./task.jl:672
jfptr_task_done_hook_27081.clone_1 at /home/tang_wenqi/julia-1.9.4/lib/julia/sys.so (unknown line)
_jl_invoke at /cache/build/builder-amdci4-4/julialang/julia-release-1-dot-9/src/gf.c:2758 [inlined]
ijl_apply_generic at /cache/build/builder-amdci4-4/julialang/julia-release-1-dot-9/src/gf.c:2940
jl_apply at /cache/build/builder-amdci4-4/julialang/julia-release-1-dot-9/src/julia.h:1880 [inlined]
jl_finish_task at /cache/build/builder-amdci4-4/julialang/julia-release-1-dot-9/src/task.c:320
start_task at /cache/build/builder-amdci4-4/julialang/julia-release-1-dot-9/src/task.c:1103
unknown function (ip: (nil))
pthread_cond_wait at /lib64/libpthread.so.0 (unknown line)
uv_cond_wait at /workspace/srcdir/libuv/src/unix/thread.c:883
ijl_task_get_next at /cache/build/builder-amdci4-4/julialang/julia-release-1-dot-9/src/partr.c:421
poptask at ./task.jl:974
wait at ./task.jl:983
task_done_hook at ./task.jl:672
jfptr_task_done_hook_27081.clone_1 at /home/tang_wenqi/julia-1.9.4/lib/julia/sys.so (unknown line)
_jl_invoke at /cache/build/builder-amdci4-4/julialang/julia-release-1-dot-9/src/gf.c:2758 [inlined]
ijl_apply_generic at /cache/build/builder-amdci4-4/julialang/julia-release-1-dot-9/src/gf.c:2940
jl_apply at /cache/build/builder-amdci4-4/julialang/julia-release-1-dot-9/src/julia.h:1880 [inlined]
jl_finish_task at /cache/build/builder-amdci4-4/julialang/julia-release-1-dot-9/src/task.c:320
start_task at /cache/build/builder-amdci4-4/julialang/julia-release-1-dot-9/src/task.c:1103
unknown function (ip: (nil))
pthread_cond_wait at /lib64/libpthread.so.0 (unknown line)
uv_cond_wait at /workspace/srcdir/libuv/src/unix/thread.c:883
ijl_task_get_next at /cache/build/builder-amdci4-4/julialang/julia-release-1-dot-9/src/partr.c:421
poptask at ./task.jl:974
wait at ./task.jl:983
task_done_hook at ./task.jl:672
jfptr_task_done_hook_27081.clone_1 at /home/tang_wenqi/julia-1.9.4/lib/julia/sys.so (unknown line)
_jl_invoke at /cache/build/builder-amdci4-4/julialang/julia-release-1-dot-9/src/gf.c:2758 [inlined]
ijl_apply_generic at /cache/build/builder-amdci4-4/julialang/julia-release-1-dot-9/src/gf.c:2940
jl_apply at /cache/build/builder-amdci4-4/julialang/julia-release-1-dot-9/src/julia.h:1880 [inlined]
jl_finish_task at /cache/build/builder-amdci4-4/julialang/julia-release-1-dot-9/src/task.c:320
start_task at /cache/build/builder-amdci4-4/julialang/julia-release-1-dot-9/src/task.c:1103
unknown function (ip: (nil))
pthread_cond_wait at /lib64/libpthread.so.0 (unknown line)
uv_cond_wait at /workspace/srcdir/libuv/src/unix/thread.c:883
ijl_task_get_next at /cache/build/builder-amdci4-4/julialang/julia-release-1-dot-9/src/partr.c:421
poptask at ./task.jl:974
wait at ./task.jl:983
task_done_hook at ./task.jl:672
jfptr_task_done_hook_27081.clone_1 at /home/tang_wenqi/julia-1.9.4/lib/julia/sys.so (unknown line)
_jl_invoke at /cache/build/builder-amdci4-4/julialang/julia-release-1-dot-9/src/gf.c:2758 [inlined]
ijl_apply_generic at /cache/build/builder-amdci4-4/julialang/julia-release-1-dot-9/src/gf.c:2940
jl_apply at /cache/build/builder-amdci4-4/julialang/julia-release-1-dot-9/src/julia.h:1880 [inlined]
jl_finish_task at /cache/build/builder-amdci4-4/julialang/julia-release-1-dot-9/src/task.c:320
start_task at /cache/build/builder-amdci4-4/julialang/julia-release-1-dot-9/src/task.c:1103
unknown function (ip: (nil))
pthread_cond_wait at /lib64/libpthread.so.0 (unknown line)
uv_cond_wait at /workspace/srcdir/libuv/src/unix/thread.c:883
ijl_task_get_next at /cache/build/builder-amdci4-4/julialang/julia-release-1-dot-9/src/partr.c:421
poptask at ./task.jl:974
wait at ./task.jl:983
task_done_hook at ./task.jl:672
jfptr_task_done_hook_27081.clone_1 at /home/tang_wenqi/julia-1.9.4/lib/julia/sys.so (unknown line)
_jl_invoke at /cache/build/builder-amdci4-4/julialang/julia-release-1-dot-9/src/gf.c:2758 [inlined]
ijl_apply_generic at /cache/build/builder-amdci4-4/julialang/julia-release-1-dot-9/src/gf.c:2940
jl_apply at /cache/build/builder-amdci4-4/julialang/julia-release-1-dot-9/src/julia.h:1880 [inlined]
jl_finish_task at /cache/build/builder-amdci4-4/julialang/julia-release-1-dot-9/src/task.c:320
start_task at /cache/build/builder-amdci4-4/julialang/julia-release-1-dot-9/src/task.c:1103
unknown function (ip: (nil))
- at ./float.jl:409 [inlined]
* at ./complex.jl:293 [inlined]
* at ./operators.jl:578 [inlined]
#tdseln_sh_mainloop_length_gauge_hhg_analysis_dipole#225 at /home/tang_wenqi/JuliaProp_github/JuliaProp/src/tdse_sh_ln.jl:1198
tdseln_sh_mainloop_length_gauge_hhg_analysis_dipole at /home/tang_wenqi/JuliaProp_github/JuliaProp/src/tdse_sh_ln.jl:1021
unknown function (ip: 0x7f64240c4012)
_jl_invoke at /cache/build/builder-amdci4-4/julialang/julia-release-1-dot-9/src/gf.c:2758 [inlined]
ijl_apply_generic at /cache/build/builder-amdci4-4/julialang/julia-release-1-dot-9/src/gf.c:2940
jl_apply at /cache/build/builder-amdci4-4/julialang/julia-release-1-dot-9/src/julia.h:1880 [inlined]
do_call at /cache/build/builder-amdci4-4/julialang/julia-release-1-dot-9/src/interpreter.c:126
eval_value at /cache/build/builder-amdci4-4/julialang/julia-release-1-dot-9/src/interpreter.c:226
eval_stmt_value at /cache/build/builder-amdci4-4/julialang/julia-release-1-dot-9/src/interpreter.c:177 [inlined]
eval_body at /cache/build/builder-amdci4-4/julialang/julia-release-1-dot-9/src/interpreter.c:624
jl_interpret_toplevel_thunk at /cache/build/builder-amdci4-4/julialang/julia-release-1-dot-9/src/interpreter.c:762
jl_toplevel_eval_flex at /cache/build/builder-amdci4-4/julialang/julia-release-1-dot-9/src/toplevel.c:912
jl_toplevel_eval_flex at /cache/build/builder-amdci4-4/julialang/julia-release-1-dot-9/src/toplevel.c:856
ijl_toplevel_eval_in at /cache/build/builder-amdci4-4/julialang/julia-release-1-dot-9/src/toplevel.c:971
eval at ./boot.jl:370 [inlined]
include_string at ./loading.jl:1903
_jl_invoke at /cache/build/builder-amdci4-4/julialang/julia-release-1-dot-9/src/gf.c:2758 [inlined]
ijl_apply_generic at /cache/build/builder-amdci4-4/julialang/julia-release-1-dot-9/src/gf.c:2940
_include at ./loading.jl:1963
include at ./client.jl:478 [inlined]
top-level scope at /home/tang_wenqi/JuliaProp_github/JuliaProp/samples/2026_5_15_hg_total.jl:41
jl_toplevel_eval_flex at /cache/build/builder-amdci4-4/julialang/julia-release-1-dot-9/src/toplevel.c:903
jl_toplevel_eval_flex at /cache/build/builder-amdci4-4/julialang/julia-release-1-dot-9/src/toplevel.c:856
ijl_toplevel_eval_in at /cache/build/builder-amdci4-4/julialang/julia-release-1-dot-9/src/toplevel.c:971
eval at ./boot.jl:370 [inlined]
include_string at ./loading.jl:1903
_jl_invoke at /cache/build/builder-amdci4-4/julialang/julia-release-1-dot-9/src/gf.c:2758 [inlined]
ijl_apply_generic at /cache/build/builder-amdci4-4/julialang/julia-release-1-dot-9/src/gf.c:2940
_include at ./loading.jl:1963
include at ./Base.jl:457
jfptr_include_40628.clone_1 at /home/tang_wenqi/julia-1.9.4/lib/julia/sys.so (unknown line)
_jl_invoke at /cache/build/builder-amdci4-4/julialang/julia-release-1-dot-9/src/gf.c:2758 [inlined]
ijl_apply_generic at /cache/build/builder-amdci4-4/julialang/julia-release-1-dot-9/src/gf.c:2940
exec_options at ./client.jl:307
_start at ./client.jl:522
jfptr__start_49509.clone_1 at /home/tang_wenqi/julia-1.9.4/lib/julia/sys.so (unknown line)
_jl_invoke at /cache/build/builder-amdci4-4/julialang/julia-release-1-dot-9/src/gf.c:2758 [inlined]
ijl_apply_generic at /cache/build/builder-amdci4-4/julialang/julia-release-1-dot-9/src/gf.c:2940
jl_apply at /cache/build/builder-amdci4-4/julialang/julia-release-1-dot-9/src/julia.h:1880 [inlined]
true_main at /cache/build/builder-amdci4-4/julialang/julia-release-1-dot-9/src/jlapi.c:573
jl_repl_entrypoint at /cache/build/builder-amdci4-4/julialang/julia-release-1-dot-9/src/jlapi.c:717
main at julia (unknown line)
__libc_start_main at /lib64/libc.so.6 (unknown line)
unknown function (ip: 0x4010b8)
unknown function (ip: (nil))
Allocations: 1804090217 (Pool: 1804069152; Big: 21065); GC: 2500
  Activating project at `~/JuliaProp_github/JuliaProp`
  Activating project at `~/JuliaProp_github/JuliaProp`
  Activating project at `~/JuliaProp_github/JuliaProp`
  Activating project at `~/JuliaProp_github/JuliaProp`
  Activating project at `~/JuliaProp_github/JuliaProp`
  Activating project at `~/JuliaProp_github/JuliaProp`
  Activating project at `~/JuliaProp_github/JuliaProp`
  Activating project at `~/JuliaProp_github/JuliaProp`
  Activating project at `~/JuliaProp_github/JuliaProp`
  Activating project at `~/JuliaProp_github/JuliaProp`
  Activating project at `~/JuliaProp_github/JuliaProp`
  Activating project at `~/JuliaProp_github/JuliaProp`
  Activating project at `~/JuliaProp_github/JuliaProp`
  Activating project at `~/JuliaProp_github/JuliaProp`
  Activating project at `~/JuliaProp_github/JuliaProp`
  Activating project at `~/JuliaProp_github/JuliaProp`
  Activating project at `~/JuliaProp_github/JuliaProp`
  Activating project at `~/JuliaProp_github/JuliaProp`
  Activating project at `~/JuliaProp_github/JuliaProp`
  Activating project at `~/JuliaProp_github/JuliaProp`
  Activating project at `~/JuliaProp_github/JuliaProp`
  Activating project at `~/JuliaProp_github/JuliaProp`
  Activating project at `~/JuliaProp_github/JuliaProp`
  Activating project at `~/JuliaProp_github/JuliaProp`
  Activating project at `~/JuliaProp_github/JuliaProp`
  Activating project at `~/JuliaProp_github/JuliaProp`
  Activating project at `~/JuliaProp_github/JuliaProp`
  Activating project at `~/JuliaProp_github/JuliaProp`
  Activating project at `~/JuliaProp_github/JuliaProp`
  Activating project at `~/JuliaProp_github/JuliaProp`
  Activating project at `~/JuliaProp_github/JuliaProp`
  Activating project at `~/JuliaProp_github/JuliaProp`
  Activating project at `~/JuliaProp_github/JuliaProp`
  Activating project at `~/JuliaProp_github/JuliaProp`
     | block_size = 14 
[TDSE] Runing TDSE-SH-linear (length gauge, dipole form). step 2400 energy = -0.4963293149959838, norm_value = 1.0 + 0.0im, bound_norm=0.999968, free_norm=3.2e-5 + 0.0im
     | block_size = 19 
[TDSE] Runing TDSE-SH-linear (length gauge, dipole form). step 2600 energy = -0.4963234243570962, norm_value = 1.0 + 0.0im, bound_norm=0.999966, free_norm=3.4e-5 + 0.0im
     | block_size = 24 
[TDSE] Runing TDSE-SH-linear (length gauge, dipole form). step 2800 energy = -0.496343334542332, norm_value = 1.0 + 0.0im, bound_norm=0.999972, free_norm=2.8e-5 + 0.0im
     | block_size = 29 
[TDSE] Runing TDSE-SH-linear (length gauge, dipole form). step 3000 energy = -0.49638464563468954, norm_value = 1.0 + 0.0im, bound_norm=0.999985, free_norm=1.5e-5 + 0.0im
     | block_size = 34 
[TDSE] Runing TDSE-SH-linear (length gauge, dipole form). step 3200 energy = -0.4964241778730738, norm_value = 1.0 + 0.0im, bound_norm=0.999997, free_norm=3.0e-6 + 0.0im
     | block_size = 37 
[TDSE] Runing TDSE-SH-linear (length gauge, dipole form). step 3400 energy = -0.49642438725162025, norm_value = 1.0 + 0.0im, bound_norm=0.999997, free_norm=3.0e-6 + 0.0im
     | block_size = 37 
[TDSE] Runing TDSE-SH-linear (length gauge, dipole form). step 3600 energy = -0.49634449060453983, norm_value = 1.0 + 0.0im, bound_norm=0.999973, free_norm=2.7e-5 + 0.0im
     | block_size = 33 
[TDSE] Runing TDSE-SH-linear (length gauge, dipole form). step 3800 energy = -0.4961591593730345, norm_value = 1.0 + 0.0im, bound_norm=0.999916, free_norm=8.4e-5 + 0.0im
     | block_size = 26 
[TDSE] Runing TDSE-SH-linear (length gauge, dipole form). step 4000 energy = -0.49587587755201024, norm_value = 1.0 + 0.0im, bound_norm=0.999832, free_norm=0.000168 + 0.0im
     | block_size = 15 
[TDSE] Runing TDSE-SH-linear (length gauge, dipole form). step 4200 energy = -0.495549465649159, norm_value = 1.0 + 0.0im, bound_norm=0.999738, free_norm=0.000262 + 0.0im
     | block_size = 23 
[TDSE] Runing TDSE-SH-linear (length gauge, dipole form). step 4400 energy = -0.4952758259383397, norm_value = 1.0 + 0.0im, bound_norm=0.999662, free_norm=0.000338 + 0.0im
     | block_size = 33 
[TDSE] Runing TDSE-SH-linear (length gauge, dipole form). step 4600 energy = -0.49516501817074793, norm_value = 1.0 + 0.0im, bound_norm=0.999632, free_norm=0.000368 + 0.0im
     | block_size = 43 
[TDSE] Runing TDSE-SH-linear (length gauge, dipole form). step 4800 energy = -0.4952893519427678, norm_value = 1.0 + 0.0im, bound_norm=0.999667, free_norm=0.000333 + 0.0im
     | block_size = 53 
[TDSE] Runing TDSE-SH-linear (length gauge, dipole form). step 5000 energy = -0.4956264633762996, norm_value = 1.0 + 0.0im, bound_norm=0.999761, free_norm=0.000239 + 0.0im
     | block_size = 63 
[TDSE] Runing TDSE-SH-linear (length gauge, dipole form). step 5200 energy = -0.4960485562732077, norm_value = 1.0 + 0.0im, bound_norm=0.999884, free_norm=0.000116 + 0.0im
     | block_size = 73 
[TDSE] Runing TDSE-SH-linear (length gauge, dipole form). step 5400 energy = -0.4963654271726671, norm_value = 1.0 + 0.0im, bound_norm=0.999981, free_norm=1.9e-5 + 0.0im
     | block_size = 81 
[TDSE] Runing TDSE-SH-linear (length gauge, dipole form). step 5600 energy = -0.496380917114065, norm_value = 1.0 + 0.0im, bound_norm=0.999985, free_norm=1.5e-5 + 0.0im
     | block_size = 82 
[TDSE] Runing TDSE-SH-linear (length gauge, dipole form). step 5800 energy = -0.4959494894083892, norm_value = 1.0 + 0.0im, bound_norm=0.999854, free_norm=0.000146 + 0.0im
     | block_size = 75 
[TDSE] Runing TDSE-SH-linear (length gauge, dipole form). step 6000 energy = -0.49501969709413973, norm_value = 1.0 + 0.0im, bound_norm=0.999589, free_norm=0.000411 + 0.0im
     | block_size = 78 
[TDSE] Runing TDSE-SH-linear (length gauge, dipole form). step 6200 energy = -0.49367535289265346, norm_value = 1.0 + 0.0im, bound_norm=0.999252, free_norm=0.000748 + 0.0im
     | block_size = 88 
[TDSE] Runing TDSE-SH-linear (length gauge, dipole form). step 6400 energy = -0.49217324661708306, norm_value = 1.0 + 0.0im, bound_norm=0.998948, free_norm=0.001052 + 0.0im
     | block_size = 98 
[TDSE] Runing TDSE-SH-linear (length gauge, dipole form). step 6600 energy = -0.49096034251177606, norm_value = 1.0 + 0.0im, bound_norm=0.998754, free_norm=0.001246 + 0.0im
     | block_size = 108 
[TDSE] Runing TDSE-SH-linear (length gauge, dipole form). step 6800 energy = -0.4905821840157793, norm_value = 1.0 + 0.0im, bound_norm=0.998647, free_norm=0.001353 + 0.0im
     | block_size = 118 
[TDSE] Runing TDSE-SH-linear (length gauge, dipole form). step 7000 energy = -0.4913739779563215, norm_value = 1.0 + 0.0im, bound_norm=0.998599, free_norm=0.001401 + 0.0im
     | block_size = 128 
[TDSE] Runing TDSE-SH-linear (length gauge, dipole form). step 7200 energy = -0.49300487053889, norm_value = 1.0 + 0.0im, bound_norm=0.998694, free_norm=0.001306 + 0.0im
     | block_size = 138 
[TDSE] Runing TDSE-SH-linear (length gauge, dipole form). step 7400 energy = -0.4945504649466412, norm_value = 1.0 + 0.0im, bound_norm=0.999085, free_norm=0.000915 + 0.0im
     | block_size = 148 
[TDSE] Runing TDSE-SH-linear (length gauge, dipole form). step 7600 energy = -0.4954605896732817, norm_value = 1.0 + 0.0im, bound_norm=0.999414, free_norm=0.000586 + 0.0im
     | block_size = 158 
[TDSE] Runing TDSE-SH-linear (length gauge, dipole form). step 7800 energy = -0.49553258949972095, norm_value = 1.0 + 0.0im, bound_norm=0.999424, free_norm=0.000576 + 0.0im
     | block_size = 160 
[TDSE] Runing TDSE-SH-linear (length gauge, dipole form). step 8000 energy = -0.49449768513497416, norm_value = 1.0 + 0.0im, bound_norm=0.999093, free_norm=0.000907 + 0.0im
     | block_size = 164 
[TDSE] Runing TDSE-SH-linear (length gauge, dipole form). step 8200 energy = -0.4921524032037035, norm_value = 1.0 + 0.0im, bound_norm=0.998518, free_norm=0.001482 + 0.0im
     | block_size = 174 
[TDSE] Runing TDSE-SH-linear (length gauge, dipole form). step 8400 energy = -0.48822773138986486, norm_value = 1.0 + 0.0im, bound_norm=0.99767, free_norm=0.00233 + 0.0im
     | block_size = 184 
[TDSE] Runing TDSE-SH-linear (length gauge, dipole form). step 8600 energy = -0.4824792947642385, norm_value = 1.0 + 0.0im, bound_norm=0.996059, free_norm=0.003941 + 0.0im
     | block_size = 194 
[TDSE] Runing TDSE-SH-linear (length gauge, dipole form). step 8800 energy = -0.47403062790029266, norm_value = 1.0 + 0.0im, bound_norm=0.990795, free_norm=0.009205 + 0.0im
     | block_size = 200 
[TDSE] Runing TDSE-SH-linear (length gauge, dipole form). step 9000 energy = -0.46148812267601075, norm_value = 1.0 + 0.0im, bound_norm=0.981164, free_norm=0.018836 + 0.0im
     | block_size = 200 
[TDSE] Runing TDSE-SH-linear (length gauge, dipole form). step 9200 energy = -0.44446351235769155, norm_value = 1.0 + 0.0im, bound_norm=0.971593, free_norm=0.028407 + 0.0im
     | block_size = 200 
[TDSE] Runing TDSE-SH-linear (length gauge, dipole form). step 9400 energy = -0.4250147503611414, norm_value = 1.0 + 0.0im, bound_norm=0.965914, free_norm=0.034086 + 0.0im
     | block_size = 200 
[TDSE] Runing TDSE-SH-linear (length gauge, dipole form). step 9600 energy = -0.40619329676990357, norm_value = 1.0 + 0.0im, bound_norm=0.963586, free_norm=0.036414 + 0.0im
     | block_size = 200 
[TDSE] Runing TDSE-SH-linear (length gauge, dipole form). step 9800 energy = -0.39246423660684576, norm_value = 1.0 + 0.0im, bound_norm=0.963894, free_norm=0.036106 + 0.0im
     | block_size = 200 
[TDSE] Runing TDSE-SH-linear (length gauge, dipole form). step 10000 energy = -0.39095840586831926, norm_value = 1.0 + 0.0im, bound_norm=0.963952, free_norm=0.036048 + 0.0im
     | block_size = 200 
[TDSE] Runing TDSE-SH-linear (length gauge, dipole form). step 10200 energy = -0.403077501089921, norm_value = 1.0 + 0.0im, bound_norm=0.963383, free_norm=0.036617 + 0.0im
     | block_size = 200 
[TDSE] Runing TDSE-SH-linear (length gauge, dipole form). step 10400 energy = -0.4222568508192047, norm_value = 1.0 + 0.0im, bound_norm=0.962286, free_norm=0.037714 + 0.0im
     | block_size = 200 
[TDSE] Runing TDSE-SH-linear (length gauge, dipole form). step 10600 energy = -0.437906100532604, norm_value = 1.0 + 0.0im, bound_norm=0.95972, free_norm=0.04028 + 0.0im
     | block_size = 200 
[TDSE] Runing TDSE-SH-linear (length gauge, dipole form). step 10800 energy = -0.43313131590916887, norm_value = 1.0 + 0.0im, bound_norm=0.94797, free_norm=0.05203 + 0.0im
     | block_size = 200 
[TDSE] Runing TDSE-SH-linear (length gauge, dipole form). step 11000 energy = -0.3859341811715045, norm_value = 1.0 + 0.0im, bound_norm=0.91673, free_norm=0.08327 + 0.0im
     | block_size = 200 
[TDSE] Runing TDSE-SH-linear (length gauge, dipole form). step 11200 energy = -0.27306455544296876, norm_value = 1.0 + 0.0im, bound_norm=0.873396, free_norm=0.126604 + 0.0im
     | block_size = 200 
[TDSE] Runing TDSE-SH-linear (length gauge, dipole form). step 11400 energy = -0.08814693431954969, norm_value = 1.0 + 0.0im, bound_norm=0.836502, free_norm=0.163498 + 0.0im
     | block_size = 200 
[TDSE] Runing TDSE-SH-linear (length gauge, dipole form). step 11600 energy = 0.1391633964496654, norm_value = 1.0 + 0.0im, bound_norm=0.816636, free_norm=0.183364 + 0.0im
     | block_size = 200 
[TDSE] Runing TDSE-SH-linear (length gauge, dipole form). step 11800 energy = 0.35084678060774477, norm_value = 1.0 + 0.0im, bound_norm=0.809061, free_norm=0.190939 + 0.0im
     | block_size = 200 
[TDSE] Runing TDSE-SH-linear (length gauge, dipole form). step 12000 energy = 0.48755841831396235, norm_value = 1.0 + 0.0im, bound_norm=0.807503, free_norm=0.192497 + 0.0im
     | block_size = 200 
[TDSE] Runing TDSE-SH-linear (length gauge, dipole form). step 12200 energy = 0.504160822384512, norm_value = 1.0 + 0.0im, bound_norm=0.807781, free_norm=0.192219 + 0.0im
     | block_size = 200 
[TDSE] Runing TDSE-SH-linear (length gauge, dipole form). step 12400 energy = 0.3929514704664263, norm_value = 1.0 + 0.0im, bound_norm=0.807413, free_norm=0.192587 + 0.0im
     | block_size = 200 
[TDSE] Runing TDSE-SH-linear (length gauge, dipole form). step 12600 energy = 0.19303209600320562, norm_value = 1.0 + 0.0im, bound_norm=0.805353, free_norm=0.194647 + 0.0im
     | block_size = 200 
[TDSE] Runing TDSE-SH-linear (length gauge, dipole form). step 12800 energy = -0.02310311017046411, norm_value = 1.0 + 0.0im, bound_norm=0.80142, free_norm=0.19858 + 0.0im
     | block_size = 200 
[TDSE] Runing TDSE-SH-linear (length gauge, dipole form). step 13000 energy = -0.1649485558489451, norm_value = 1.0 + 0.0im, bound_norm=0.782373, free_norm=0.217627 + 0.0im
     | block_size = 200 
[TDSE] Runing TDSE-SH-linear (length gauge, dipole form). step 13200 energy = -0.15014417707085084, norm_value = 1.0 + 0.0im, bound_norm=0.739959, free_norm=0.260041 + 0.0im
     | block_size = 200 
[TDSE] Runing TDSE-SH-linear (length gauge, dipole form). step 13400 energy = 0.07378180477614946, norm_value = 1.0 + 0.0im, bound_norm=0.68781, free_norm=0.31219 + 0.0im
     | block_size = 200 
[TDSE] Runing TDSE-SH-linear (length gauge, dipole form). step 13600 energy = 0.49520846077585284, norm_value = 1.0 + 0.0im, bound_norm=0.646751, free_norm=0.353249 + 0.0im
     | block_size = 200 
[TDSE] Runing TDSE-SH-linear (length gauge, dipole form). step 13800 energy = 1.018406999709381, norm_value = 1.0 + 0.0im, bound_norm=0.62578, free_norm=0.37422 + 0.0im
     | block_size = 200 
[TDSE] Runing TDSE-SH-linear (length gauge, dipole form). step 14000 energy = 1.4976709829542583, norm_value = 1.0 + 0.0im, bound_norm=0.61818, free_norm=0.38182 + 0.0im
     | block_size = 200 
[TDSE] Runing TDSE-SH-linear (length gauge, dipole form). step 14200 energy = 1.7999692258974846, norm_value = 1.0 + 0.0im, bound_norm=0.61639, free_norm=0.38361 + 0.0im
     | block_size = 200 
[TDSE] Runing TDSE-SH-linear (length gauge, dipole form). step 14400 energy = 1.8416217845153575, norm_value = 1.0 + 0.0im, bound_norm=0.616626, free_norm=0.383374 + 0.0im
     | block_size = 200 
[TDSE] Runing TDSE-SH-linear (length gauge, dipole form). step 14600 energy = 1.6137681926964664, norm_value = 1.0 + 0.0im, bound_norm=0.616533, free_norm=0.383467 + 0.0im
     | block_size = 200 
[TDSE] Runing TDSE-SH-linear (length gauge, dipole form). step 14800 energy = 1.192616450118586, norm_value = 1.0 + 0.0im, bound_norm=0.614405, free_norm=0.385595 + 0.0im
     | block_size = 200 
[TDSE] Runing TDSE-SH-linear (length gauge, dipole form). step 15000 energy = 0.7178455747516059, norm_value = 1.0 + 0.0im, bound_norm=0.612642, free_norm=0.387358 + 0.0im
     | block_size = 200 
[TDSE] Runing TDSE-SH-linear (length gauge, dipole form). step 15200 energy = 0.3476065623857228, norm_value = 1.0 + 0.0im, bound_norm=0.602288, free_norm=0.397712 + 0.0im
     | block_size = 200 
[TDSE] Runing TDSE-SH-linear (length gauge, dipole form). step 15400 energy = 0.20122908578821852, norm_value = 1.0 + 0.0im, bound_norm=0.580322, free_norm=0.419678 + 0.0im
     | block_size = 200 
[TDSE] Runing TDSE-SH-linear (length gauge, dipole form). step 15600 energy = 0.3260876098334758, norm_value = 1.0 + 0.0im, bound_norm=0.551328, free_norm=0.448672 + 0.0im
     | block_size = 200 
[TDSE] Runing TDSE-SH-linear (length gauge, dipole form). step 15800 energy = 0.6876721810349697, norm_value = 1.0 + 0.0im, bound_norm=0.531356, free_norm=0.468644 + 0.0im
     | block_size = 200 
[TDSE] Runing TDSE-SH-linear (length gauge, dipole form). step 16000 energy = 1.1685929146816576, norm_value = 1.0 + 0.0im, bound_norm=0.521066, free_norm=0.478934 + 0.0im
     | block_size = 200 
[TDSE] Runing TDSE-SH-linear (length gauge, dipole form). step 16200 energy = 1.6166284663819384, norm_value = 1.0 + 0.0im, bound_norm=0.5172, free_norm=0.4828 + 0.0im
     | block_size = 200 
[TDSE] Runing TDSE-SH-linear (length gauge, dipole form). step 16400 energy = 1.9016587661633095, norm_value = 1.0 + 0.0im, bound_norm=0.516708, free_norm=0.483292 + 0.0im
     | block_size = 200 
[TDSE] Runing TDSE-SH-linear (length gauge, dipole form). step 16600 energy = 1.9458284299374293, norm_value = 1.0 + 0.0im, bound_norm=0.516817, free_norm=0.483183 + 0.0im
     | block_size = 200 
[TDSE] Runing TDSE-SH-linear (length gauge, dipole form). step 16800 energy = 1.7455814979634992, norm_value = 1.0 + 0.0im, bound_norm=0.516717, free_norm=0.483283 + 0.0im
     | block_size = 200 
[TDSE] Runing TDSE-SH-linear (length gauge, dipole form). step 17000 energy = 1.372160790538955, norm_value = 1.0 + 0.0im, bound_norm=0.515504, free_norm=0.484496 + 0.0im
     | block_size = 200 
[TDSE] Runing TDSE-SH-linear (length gauge, dipole form). step 17200 energy = 0.9463351944303018, norm_value = 1.0 + 0.0im, bound_norm=0.515297, free_norm=0.484703 + 0.0im
     | block_size = 200 
[TDSE] Runing TDSE-SH-linear (length gauge, dipole form). step 17400 energy = 0.5992545552693, norm_value = 1.0 + 0.0im, bound_norm=0.513631, free_norm=0.486369 + 0.0im
     | block_size = 200 
[TDSE] Runing TDSE-SH-linear (length gauge, dipole form). step 17600 energy = 0.4203549543604856, norm_value = 1.0 + 0.0im, bound_norm=0.509498, free_norm=0.490502 + 0.0im
     | block_size = 200 
[TDSE] Runing TDSE-SH-linear (length gauge, dipole form). step 17800 energy = 0.43624864308926203, norm_value = 1.0 + 0.0im, bound_norm=0.505214, free_norm=0.494786 + 0.0im
     | block_size = 200 
[TDSE] Runing TDSE-SH-linear (length gauge, dipole form). step 18000 energy = 0.6147156543952752, norm_value = 1.0 + 0.0im, bound_norm=0.500128, free_norm=0.499872 + 0.0im
     | block_size = 200 
[TDSE] Runing TDSE-SH-linear (length gauge, dipole form). step 18200 energy = 0.8775360502884905, norm_value = 1.0 + 0.0im, bound_norm=0.498192, free_norm=0.501808 + 0.0im
     | block_size = 200 
[TDSE] Runing TDSE-SH-linear (length gauge, dipole form). step 18400 energy = 1.1287811310636384, norm_value = 1.0 + 0.0im, bound_norm=0.497639, free_norm=0.502361 + 0.0im
     | block_size = 200 
[TDSE] Runing TDSE-SH-linear (length gauge, dipole form). step 18600 energy = 1.2890470784481671, norm_value = 1.0 + 0.0im, bound_norm=0.497924, free_norm=0.502076 + 0.0im
     | block_size = 200 
[TDSE] Runing TDSE-SH-linear (length gauge, dipole form). step 18800 energy = 1.3164632231314533, norm_value = 1.0 + 0.0im, bound_norm=0.497914, free_norm=0.502086 + 0.0im
     | block_size = 200 
[TDSE] Runing TDSE-SH-linear (length gauge, dipole form). step 19000 energy = 1.2120449849857358, norm_value = 1.0 + 0.0im, bound_norm=0.497806, free_norm=0.502194 + 0.0im
     | block_size = 200 
[TDSE] Runing TDSE-SH-linear (length gauge, dipole form). step 19200 energy = 1.0153867549069342, norm_value = 1.0 + 0.0im, bound_norm=0.49761, free_norm=0.50239 + 0.0im
     | block_size = 200 
[TDSE] Runing TDSE-SH-linear (length gauge, dipole form). step 19400 energy = 0.7888763149724356, norm_value = 1.0 + 0.0im, bound_norm=0.497391, free_norm=0.502609 + 0.0im
     | block_size = 200 
[TDSE] Runing TDSE-SH-linear (length gauge, dipole form). step 19600 energy = 0.5963845170187367, norm_value = 1.0 + 0.0im, bound_norm=0.497319, free_norm=0.502681 + 0.0im
     | block_size = 200 
[TDSE] Runing TDSE-SH-linear (length gauge, dipole form). step 19800 energy = 0.48066704798253834, norm_value = 1.0 + 0.0im, bound_norm=0.497726, free_norm=0.502274 + 0.0im
     | block_size = 200 
[TDSE] Runing TDSE-SH-linear (length gauge, dipole form). step 20000 energy = 0.45158432295416884, norm_value = 1.0 + 0.0im, bound_norm=0.498561, free_norm=0.501439 + 0.0im
     | block_size = 200 
[TDSE] Runing TDSE-SH-linear (length gauge, dipole form). step 20200 energy = 0.4954116202636364, norm_value = 1.0 + 0.0im, bound_norm=0.498021, free_norm=0.501979 + 0.0im
     | block_size = 200 
[TDSE] Runing TDSE-SH-linear (length gauge, dipole form). step 20400 energy = 0.5803951476059404, norm_value = 1.0 + 0.0im, bound_norm=0.497653, free_norm=0.502347 + 0.0im
     | block_size = 200 
[TDSE] Runing TDSE-SH-linear (length gauge, dipole form). step 20600 energy = 0.6670393941645731, norm_value = 1.0 + 0.0im, bound_norm=0.497697, free_norm=0.502303 + 0.0im
     | block_size = 200 
[TDSE] Runing TDSE-SH-linear (length gauge, dipole form). step 20800 energy = 0.7237602941719753, norm_value = 1.0 + 0.0im, bound_norm=0.497779, free_norm=0.502221 + 0.0im
     | block_size = 200 
[TDSE] Runing TDSE-SH-linear (length gauge, dipole form). step 21000 energy = 0.7342818107191598, norm_value = 1.0 + 0.0im, bound_norm=0.497793, free_norm=0.502207 + 0.0im
     | block_size = 200 
[TDSE] Runing TDSE-SH-linear (length gauge, dipole form). step 21200 energy = 0.7005577001518236, norm_value = 1.0 + 0.0im, bound_norm=0.497766, free_norm=0.502234 + 0.0im
     | block_size = 200 
[TDSE] Runing TDSE-SH-linear (length gauge, dipole form). step 21400 energy = 0.6375686086589446, norm_value = 1.0 + 0.0im, bound_norm=0.497721, free_norm=0.502279 + 0.0im
     | block_size = 200 
[TDSE] Runing TDSE-SH-linear (length gauge, dipole form). step 21600 energy = 0.5664610785944835, norm_value = 1.0 + 0.0im, bound_norm=0.497579, free_norm=0.502421 + 0.0im
     | block_size = 200 
[TDSE] Runing TDSE-SH-linear (length gauge, dipole form). step 21800 energy = 0.5058120459646198, norm_value = 1.0 + 0.0im, bound_norm=0.498351, free_norm=0.501649 + 0.0im
     | block_size = 200 
[TDSE] Runing TDSE-SH-linear (length gauge, dipole form). step 22000 energy = 0.46624900509269845, norm_value = 1.0 + 0.0im, bound_norm=0.49846, free_norm=0.50154 + 0.0im
     | block_size = 200 
[TDSE] Runing TDSE-SH-linear (length gauge, dipole form). step 22200 energy = 0.450377016881313, norm_value = 1.0 + 0.0im, bound_norm=0.498168, free_norm=0.501832 + 0.0im
     | block_size = 200 
[TDSE] Runing TDSE-SH-linear (length gauge, dipole form). step 22400 energy = 0.4530984390014414, norm_value = 1.0 + 0.0im, bound_norm=0.498959, free_norm=0.501041 + 0.0im
     | block_size = 200 
[TDSE] Runing TDSE-SH-linear (length gauge, dipole form). step 22600 energy = 0.4658458521680721, norm_value = 1.0 + 0.0im, bound_norm=0.498962, free_norm=0.501038 + 0.0im
     | block_size = 200 
[TDSE] Runing TDSE-SH-linear (length gauge, dipole form). step 22800 energy = 0.48008452051409184, norm_value = 1.0 + 0.0im, bound_norm=0.498661, free_norm=0.501339 + 0.0im
     | block_size = 200 
[TDSE] Runing TDSE-SH-linear (length gauge, dipole form). step 23000 energy = 0.4892675216718281, norm_value = 1.0 + 0.0im, bound_norm=0.498469, free_norm=0.501531 + 0.0im
     | block_size = 200 
[TDSE] Runing TDSE-SH-linear (length gauge, dipole form). step 23200 energy = 0.49110855098642525, norm_value = 1.0 + 0.0im, bound_norm=0.498449, free_norm=0.501551 + 0.0im
     | block_size = 200 
