Sample 2026_7_14_0.01_0.057_6_short_range_10 does not exist. Exceute a new sample.
[ITP]: loop_times = 141
Energy of the state with k_=1: -0.4856362899419032
[ITP]: loop_times = 782
Energy of the state with k_=2: -0.08502203257532465
[ITP]: loop_times = 2000
Energy of the state with n=1, l=0, m=0: -0.4856362899419131
[ITP]: loop_times = 2000
Energy of the state with n=2, l=0, m=0: -0.07911107085132138
[ITP]: loop_times = 2000
Energy of the state with n=2, l=1, m=0: -0.08502203257536711
coarse_dipole_z_cb calculation finished.
it = 1
Total = 1.0000, Free = 0.0000
D_BB = -2.619721e-12, D_BC = -4.068891e-12, D_CC = +1.648763e-32, D_total = -6.688611e-12
it = 101
Total = 1.0000, Free = 0.0000
D_BB = -2.482727e-04, D_BC = -6.475254e-05, D_CC = -9.674773e-12, D_total = -3.130253e-04
it = 201
Total = 1.0000, Free = 0.0000
D_BB = -8.403862e-04, D_BC = -2.098379e-04, D_CC = +7.579100e-10, D_total = -1.050223e-03
it = 301
Total = 1.0000, Free = 0.0000
D_BB = +6.684959e-04, D_BC = +1.784709e-04, D_CC = +1.383351e-09, D_total = +8.469683e-04
it = 401
Total = 1.0000, Free = 0.0000
D_BB = +4.168087e-03, D_BC = +1.058695e-03, D_CC = +2.464448e-08, D_total = +5.226807e-03
it = 501
Total = 1.0000, Free = 0.0000
D_BB = +3.471639e-03, D_BC = +8.676075e-04, D_CC = -4.586579e-09, D_total = +4.339242e-03
it = 601
Total = 1.0000, Free = 0.0000
D_BB = -4.791641e-03, D_BC = -1.228617e-03, D_CC = -4.835711e-08, D_total = -6.020306e-03
it = 701
Total = 1.0000, Free = 0.0000
D_BB = -1.152633e-02, D_BC = -2.912911e-03, D_CC = -3.570157e-07, D_total = -1.443960e-02
it = 801
Total = 1.0000, Free = 0.0000
D_BB = -4.133384e-03, D_BC = -1.027596e-03, D_CC = -2.194630e-08, D_total = -5.161002e-03
it = 901
Total = 1.0000, Free = 0.0000
D_BB = +1.308448e-02, D_BC = +3.319511e-03, D_CC = +7.750459e-07, D_total = +1.640477e-02
it = 1001
Total = 1.0000, Free = 0.0000
D_BB = +1.845498e-02, D_BC = +4.645906e-03, D_CC = +1.086481e-06, D_total = +2.310197e-02
it = 1101
Total = 1.0000, Free = 0.0000
D_BB = +1.705707e-04, D_BC = +2.806079e-05, D_CC = +2.389031e-08, D_total = +1.986553e-04
it = 1201
Total = 1.0000, Free = 0.0000
D_BB = -2.287643e-02, D_BC = -5.766165e-03, D_CC = -3.930142e-06, D_total = -2.864653e-02
it = 1301
Total = 1.0000, Free = 0.0000
D_BB = -2.076744e-02, D_BC = -5.226499e-03, D_CC = +1.296250e-07, D_total = -2.599381e-02
it = 1401
Total = 1.0000, Free = 0.0000
D_BB = +7.739140e-03, D_BC = +1.966659e-03, D_CC = +6.777167e-07, D_total = +9.706476e-03
it = 1501
Total = 1.0000, Free = 0.0000
D_BB = +2.963637e-02, D_BC = +7.434598e-03, D_CC = +7.284269e-06, D_total = +3.707825e-02
it = 1601
Total = 1.0000, Free = 0.0000
D_BB = +1.682311e-02, D_BC = +4.245766e-03, D_CC = -2.785408e-06, D_total = +2.106609e-02
it = 1701
Total = 1.0000, Free = 0.0000
D_BB = -1.596369e-02, D_BC = -4.030887e-03, D_CC = -5.155422e-06, D_total = -1.999973e-02
it = 1801
Total = 1.0000, Free = 0.0000
D_BB = -2.980586e-02, D_BC = -7.475510e-03, D_CC = -3.541562e-06, D_total = -3.728491e-02
it = 1901
Total = 1.0000, Free = 0.0000
D_BB = -8.674591e-03, D_BC = -2.201554e-03, D_CC = +1.853220e-06, D_total = -1.087429e-02
it = 2001
Total = 1.0000, Free = 0.0000
D_BB = +2.020107e-02, D_BC = +5.084661e-03, D_CC = +9.793790e-06, D_total = +2.529552e-02
it = 2101
Total = 1.0000, Free = 0.0000
D_BB = +2.328695e-02, D_BC = +5.868228e-03, D_CC = -2.883693e-06, D_total = +2.915229e-02
it = 2201
Total = 1.0000, Free = 0.0000
D_BB = +5.927023e-04, D_BC = +1.675476e-04, D_CC = -8.553319e-08, D_total = +7.601643e-04
it = 2301
Total = 1.0000, Free = 0.0000
D_BB = -1.823730e-02, D_BC = -4.591783e-03, D_CC = -6.792481e-06, D_total = -2.283587e-02
it = 2401
Total = 1.0000, Free = 0.0000
D_BB = -1.352513e-02, D_BC = -3.431644e-03, D_CC = +2.724060e-06, D_total = -1.695405e-02
it = 2501
Total = 1.0000, Free = 0.0000
D_BB = +3.685857e-03, D_BC = +9.135037e-04, D_CC = +4.316000e-07, D_total = +4.599792e-03
it = 2601
Total = 1.0000, Free = 0.0000
D_BB = +1.154487e-02, D_BC = +2.916524e-03, D_CC = +1.520440e-06, D_total = +1.446292e-02
it = 2701
Total = 1.0000, Free = 0.0000
D_BB = +5.086057e-03, D_BC = +1.302320e-03, D_CC = -4.683828e-07, D_total = +6.387909e-03
it = 2801
Total = 1.0000, Free = 0.0000
D_BB = -3.323127e-03, D_BC = -8.293035e-04, D_CC = -1.959488e-07, D_total = -4.152627e-03
it = 2901
Total = 1.0000, Free = 0.0000
D_BB = -4.247037e-03, D_BC = -1.077871e-03, D_CC = -2.798243e-08, D_total = -5.324936e-03
it = 3001
Total = 1.0000, Free = 0.0000
D_BB = -7.621577e-04, D_BC = -2.017275e-04, D_CC = +7.230953e-08, D_total = -9.638129e-04
it = 3101
Total = 1.0000, Free = 0.0000
D_BB = +8.421052e-04, D_BC = +2.091679e-04, D_CC = +5.707988e-08, D_total = +1.051330e-03
it = 3201
Total = 1.0000, Free = 0.0000
D_BB = +2.679963e-04, D_BC = +6.964303e-05, D_CC = +3.936104e-08, D_total = +3.376787e-04
it = 3301
Total = 1.0000, Free = 0.0000
D_BB = -3.264595e-06, D_BC = -1.407352e-07, D_CC = +3.595092e-08, D_total = -3.369379e-06
Sample 2026_7_14_0.01_0.0285_6_short_range_10 does not exist. Exceute a new sample.
[ITP]: loop_times = 141
Energy of the state with k_=1: -0.4856362899419032
[ITP]: loop_times = 782
Energy of the state with k_=2: -0.08502203257532465
[ITP]: loop_times = 2000
Energy of the state with n=1, l=0, m=0: -0.4856362899419131
[ITP]: loop_times = 2000
Energy of the state with n=2, l=0, m=0: -0.07911107085132138
[ITP]: loop_times = 2000
Energy of the state with n=2, l=1, m=0: -0.08502203257536711
coarse_dipole_z_cb calculation finished.
it = 1
Total = 1.0000, Free = 0.0000
D_BB = -3.274705e-13, D_BC = -5.086197e-13, D_CC = +3.220858e-35, D_total = -8.360902e-13
it = 101
Total = 1.0000, Free = 0.0000
D_BB = -3.575675e-05, D_BC = -9.599974e-06, D_CC = +6.209747e-14, D_total = -4.535672e-05
it = 201
Total = 1.0000, Free = 0.0000
D_BB = -2.467944e-04, D_BC = -6.391504e-05, D_CC = +1.037776e-12, D_total = -3.107094e-04
it = 301
Total = 1.0000, Free = 0.0000
D_BB = -6.034581e-04, D_BC = -1.547090e-04, D_CC = +6.973815e-11, D_total = -7.581670e-04
it = 401
Total = 1.0000, Free = 0.0000
D_BB = -8.152037e-04, D_BC = -2.077101e-04, D_CC = -4.675989e-10, D_total = -1.022914e-03
it = 501
Total = 1.0000, Free = 0.0000
D_BB = -4.727108e-04, D_BC = -1.190078e-04, D_CC = +1.812335e-10, D_total = -5.917184e-04
it = 601
Total = 1.0000, Free = 0.0000
D_BB = +6.672600e-04, D_BC = +1.730887e-04, D_CC = -5.635281e-10, D_total = +8.403482e-04
it = 701
Total = 1.0000, Free = 0.0000
D_BB = +2.418385e-03, D_BC = +6.208254e-04, D_CC = +3.505900e-10, D_total = +3.039211e-03
it = 801
Total = 1.0000, Free = 0.0000
D_BB = +4.092525e-03, D_BC = +1.048018e-03, D_CC = +2.259382e-08, D_total = +5.140566e-03
it = 901
Total = 1.0000, Free = 0.0000
D_BB = +4.705744e-03, D_BC = +1.202959e-03, D_CC = +3.110120e-08, D_total = +5.908734e-03
it = 1001
Total = 1.0000, Free = 0.0000
D_BB = +3.417887e-03, D_BC = +8.715015e-04, D_CC = -8.312357e-09, D_total = +4.289381e-03
it = 1101
Total = 1.0000, Free = 0.0000
D_BB = +3.516715e-05, D_BC = +4.255585e-06, D_CC = +1.834484e-09, D_total = +3.942457e-05
it = 1201
Total = 1.0000, Free = 0.0000
D_BB = -4.685548e-03, D_BC = -1.201688e-03, D_CC = -7.207095e-08, D_total = -5.887308e-03
it = 1301
Total = 1.0000, Free = 0.0000
D_BB = -9.129236e-03, D_BC = -2.336299e-03, D_CC = -2.456737e-07, D_total = -1.146578e-02
it = 1401
Total = 1.0000, Free = 0.0000
D_BB = -1.133074e-02, D_BC = -2.896681e-03, D_CC = +6.824729e-08, D_total = -1.422735e-02
it = 1501
Total = 1.0000, Free = 0.0000
D_BB = -9.767328e-03, D_BC = -2.492429e-03, D_CC = +6.145125e-07, D_total = -1.225914e-02
it = 1601
Total = 1.0000, Free = 0.0000
D_BB = -4.141308e-03, D_BC = -1.052593e-03, D_CC = +2.029258e-07, D_total = -5.193699e-03
it = 1701
Total = 1.0000, Free = 0.0000
D_BB = +4.252010e-03, D_BC = +1.090077e-03, D_CC = +2.587815e-07, D_total = +5.342346e-03
it = 1801
Total = 1.0000, Free = 0.0000
D_BB = +1.278614e-02, D_BC = +3.267587e-03, D_CC = +2.439883e-06, D_total = +1.605616e-02
it = 1901
Total = 1.0000, Free = 0.0000
D_BB = +1.829199e-02, D_BC = +4.667822e-03, D_CC = +1.033457e-06, D_total = +2.296085e-02
it = 2001
Total = 1.0000, Free = 0.0000
D_BB = +1.819937e-02, D_BC = +4.638628e-03, D_CC = -6.431410e-06, D_total = +2.283157e-02
it = 2101
Total = 1.0000, Free = 0.0000
D_BB = +1.171143e-02, D_BC = +2.981168e-03, D_CC = -6.180141e-06, D_total = +1.468642e-02
it = 2201
Total = 1.0000, Free = 0.0000
D_BB = +3.573385e-04, D_BC = +8.498222e-05, D_CC = +2.290098e-07, D_total = +4.425497e-04
it = 2301
Total = 1.0000, Free = 0.0000
D_BB = -1.244048e-02, D_BC = -3.174847e-03, D_CC = -9.121695e-06, D_total = -1.562445e-02
it = 2401
Total = 1.0000, Free = 0.0000
D_BB = -2.239713e-02, D_BC = -5.702795e-03, D_CC = -1.542449e-05, D_total = -2.811535e-02
it = 2501
Total = 1.0000, Free = 0.0000
D_BB = -2.570504e-02, D_BC = -6.536354e-03, D_CC = +1.408851e-05, D_total = -3.222731e-02
it = 2601
Total = 1.0000, Free = 0.0000
D_BB = -2.059919e-02, D_BC = -5.235936e-03, D_CC = +3.705746e-05, D_total = -2.579807e-02
it = 2701
Total = 1.0000, Free = 0.0000
D_BB = -8.323432e-03, D_BC = -2.115808e-03, D_CC = +1.012913e-05, D_total = -1.042911e-02
it = 2801
Total = 1.0000, Free = 0.0000
D_BB = +7.344688e-03, D_BC = +1.870132e-03, D_CC = +8.369994e-06, D_total = +9.223190e-03
it = 2901
Total = 1.0000, Free = 0.0000
D_BB = +2.141655e-02, D_BC = +5.447161e-03, D_CC = +5.331808e-05, D_total = +2.691703e-02
it = 3001
Total = 1.0000, Free = 0.0000
D_BB = +2.909369e-02, D_BC = +7.386863e-03, D_CC = +1.989902e-05, D_total = +3.650046e-02
it = 3101
Total = 1.0000, Free = 0.0000
D_BB = +2.744489e-02, D_BC = +6.967349e-03, D_CC = -7.539173e-05, D_total = +3.433685e-02
it = 3201
Total = 1.0000, Free = 0.0000
D_BB = +1.685177e-02, D_BC = +4.279713e-03, D_CC = -6.501088e-05, D_total = +2.106647e-02
it = 3301
Total = 1.0000, Free = 0.0000
D_BB = +8.420049e-04, D_BC = +2.134345e-04, D_CC = -2.770926e-07, D_total = +1.055162e-03
it = 3401
Total = 1.0000, Free = 0.0000
D_BB = -1.543408e-02, D_BC = -3.919038e-03, D_CC = -6.392491e-05, D_total = -1.941705e-02
it = 3501
Total = 1.0000, Free = 0.0000
D_BB = -2.675813e-02, D_BC = -6.791854e-03, D_CC = -1.013414e-04, D_total = -3.365132e-02
it = 3601
Total = 1.0000, Free = 0.0000
D_BB = -2.936859e-02, D_BC = -7.456569e-03, D_CC = +3.793966e-05, D_total = -3.678722e-02
it = 3701
Total = 1.0000, Free = 0.0000
D_BB = -2.252913e-02, D_BC = -5.729384e-03, D_CC = +1.251259e-04, D_total = -2.813339e-02
it = 3801
Total = 1.0000, Free = 0.0000
D_BB = -8.889825e-03, D_BC = -2.264292e-03, D_CC = +3.291297e-05, D_total = -1.112120e-02
it = 3901
Total = 1.0000, Free = 0.0000
D_BB = +6.850617e-03, D_BC = +1.740137e-03, D_CC = +2.035065e-05, D_total = +8.611104e-03
it = 4001
Total = 1.0000, Free = 0.0000
D_BB = +1.965896e-02, D_BC = +4.998176e-03, D_CC = +1.223641e-04, D_total = +2.477950e-02
it = 4101
Total = 1.0000, Free = 0.0000
D_BB = +2.557924e-02, D_BC = +6.502973e-03, D_CC = +6.355139e-05, D_total = +3.214577e-02
it = 4201
Total = 1.0000, Free = 0.0000
D_BB = +2.307018e-02, D_BC = +5.872610e-03, D_CC = -8.657989e-05, D_total = +2.885622e-02
it = 4301
Total = 1.0000, Free = 0.0000
D_BB = +1.362091e-02, D_BC = +3.475700e-03, D_CC = -7.492993e-05, D_total = +1.702168e-02
it = 4401
Total = 1.0000, Free = 0.0000
D_BB = +9.097221e-04, D_BC = +2.376570e-04, D_CC = -8.749884e-07, D_total = +1.146504e-03
it = 4501
Total = 1.0000, Free = 0.0000
D_BB = -1.076180e-02, D_BC = -2.741846e-03, D_CC = -5.332394e-05, D_total = -1.355697e-02
it = 4601
Total = 1.0000, Free = 0.0000
D_BB = -1.783623e-02, D_BC = -4.544920e-03, D_CC = -8.486877e-05, D_total = -2.246602e-02
it = 4701
Total = 1.0000, Free = 0.0000
D_BB = -1.856318e-02, D_BC = -4.735012e-03, D_CC = -1.910932e-08, D_total = -2.329821e-02
it = 4801
Total = 1.0000, Free = 0.0000
D_BB = -1.351609e-02, D_BC = -3.455161e-03, D_CC = +4.837596e-05, D_total = -1.692288e-02
it = 4901
Total = 1.0000, Free = 0.0000
D_BB = -5.138459e-03, D_BC = -1.316343e-03, D_CC = +1.249672e-05, D_total = -6.442305e-03
it = 5001
Total = 1.0000, Free = 0.0000
D_BB = +3.400961e-03, D_BC = +8.631531e-04, D_CC = +5.496748e-06, D_total = +4.269611e-03
it = 5101
Total = 1.0000, Free = 0.0000
D_BB = +9.382726e-03, D_BC = +2.394635e-03, D_CC = +3.084873e-05, D_total = +1.180821e-02
it = 5201
Total = 1.0000, Free = 0.0000
D_BB = +1.136047e-02, D_BC = +2.902677e-03, D_CC = +1.886576e-05, D_total = +1.428201e-02
it = 5301
Total = 1.0000, Free = 0.0000
D_BB = +9.478819e-03, D_BC = +2.425207e-03, D_CC = -5.432555e-06, D_total = +1.189859e-02
it = 5401
Total = 1.0000, Free = 0.0000
D_BB = +5.168142e-03, D_BC = +1.324009e-03, D_CC = -7.236705e-06, D_total = +6.484914e-03
it = 5501
Total = 1.0000, Free = 0.0000
D_BB = +3.916249e-04, D_BC = +1.041536e-04, D_CC = -5.612552e-07, D_total = +4.952172e-04
it = 5601
Total = 1.0000, Free = 0.0000
D_BB = -3.171764e-03, D_BC = -8.084845e-04, D_CC = -3.024218e-06, D_total = -3.983273e-03
it = 5701
Total = 1.0000, Free = 0.0000
D_BB = -4.672230e-03, D_BC = -1.193876e-03, D_CC = -3.952224e-06, D_total = -5.870057e-03
it = 5801
Total = 1.0000, Free = 0.0000
D_BB = -4.217816e-03, D_BC = -1.079280e-03, D_CC = -9.067905e-07, D_total = -5.298002e-03
it = 5901
Total = 1.0000, Free = 0.0000
D_BB = -2.602379e-03, D_BC = -6.680058e-04, D_CC = +5.102160e-07, D_total = -3.269875e-03
it = 6001
Total = 1.0000, Free = 0.0000
D_BB = -8.195782e-04, D_BC = -2.124916e-04, D_CC = +2.951766e-07, D_total = -1.031775e-03
it = 6101
Total = 1.0000, Free = 0.0000
D_BB = +3.964777e-04, D_BC = +9.944839e-05, D_CC = +1.628193e-07, D_total = +4.960889e-04
it = 6201
Total = 1.0000, Free = 0.0000
D_BB = +8.113118e-04, D_BC = +2.069340e-04, D_CC = +1.206898e-07, D_total = +1.018366e-03
it = 6301
Total = 1.0000, Free = 0.0000
D_BB = +6.377182e-04, D_BC = +1.632681e-04, D_CC = +3.653902e-08, D_total = +8.010229e-04
it = 6401
Total = 1.0000, Free = 0.0000
D_BB = +2.793070e-04, D_BC = +7.181914e-05, D_CC = -2.380177e-08, D_total = +3.511023e-04
it = 6501
Total = 1.0000, Free = 0.0000
D_BB = +4.661300e-05, D_BC = +1.249425e-05, D_CC = -5.380249e-08, D_total = +5.905345e-05
it = 6601
Total = 1.0000, Free = 0.0000
D_BB = -9.306201e-07, D_BC = +3.247614e-07, D_CC = -8.045120e-08, D_total = -6.863099e-07
Sample 2026_7_14_0.01_0.114_6_short_range_10 does not exist. Exceute a new sample.
[ITP]: loop_times = 141
Energy of the state with k_=1: -0.4856362899419032
[ITP]: loop_times = 782
Energy of the state with k_=2: -0.08502203257532465
[ITP]: loop_times = 2000
Energy of the state with n=1, l=0, m=0: -0.4856362899419131
[ITP]: loop_times = 2000
Energy of the state with n=2, l=0, m=0: -0.07911107085132138
[ITP]: loop_times = 2000
Energy of the state with n=2, l=1, m=0: -0.08502203257536711
coarse_dipole_z_cb calculation finished.
it = 1
Total = 1.0000, Free = 0.0000
D_BB = -2.095638e-11, D_BC = -3.254898e-11, D_CC = +8.435231e-30, D_total = -5.350537e-11
it = 101
Total = 1.0000, Free = 0.0000
D_BB = -9.992030e-04, D_BC = -2.174264e-04, D_CC = -5.934256e-10, D_total = -1.216630e-03
it = 201
Total = 1.0000, Free = 0.0000
D_BB = +4.461227e-03, D_BC = +1.088275e-03, D_CC = +9.207787e-09, D_total = +5.549511e-03
it = 301
Total = 1.0000, Free = 0.0000
D_BB = -5.007469e-03, D_BC = -1.283642e-03, D_CC = -7.532008e-08, D_total = -6.291187e-03
it = 401
Total = 1.0000, Free = 0.0000
D_BB = -4.448360e-03, D_BC = -9.950239e-04, D_CC = +2.906613e-08, D_total = -5.443355e-03
it = 501
Total = 1.0000, Free = 0.0000
D_BB = +1.975701e-02, D_BC = +4.704392e-03, D_CC = +1.266496e-06, D_total = +2.446267e-02
it = 601
Total = 1.0000, Free = 0.0000
D_BB = -2.450701e-02, D_BC = -5.939610e-03, D_CC = -4.325814e-06, D_total = -3.045094e-02
it = 701
Total = 1.0000, Free = 0.0000
D_BB = +8.712005e-03, D_BC = +2.173306e-03, D_CC = -1.564766e-07, D_total = +1.088516e-02
it = 801
Total = 1.0000, Free = 0.0000
D_BB = +1.701141e-02, D_BC = +4.197202e-03, D_CC = +2.139881e-06, D_total = +2.121075e-02
it = 901
Total = 1.0000, Free = 0.0000
D_BB = -3.214157e-02, D_BC = -7.587021e-03, D_CC = -8.696739e-07, D_total = -3.972946e-02
it = 1001
Total = 1.0000, Free = 0.0000
D_BB = +2.221662e-02, D_BC = +5.287371e-03, D_CC = +4.736482e-06, D_total = +2.750873e-02
it = 1101
Total = 1.0000, Free = 0.0000
D_BB = +6.181818e-06, D_BC = +3.688920e-06, D_CC = -4.236083e-07, D_total = +9.447130e-06
it = 1201
Total = 1.0000, Free = 0.0000
D_BB = -1.385338e-02, D_BC = -3.415058e-03, D_CC = -6.796872e-07, D_total = -1.726912e-02
it = 1301
Total = 1.0000, Free = 0.0000
D_BB = +1.221758e-02, D_BC = +2.975961e-03, D_CC = +8.155733e-07, D_total = +1.519435e-02
it = 1401
Total = 1.0000, Free = 0.0000
D_BB = -3.832183e-03, D_BC = -8.886042e-04, D_CC = +2.140917e-07, D_total = -4.720573e-03
it = 1501
Total = 1.0000, Free = 0.0000
D_BB = -4.231593e-04, D_BC = -1.765813e-04, D_CC = +1.494389e-08, D_total = -5.997256e-04
it = 1601
Total = 1.0000, Free = 0.0000
D_BB = +1.003540e-04, D_BC = +6.447314e-05, D_CC = +2.250142e-08, D_total = +1.648497e-04
Sample 2026_7_14_0.015_0.057_6_short_range_10 does not exist. Exceute a new sample.
[ITP]: loop_times = 141
Energy of the state with k_=1: -0.4856362899419032
[ITP]: loop_times = 782
Energy of the state with k_=2: -0.08502203257532465
[ITP]: loop_times = 2000
Energy of the state with n=1, l=0, m=0: -0.4856362899419131
[ITP]: loop_times = 2000
Energy of the state with n=2, l=0, m=0: -0.07911107085132138
[ITP]: loop_times = 2000
Energy of the state with n=2, l=1, m=0: -0.08502203257536711
coarse_dipole_z_cb calculation finished.
it = 1
Total = 1.0000, Free = 0.0000
D_BB = -3.929581e-12, D_BC = -6.103336e-12, D_CC = +5.564567e-32, D_total = -1.003292e-11
it = 101
Total = 1.0000, Free = 0.0000
D_BB = -3.724090e-04, D_BC = -9.712903e-05, D_CC = +3.159492e-11, D_total = -4.695380e-04
it = 201
Total = 1.0000, Free = 0.0000
D_BB = -1.260599e-03, D_BC = -3.147184e-04, D_CC = +3.512880e-10, D_total = -1.575317e-03
it = 301
Total = 1.0000, Free = 0.0000
D_BB = +1.002734e-03, D_BC = +2.677015e-04, D_CC = -3.208556e-09, D_total = +1.270433e-03
it = 401
Total = 1.0000, Free = 0.0000
D_BB = +6.253269e-03, D_BC = +1.588341e-03, D_CC = +7.738103e-08, D_total = +7.841687e-03
it = 501
Total = 1.0000, Free = 0.0000
D_BB = +5.207877e-03, D_BC = +1.300372e-03, D_CC = +4.466234e-08, D_total = +6.508293e-03
it = 601
Total = 1.0000, Free = 0.0000
D_BB = -7.187701e-03, D_BC = -1.842679e-03, D_CC = -1.190000e-07, D_total = -9.030500e-03
it = 701
Total = 1.0000, Free = 0.0000
D_BB = -1.731532e-02, D_BC = -4.365526e-03, D_CC = -1.358479e-06, D_total = -2.168221e-02
it = 801
Total = 1.0000, Free = 0.0000
D_BB = -6.198503e-03, D_BC = -1.541333e-03, D_CC = -1.046112e-08, D_total = -7.739847e-03
it = 901
Total = 1.0000, Free = 0.0000
D_BB = +1.965403e-02, D_BC = +4.977390e-03, D_CC = +2.555960e-06, D_total = +2.463397e-02
it = 1001
Total = 1.0000, Free = 0.0000
D_BB = +2.778767e-02, D_BC = +6.962686e-03, D_CC = +3.621221e-06, D_total = +3.475397e-02
it = 1101
Total = 1.0000, Free = 0.0000
D_BB = +2.551559e-04, D_BC = +4.105853e-05, D_CC = +3.275729e-08, D_total = +2.962472e-04
it = 1201
Total = 1.0000, Free = 0.0001
D_BB = -3.449804e-02, D_BC = -8.640747e-03, D_CC = -1.308482e-05, D_total = -4.315187e-02
it = 1301
Total = 1.0000, Free = 0.0001
D_BB = -3.128039e-02, D_BC = -7.830789e-03, D_CC = +6.965338e-07, D_total = -3.911048e-02
it = 1401
Total = 1.0000, Free = 0.0000
D_BB = +1.159805e-02, D_BC = +2.950156e-03, D_CC = +2.443865e-06, D_total = +1.455065e-02
it = 1501
Total = 1.0000, Free = 0.0001
D_BB = +4.488886e-02, D_BC = +1.113150e-02, D_CC = +2.301317e-05, D_total = +5.604337e-02
it = 1601
Total = 1.0000, Free = 0.0000
D_BB = +2.527421e-02, D_BC = +6.364430e-03, D_CC = -9.465827e-06, D_total = +3.162917e-02
it = 1701
Total = 1.0000, Free = 0.0000
D_BB = -2.397210e-02, D_BC = -6.040120e-03, D_CC = -1.785940e-05, D_total = -3.003008e-02
it = 1801
Total = 1.0000, Free = 0.0001
D_BB = -4.515734e-02, D_BC = -1.119080e-02, D_CC = -9.885409e-06, D_total = -5.635803e-02
it = 1901
Total = 1.0000, Free = 0.0000
D_BB = -1.300654e-02, D_BC = -3.301506e-03, D_CC = +6.338500e-06, D_total = -1.630170e-02
it = 2001
Total = 1.0000, Free = 0.0000
D_BB = +3.042099e-02, D_BC = +7.615315e-03, D_CC = +3.342396e-05, D_total = +3.806972e-02
it = 2101
Total = 1.0000, Free = 0.0001
D_BB = +3.513054e-02, D_BC = +8.790993e-03, D_CC = -9.474781e-06, D_total = +4.391206e-02
it = 2201
Total = 1.0000, Free = 0.0000
D_BB = +8.830071e-04, D_BC = +2.488283e-04, D_CC = -2.478260e-07, D_total = +1.131588e-03
it = 2301
Total = 1.0000, Free = 0.0000
D_BB = -2.745785e-02, D_BC = -6.880560e-03, D_CC = -2.286705e-05, D_total = -3.436128e-02
it = 2401
Total = 1.0000, Free = 0.0000
D_BB = -2.031255e-02, D_BC = -5.145604e-03, D_CC = +8.632697e-06, D_total = -2.544952e-02
it = 2501
Total = 1.0000, Free = 0.0000
D_BB = +5.529046e-03, D_BC = +1.372980e-03, D_CC = +1.450504e-06, D_total = +6.903477e-03
it = 2601
Total = 1.0000, Free = 0.0000
D_BB = +1.733497e-02, D_BC = +4.374787e-03, D_CC = +5.227906e-06, D_total = +2.171499e-02
it = 2701
Total = 1.0000, Free = 0.0000
D_BB = +7.631004e-03, D_BC = +1.953754e-03, D_CC = -1.427927e-06, D_total = +9.583330e-03
it = 2801
Total = 1.0000, Free = 0.0000
D_BB = -4.978353e-03, D_BC = -1.244290e-03, D_CC = -6.405956e-07, D_total = -6.223284e-03
it = 2901
Total = 1.0000, Free = 0.0000
D_BB = -6.375062e-03, D_BC = -1.616945e-03, D_CC = -1.468592e-07, D_total = -7.992153e-03
it = 3001
Total = 1.0000, Free = 0.0000
D_BB = -1.149417e-03, D_BC = -3.028078e-04, D_CC = +1.847374e-07, D_total = -1.452040e-03
it = 3101
Total = 1.0000, Free = 0.0000
D_BB = +1.268475e-03, D_BC = +3.139375e-04, D_CC = +1.339380e-07, D_total = +1.582547e-03
it = 3201
Total = 1.0000, Free = 0.0000
D_BB = +4.065011e-04, D_BC = +1.043213e-04, D_CC = +1.001139e-07, D_total = +5.109226e-04
it = 3301
Total = 1.0000, Free = 0.0000
D_BB = -1.163863e-05, D_BC = -5.352858e-08, D_CC = +8.856621e-08, D_total = -1.160359e-05
Sample 2026_7_14_0.015_0.0285_6_short_range_10 does not exist. Exceute a new sample.
[ITP]: loop_times = 141
Energy of the state with k_=1: -0.4856362899419032
[ITP]: loop_times = 782
Energy of the state with k_=2: -0.08502203257532465
[ITP]: loop_times = 2000
Energy of the state with n=1, l=0, m=0: -0.4856362899419131
[ITP]: loop_times = 2000
Energy of the state with n=2, l=0, m=0: -0.07911107085132138
[ITP]: loop_times = 2000
Energy of the state with n=2, l=1, m=0: -0.08502203257536711
coarse_dipole_z_cb calculation finished.
it = 1
Total = 1.0000, Free = 0.0000
D_BB = -4.912057e-13, D_BC = -7.629296e-13, D_CC = +1.087039e-34, D_total = -1.254135e-12
it = 101
Total = 1.0000, Free = 0.0000
D_BB = -5.363512e-05, D_BC = -1.439996e-05, D_CC = +2.095500e-13, D_total = -6.803508e-05
it = 201
Total = 1.0000, Free = 0.0000
D_BB = -3.701916e-04, D_BC = -9.587318e-05, D_CC = -3.916466e-11, D_total = -4.660648e-04
it = 301
Total = 1.0000, Free = 0.0000
D_BB = -9.051935e-04, D_BC = -2.320503e-04, D_CC = -5.686414e-11, D_total = -1.137244e-03
it = 401
Total = 1.0000, Free = 0.0000
D_BB = -1.222813e-03, D_BC = -3.115779e-04, D_CC = +1.126944e-09, D_total = -1.534390e-03
it = 501
Total = 1.0000, Free = 0.0000
D_BB = -7.090739e-04, D_BC = -1.785689e-04, D_CC = -8.309083e-10, D_total = -8.876437e-04
it = 601
Total = 1.0000, Free = 0.0000
D_BB = +1.000905e-03, D_BC = +2.596888e-04, D_CC = +1.922618e-09, D_total = +1.260596e-03
it = 701
Total = 1.0000, Free = 0.0000
D_BB = +3.627660e-03, D_BC = +9.313570e-04, D_CC = +9.730389e-09, D_total = +4.559027e-03
it = 801
Total = 1.0000, Free = 0.0000
D_BB = +6.140010e-03, D_BC = +1.572437e-03, D_CC = +4.164410e-08, D_total = +7.712488e-03
it = 901
Total = 1.0000, Free = 0.0000
D_BB = +7.060283e-03, D_BC = +1.802863e-03, D_CC = +6.066454e-08, D_total = +8.863207e-03
it = 1001
Total = 1.0000, Free = 0.0000
D_BB = +5.127160e-03, D_BC = +1.304368e-03, D_CC = -2.259261e-08, D_total = +6.431505e-03
it = 1101
Total = 1.0000, Free = 0.0000
D_BB = +5.275587e-05, D_BC = +5.944127e-06, D_CC = +1.576998e-08, D_total = +5.871577e-05
it = 1201
Total = 1.0000, Free = 0.0000
D_BB = -7.029452e-03, D_BC = -1.801794e-03, D_CC = -2.138010e-07, D_total = -8.831460e-03
it = 1301
Total = 1.0000, Free = 0.0000
D_BB = -1.370500e-02, D_BC = -3.503262e-03, D_CC = -8.352238e-07, D_total = -1.720910e-02
it = 1401
Total = 1.0000, Free = 0.0000
D_BB = -1.701836e-02, D_BC = -4.339822e-03, D_CC = +2.551221e-07, D_total = -2.135793e-02
it = 1501
Total = 1.0000, Free = 0.0000
D_BB = -1.466491e-02, D_BC = -3.736299e-03, D_CC = +2.274707e-06, D_total = -1.839894e-02
it = 1601
Total = 1.0000, Free = 0.0000
D_BB = -6.212114e-03, D_BC = -1.578366e-03, D_CC = +7.075524e-07, D_total = -7.789773e-03
it = 1701
Total = 1.0000, Free = 0.0000
D_BB = +6.378137e-03, D_BC = +1.632190e-03, D_CC = +9.142498e-07, D_total = +8.011242e-03
it = 1801
Total = 1.0000, Free = 0.0000
D_BB = +1.920854e-02, D_BC = +4.897572e-03, D_CC = +8.350930e-06, D_total = +2.411446e-02
it = 1901
Total = 1.0000, Free = 0.0000
D_BB = +2.753014e-02, D_BC = +6.997743e-03, D_CC = +2.905124e-06, D_total = +3.453078e-02
it = 2001
Total = 1.0000, Free = 0.0000
D_BB = +2.738984e-02, D_BC = +6.943459e-03, D_CC = -2.230213e-05, D_total = +3.431100e-02
it = 2101
Total = 1.0000, Free = 0.0000
D_BB = +1.758921e-02, D_BC = +4.452970e-03, D_CC = -2.185262e-05, D_total = +2.202032e-02
it = 2201
Total = 1.0000, Free = 0.0000
D_BB = +5.363433e-04, D_BC = +1.289453e-04, D_CC = +3.603507e-07, D_total = +6.656490e-04
it = 2301
Total = 1.0000, Free = 0.0000
D_BB = -1.868534e-02, D_BC = -4.741213e-03, D_CC = -3.195811e-05, D_total = -2.345851e-02
it = 2401
Total = 1.0000, Free = 0.0001
D_BB = -3.376265e-02, D_BC = -8.540102e-03, D_CC = -5.095707e-05, D_total = -4.235371e-02
it = 2501
Total = 1.0000, Free = 0.0001
D_BB = -3.881529e-02, D_BC = -9.791991e-03, D_CC = +4.968213e-05, D_total = -4.855760e-02
it = 2601
Total = 1.0000, Free = 0.0001
D_BB = -3.102685e-02, D_BC = -7.824958e-03, D_CC = +1.309080e-04, D_total = -3.872090e-02
it = 2701
Total = 1.0000, Free = 0.0000
D_BB = -1.248992e-02, D_BC = -3.147928e-03, D_CC = +3.678371e-05, D_total = -1.560106e-02
it = 2801
Total = 1.0000, Free = 0.0000
D_BB = +1.101869e-02, D_BC = +2.782584e-03, D_CC = +3.098227e-05, D_total = +1.383226e-02
it = 2901
Total = 1.0000, Free = 0.0001
D_BB = +3.226666e-02, D_BC = +8.135917e-03, D_CC = +1.853674e-04, D_total = +4.058794e-02
it = 3001
Total = 1.0000, Free = 0.0001
D_BB = +4.401369e-02, D_BC = +1.106257e-02, D_CC = +6.646256e-05, D_total = +5.514272e-02
it = 3101
Total = 1.0000, Free = 0.0001
D_BB = +4.147781e-02, D_BC = +1.041814e-02, D_CC = -2.595456e-04, D_total = +5.163641e-02
it = 3201
Total = 1.0000, Free = 0.0000
D_BB = +2.534266e-02, D_BC = +6.370262e-03, D_CC = -2.322373e-04, D_total = +3.148068e-02
it = 3301
Total = 1.0000, Free = 0.0000
D_BB = +1.263754e-03, D_BC = +3.157312e-04, D_CC = -1.466338e-06, D_total = +1.578019e-03
it = 3401
Total = 1.0000, Free = 0.0000
D_BB = -2.319946e-02, D_BC = -5.829256e-03, D_CC = -2.274763e-04, D_total = -2.925619e-02
it = 3501
Total = 1.0000, Free = 0.0001
D_BB = -4.042492e-02, D_BC = -1.015627e-02, D_CC = -3.427029e-04, D_total = -5.092389e-02
it = 3601
Total = 1.0000, Free = 0.0001
D_BB = -4.443778e-02, D_BC = -1.116604e-02, D_CC = +1.269320e-04, D_total = -5.547689e-02
it = 3701
Total = 1.0000, Free = 0.0001
D_BB = -3.396042e-02, D_BC = -8.558362e-03, D_CC = +4.382881e-04, D_total = -4.208049e-02
it = 3801
Total = 1.0000, Free = 0.0000
D_BB = -1.333985e-02, D_BC = -3.366806e-03, D_CC = +1.182832e-04, D_total = -1.658837e-02
it = 3901
Total = 1.0000, Free = 0.0000
D_BB = +1.027671e-02, D_BC = +2.587623e-03, D_CC = +7.443185e-05, D_total = +1.293876e-02
it = 4001
Total = 1.0000, Free = 0.0000
D_BB = +2.959812e-02, D_BC = +7.465772e-03, D_CC = +4.281441e-04, D_total = +3.749204e-02
it = 4101
Total = 1.0000, Free = 0.0001
D_BB = +3.862192e-02, D_BC = +9.741521e-03, D_CC = +2.156745e-04, D_total = +4.857912e-02
it = 4201
Total = 1.0000, Free = 0.0001
D_BB = +3.479002e-02, D_BC = +8.796981e-03, D_CC = -2.927704e-04, D_total = +4.329423e-02
it = 4301
Total = 1.0000, Free = 0.0000
D_BB = +2.046582e-02, D_BC = +5.188412e-03, D_CC = -2.593765e-04, D_total = +2.539486e-02
it = 4401
Total = 1.0000, Free = 0.0000
D_BB = +1.363401e-03, D_BC = +3.508326e-04, D_CC = -2.308271e-06, D_total = +1.711926e-03
it = 4501
Total = 1.0000, Free = 0.0000
D_BB = -1.616016e-02, D_BC = -4.092422e-03, D_CC = -1.865246e-04, D_total = -2.043911e-02
it = 4601
Total = 1.0000, Free = 0.0000
D_BB = -2.683895e-02, D_BC = -6.803664e-03, D_CC = -2.894487e-04, D_total = -3.393206e-02
it = 4701
Total = 1.0000, Free = 0.0000
D_BB = -2.794199e-02, D_BC = -7.098330e-03, D_CC = +6.488739e-07, D_total = -3.503967e-02
it = 4801
Total = 1.0000, Free = 0.0000
D_BB = -2.030841e-02, D_BC = -5.174658e-03, D_CC = +1.644671e-04, D_total = -2.531860e-02
it = 4901
Total = 1.0000, Free = 0.0000
D_BB = -7.708228e-03, D_BC = -1.971232e-03, D_CC = +4.273746e-05, D_total = -9.636723e-03
it = 5001
Total = 1.0000, Free = 0.0000
D_BB = +5.099855e-03, D_BC = +1.294457e-03, D_CC = +1.968075e-05, D_total = +6.413993e-03
it = 5101
Total = 1.0000, Free = 0.0000
D_BB = +1.408611e-02, D_BC = +3.587769e-03, D_CC = +1.068959e-04, D_total = +1.778077e-02
it = 5201
Total = 1.0000, Free = 0.0000
D_BB = +1.706436e-02, D_BC = +4.350648e-03, D_CC = +6.636011e-05, D_total = +2.148137e-02
it = 5301
Total = 1.0000, Free = 0.0000
D_BB = +1.423097e-02, D_BC = +3.636003e-03, D_CC = -2.076141e-05, D_total = +1.784621e-02
it = 5401
Total = 1.0000, Free = 0.0000
D_BB = +7.753393e-03, D_BC = +1.985750e-03, D_CC = -2.229910e-05, D_total = +9.716844e-03
it = 5501
Total = 1.0000, Free = 0.0000
D_BB = +5.867028e-04, D_BC = +1.573081e-04, D_CC = -7.517806e-08, D_total = +7.439357e-04
it = 5601
Total = 1.0000, Free = 0.0000
D_BB = -4.757432e-03, D_BC = -1.214550e-03, D_CC = -8.811854e-06, D_total = -5.980793e-03
it = 5701
Total = 1.0000, Free = 0.0000
D_BB = -7.009556e-03, D_BC = -1.789194e-03, D_CC = -1.243129e-05, D_total = -8.811181e-03
it = 5801
Total = 1.0000, Free = 0.0000
D_BB = -6.328588e-03, D_BC = -1.619604e-03, D_CC = -2.334379e-06, D_total = -7.950526e-03
it = 5901
Total = 1.0000, Free = 0.0000
D_BB = -3.903531e-03, D_BC = -1.001644e-03, D_CC = +2.692330e-06, D_total = -4.902483e-03
it = 6001
Total = 1.0000, Free = 0.0000
D_BB = -1.229117e-03, D_BC = -3.184770e-04, D_CC = +2.011329e-06, D_total = -1.545582e-03
it = 6101
Total = 1.0000, Free = 0.0000
D_BB = +5.942254e-04, D_BC = +1.492991e-04, D_CC = +1.731248e-06, D_total = +7.452558e-04
it = 6201
Total = 1.0000, Free = 0.0000
D_BB = +1.216814e-03, D_BC = +3.101394e-04, D_CC = +1.726278e-06, D_total = +1.528679e-03
it = 6301
Total = 1.0000, Free = 0.0000
D_BB = +9.571333e-04, D_BC = +2.455130e-04, D_CC = +1.594598e-06, D_total = +1.204241e-03
it = 6401
Total = 1.0000, Free = 0.0000
D_BB = +4.189967e-04, D_BC = +1.079395e-04, D_CC = +1.489987e-06, D_total = +5.284262e-04
it = 6501
Total = 1.0000, Free = 0.0000
D_BB = +6.937582e-05, D_BC = +1.834577e-05, D_CC = +1.469429e-06, D_total = +8.919101e-05
it = 6601
Total = 1.0000, Free = 0.0000
D_BB = -1.263733e-06, D_BC = +2.863558e-07, D_CC = +1.461201e-06, D_total = +4.838242e-07
Sample 2026_7_14_0.015_0.114_6_short_range_10 does not exist. Exceute a new sample.
[ITP]: loop_times = 141
Energy of the state with k_=1: -0.4856362899419032
[ITP]: loop_times = 782
Energy of the state with k_=2: -0.08502203257532465
[ITP]: loop_times = 2000
Energy of the state with n=1, l=0, m=0: -0.4856362899419131
[ITP]: loop_times = 2000
Energy of the state with n=2, l=0, m=0: -0.07911107085132138
[ITP]: loop_times = 2000
Energy of the state with n=2, l=1, m=0: -0.08502203257536711
coarse_dipole_z_cb calculation finished.
it = 1
Total = 1.0000, Free = 0.0000
D_BB = -3.143458e-11, D_BC = -4.882347e-11, D_CC = +2.846890e-29, D_total = -8.025805e-11
it = 101
Total = 1.0000, Free = 0.0000
D_BB = -1.498811e-03, D_BC = -3.261414e-04, D_CC = -3.565202e-09, D_total = -1.824956e-03
it = 201
Total = 1.0000, Free = 0.0000
D_BB = +6.692374e-03, D_BC = +1.632381e-03, D_CC = +5.600943e-08, D_total = +8.324810e-03
it = 301
Total = 1.0000, Free = 0.0000
D_BB = -7.511419e-03, D_BC = -1.926691e-03, D_CC = -1.018098e-07, D_total = -9.438212e-03
it = 401
Total = 1.0000, Free = 0.0000
D_BB = -6.648992e-03, D_BC = -1.497534e-03, D_CC = -7.390695e-08, D_total = -8.146600e-03
it = 501
Total = 1.0000, Free = 0.0000
D_BB = +2.993136e-02, D_BC = +7.041775e-03, D_CC = +3.483513e-06, D_total = +3.697661e-02
it = 601
Total = 1.0000, Free = 0.0001
D_BB = -3.684226e-02, D_BC = -8.888370e-03, D_CC = -1.689476e-05, D_total = -4.574753e-02
it = 701
Total = 1.0000, Free = 0.0000
D_BB = +1.297610e-02, D_BC = +3.292756e-03, D_CC = -1.849416e-06, D_total = +1.626701e-02
it = 801
Total = 1.0000, Free = 0.0000
D_BB = +2.507209e-02, D_BC = +6.299589e-03, D_CC = +7.849649e-06, D_total = +3.137953e-02
it = 901
Total = 1.0000, Free = 0.0001
D_BB = -4.959823e-02, D_BC = -1.140521e-02, D_CC = +1.800727e-05, D_total = -6.098543e-02
it = 1001
Total = 1.0000, Free = 0.0001
D_BB = +3.350743e-02, D_BC = +7.866184e-03, D_CC = +1.997266e-05, D_total = +4.139358e-02
it = 1101
Total = 1.0000, Free = 0.0000
D_BB = +5.958802e-04, D_BC = -2.778209e-05, D_CC = -1.820758e-06, D_total = +5.662774e-04
it = 1201
Total = 1.0000, Free = 0.0000
D_BB = -2.055001e-02, D_BC = -5.155383e-03, D_CC = -4.273827e-06, D_total = -2.570967e-02
it = 1301
Total = 1.0000, Free = 0.0000
D_BB = +1.796047e-02, D_BC = +4.474670e-03, D_CC = +4.432368e-06, D_total = +2.243957e-02
it = 1401
Total = 1.0000, Free = 0.0000
D_BB = -5.807523e-03, D_BC = -1.328667e-03, D_CC = +1.570772e-06, D_total = -7.134619e-03
it = 1501
Total = 1.0000, Free = 0.0000
D_BB = -2.035829e-04, D_BC = -2.696800e-04, D_CC = +6.837577e-08, D_total = -4.731946e-04
it = 1601
Total = 1.0000, Free = 0.0000
D_BB = +8.410695e-05, D_BC = +1.014355e-04, D_CC = +1.244251e-07, D_total = +1.856668e-04
Sample 2026_7_14_0.02_0.057_6_short_range_10 does not exist. Exceute a new sample.
[ITP]: loop_times = 141
Energy of the state with k_=1: -0.4856362899419032
[ITP]: loop_times = 782
Energy of the state with k_=2: -0.08502203257532465
[ITP]: loop_times = 2000
Energy of the state with n=1, l=0, m=0: -0.4856362899419131
[ITP]: loop_times = 2000
Energy of the state with n=2, l=0, m=0: -0.07911107085132138
[ITP]: loop_times = 2000
Energy of the state with n=2, l=1, m=0: -0.08502203257536711
coarse_dipole_z_cb calculation finished.
it = 1
Total = 1.0000, Free = 0.0000
D_BB = -5.239441e-12, D_BC = -8.137782e-12, D_CC = +1.319011e-31, D_total = -1.337722e-11
it = 101
Total = 1.0000, Free = 0.0000
D_BB = -4.965453e-04, D_BC = -1.295058e-04, D_CC = +7.991161e-11, D_total = -6.260510e-04
it = 201
Total = 1.0000, Free = 0.0000
D_BB = -1.680833e-03, D_BC = -4.196800e-04, D_CC = -8.315580e-09, D_total = -2.100521e-03
it = 301
Total = 1.0000, Free = 0.0000
D_BB = +1.337028e-03, D_BC = +3.571595e-04, D_CC = -4.303852e-09, D_total = +1.694183e-03
it = 401
Total = 1.0000, Free = 0.0000
D_BB = +8.339457e-03, D_BC = +2.117314e-03, D_CC = +5.379288e-08, D_total = +1.045682e-02
it = 501
Total = 1.0000, Free = 0.0000
D_BB = +6.945320e-03, D_BC = +1.733093e-03, D_CC = +6.886364e-08, D_total = +8.678482e-03
it = 601
Total = 1.0000, Free = 0.0000
D_BB = -9.584652e-03, D_BC = -2.458456e-03, D_CC = -2.802412e-07, D_total = -1.204339e-02
it = 701
Total = 1.0000, Free = 0.0000
D_BB = -2.313382e-02, D_BC = -5.818830e-03, D_CC = -3.059502e-06, D_total = -2.895571e-02
it = 801
Total = 1.0000, Free = 0.0000
D_BB = -8.262296e-03, D_BC = -2.055369e-03, D_CC = -2.783245e-08, D_total = -1.031769e-02
it = 901
Total = 1.0000, Free = 0.0000
D_BB = +2.625672e-02, D_BC = +6.636298e-03, D_CC = +6.107614e-06, D_total = +3.289913e-02
it = 1001
Total = 1.0000, Free = 0.0001
D_BB = +3.724739e-02, D_BC = +9.269805e-03, D_CC = +7.827656e-06, D_total = +4.652502e-02
it = 1101
Total = 1.0000, Free = 0.0000
D_BB = +3.387048e-04, D_BC = +5.657405e-05, D_CC = -1.581627e-08, D_total = +3.952630e-04
it = 1201
Total = 1.0000, Free = 0.0001
D_BB = -4.634133e-02, D_BC = -1.150673e-02, D_CC = -3.016799e-05, D_total = -5.787822e-02
it = 1301
Total = 1.0000, Free = 0.0001
D_BB = -4.194477e-02, D_BC = -1.042004e-02, D_CC = +2.320831e-06, D_total = -5.236248e-02
it = 1401
Total = 1.0000, Free = 0.0000
D_BB = +1.545336e-02, D_BC = +3.921565e-03, D_CC = +6.137009e-06, D_total = +1.938106e-02
it = 1501
Total = 1.0000, Free = 0.0002
D_BB = +6.068765e-02, D_BC = +1.479914e-02, D_CC = +4.928893e-05, D_total = +7.553608e-02
it = 1601
Total = 1.0000, Free = 0.0001
D_BB = +3.375159e-02, D_BC = +8.467973e-03, D_CC = -2.230473e-05, D_total = +4.219726e-02
it = 1701
Total = 1.0000, Free = 0.0001
D_BB = -3.199421e-02, D_BC = -8.040221e-03, D_CC = -4.313908e-05, D_total = -4.007757e-02
it = 1801
Total = 1.0000, Free = 0.0002
D_BB = -6.109780e-02, D_BC = -1.487798e-02, D_CC = -1.500917e-05, D_total = -7.599079e-02
it = 1901
Total = 1.0000, Free = 0.0000
D_BB = -1.736621e-02, D_BC = -4.389972e-03, D_CC = +1.569904e-05, D_total = -2.174049e-02
it = 2001
Total = 1.0000, Free = 0.0001
D_BB = +4.079808e-02, D_BC = +1.013341e-02, D_CC = +8.038891e-05, D_total = +5.101188e-02
it = 2101
Total = 1.0000, Free = 0.0001
D_BB = +4.725544e-02, D_BC = +1.170683e-02, D_CC = -2.382340e-05, D_total = +5.893845e-02
it = 2201
Total = 1.0000, Free = 0.0000
D_BB = +1.144768e-03, D_BC = +3.320355e-04, D_CC = -7.647080e-07, D_total = +1.476039e-03
it = 2301
Total = 1.0000, Free = 0.0001
D_BB = -3.683484e-02, D_BC = -9.168130e-03, D_CC = -5.474601e-05, D_total = -4.605772e-02
it = 2401
Total = 1.0000, Free = 0.0000
D_BB = -2.709361e-02, D_BC = -6.853964e-03, D_CC = +1.970941e-05, D_total = -3.392787e-02
it = 2501
Total = 1.0000, Free = 0.0000
D_BB = +7.388429e-03, D_BC = +1.826143e-03, D_CC = +3.332778e-06, D_total = +9.217905e-03
it = 2601
Total = 1.0000, Free = 0.0000
D_BB = +2.310402e-02, D_BC = +5.828592e-03, D_CC = +1.271403e-05, D_total = +2.894533e-02
it = 2701
Total = 1.0000, Free = 0.0000
D_BB = +1.017054e-02, D_BC = +2.603132e-03, D_CC = -3.283841e-06, D_total = +1.277039e-02
it = 2801
Total = 1.0000, Free = 0.0000
D_BB = -6.578337e-03, D_BC = -1.657986e-03, D_CC = -1.687724e-06, D_total = -8.238011e-03
it = 2901
Total = 1.0000, Free = 0.0000
D_BB = -8.515215e-03, D_BC = -2.154784e-03, D_CC = -5.804151e-07, D_total = -1.067058e-02
it = 3001
Total = 1.0000, Free = 0.0000
D_BB = -1.590204e-03, D_BC = -4.039711e-04, D_CC = +1.100333e-07, D_total = -1.994065e-03
it = 3101
Total = 1.0000, Free = 0.0000
D_BB = +1.722392e-03, D_BC = +4.199541e-04, D_CC = +1.735453e-08, D_total = +2.142364e-03
it = 3201
Total = 1.0000, Free = 0.0000
D_BB = +5.899336e-04, D_BC = +1.378373e-04, D_CC = -3.723549e-08, D_total = +7.277337e-04
it = 3301
Total = 1.0000, Free = 0.0000
D_BB = -6.178411e-05, D_BC = +1.018754e-06, D_CC = -6.874208e-08, D_total = -6.083410e-05
Sample 2026_7_14_0.02_0.0285_6_short_range_10 does not exist. Exceute a new sample.
[ITP]: loop_times = 141
Energy of the state with k_=1: -0.4856362899419032
[ITP]: loop_times = 782
Energy of the state with k_=2: -0.08502203257532465
[ITP]: loop_times = 2000
Energy of the state with n=1, l=0, m=0: -0.4856362899419131
[ITP]: loop_times = 2000
Energy of the state with n=2, l=0, m=0: -0.07911107085132138
[ITP]: loop_times = 2000
Energy of the state with n=2, l=1, m=0: -0.08502203257536711
coarse_dipole_z_cb calculation finished.
it = 1
Total = 1.0000, Free = 0.0000
D_BB = -6.549409e-13, D_BC = -1.017239e-12, D_CC = +2.576668e-34, D_total = -1.672180e-12
it = 101
Total = 1.0000, Free = 0.0000
D_BB = -7.151349e-05, D_BC = -1.919995e-05, D_CC = +4.965776e-13, D_total = -9.071344e-05
it = 201
Total = 1.0000, Free = 0.0000
D_BB = -4.935888e-04, D_BC = -1.278316e-04, D_CC = -1.114032e-10, D_total = -6.214204e-04
it = 301
Total = 1.0000, Free = 0.0000
D_BB = -1.206933e-03, D_BC = -3.094155e-04, D_CC = -2.169464e-09, D_total = -1.516350e-03
it = 401
Total = 1.0000, Free = 0.0000
D_BB = -1.630435e-03, D_BC = -4.153630e-04, D_CC = -4.762501e-10, D_total = -2.045798e-03
it = 501
Total = 1.0000, Free = 0.0000
D_BB = -9.454183e-04, D_BC = -2.380411e-04, D_CC = +1.131031e-09, D_total = -1.183458e-03
it = 601
Total = 1.0000, Free = 0.0000
D_BB = +1.334518e-03, D_BC = +3.461254e-04, D_CC = +2.251490e-09, D_total = +1.680646e-03
it = 701
Total = 1.0000, Free = 0.0000
D_BB = +4.837196e-03, D_BC = +1.241838e-03, D_CC = +4.186688e-08, D_total = +6.079076e-03
it = 801
Total = 1.0000, Free = 0.0000
D_BB = +8.188863e-03, D_BC = +2.095654e-03, D_CC = +7.609693e-08, D_total = +1.028459e-02
it = 901
Total = 1.0000, Free = 0.0000
D_BB = +9.416854e-03, D_BC = +2.402825e-03, D_CC = +7.788232e-08, D_total = +1.181976e-02
it = 1001
Total = 1.0000, Free = 0.0000
D_BB = +6.837095e-03, D_BC = +1.738091e-03, D_CC = -3.590690e-08, D_total = +8.575150e-03
it = 1101
Total = 1.0000, Free = 0.0000
D_BB = +7.029768e-05, D_BC = +1.392496e-05, D_CC = +4.215884e-08, D_total = +8.426480e-05
it = 1201
Total = 1.0000, Free = 0.0000
D_BB = -9.374788e-03, D_BC = -2.401059e-03, D_CC = -5.447579e-07, D_total = -1.177639e-02
it = 1301
Total = 1.0000, Free = 0.0000
D_BB = -1.829424e-02, D_BC = -4.671347e-03, D_CC = -1.726638e-06, D_total = -2.296731e-02
it = 1401
Total = 1.0000, Free = 0.0000
D_BB = -2.273219e-02, D_BC = -5.787570e-03, D_CC = +9.366334e-07, D_total = -2.851882e-02
it = 1501
Total = 1.0000, Free = 0.0000
D_BB = -1.957894e-02, D_BC = -4.972006e-03, D_CC = +5.487129e-06, D_total = -2.454546e-02
it = 1601
Total = 1.0000, Free = 0.0000
D_BB = -8.284012e-03, D_BC = -2.100304e-03, D_CC = +1.822627e-06, D_total = -1.038249e-02
it = 1701
Total = 1.0000, Free = 0.0000
D_BB = +8.504714e-03, D_BC = +2.169564e-03, D_CC = +2.390084e-06, D_total = +1.067667e-02
it = 1801
Total = 1.0000, Free = 0.0000
D_BB = +2.566673e-02, D_BC = +6.521962e-03, D_CC = +1.984414e-05, D_total = +3.220853e-02
it = 1901
Total = 1.0000, Free = 0.0001
D_BB = +3.688042e-02, D_BC = +9.323339e-03, D_CC = +5.919000e-06, D_total = +4.620968e-02
it = 2001
Total = 1.0000, Free = 0.0001
D_BB = +3.669181e-02, D_BC = +9.238063e-03, D_CC = -5.469933e-05, D_total = +4.587518e-02
it = 2101
Total = 1.0000, Free = 0.0000
D_BB = +2.349316e-02, D_BC = +5.899251e-03, D_CC = -5.472011e-05, D_total = +2.933769e-02
it = 2201
Total = 1.0000, Free = 0.0000
D_BB = +7.141718e-04, D_BC = +1.729359e-04, D_CC = +2.219043e-07, D_total = +8.873296e-04
it = 2301
Total = 1.0000, Free = 0.0000
D_BB = -2.495933e-02, D_BC = -6.277956e-03, D_CC = -7.841887e-05, D_total = -3.131570e-02
it = 2401
Total = 1.0000, Free = 0.0001
D_BB = -4.533257e-02, D_BC = -1.136098e-02, D_CC = -1.154081e-04, D_total = -5.680897e-02
it = 2501
Total = 1.0000, Free = 0.0001
D_BB = -5.224555e-02, D_BC = -1.302903e-02, D_CC = +1.288865e-04, D_total = -6.514570e-02
it = 2601
Total = 1.0000, Free = 0.0001
D_BB = -4.161120e-02, D_BC = -1.036602e-02, D_CC = +3.295665e-04, D_total = -5.164765e-02
it = 2701
Total = 1.0000, Free = 0.0000
D_BB = -1.666421e-02, D_BC = -4.129203e-03, D_CC = +9.396184e-05, D_total = -2.069945e-02
it = 2801
Total = 1.0000, Free = 0.0000
D_BB = +1.469510e-02, D_BC = +3.651275e-03, D_CC = +7.936427e-05, D_total = +1.842574e-02
it = 2901
Total = 1.0000, Free = 0.0001
D_BB = +4.329208e-02, D_BC = +1.077532e-02, D_CC = +4.530421e-04, D_total = +5.452044e-02
it = 3001
Total = 1.0000, Free = 0.0002
D_BB = +5.940314e-02, D_BC = +1.471932e-02, D_CC = +1.497736e-04, D_total = +7.427223e-02
it = 3101
Total = 1.0000, Free = 0.0002
D_BB = +5.590198e-02, D_BC = +1.383930e-02, D_CC = -6.360061e-04, D_total = +6.910527e-02
it = 3201
Total = 1.0000, Free = 0.0001
D_BB = +3.390862e-02, D_BC = +8.368187e-03, D_CC = -5.890446e-04, D_total = +4.168776e-02
it = 3301
Total = 1.0000, Free = 0.0000
D_BB = +1.679571e-03, D_BC = +4.130259e-04, D_CC = -5.320231e-06, D_total = +2.087277e-03
it = 3401
Total = 1.0000, Free = 0.0001
D_BB = -3.101897e-02, D_BC = -7.654466e-03, D_CC = -5.703438e-04, D_total = -3.924378e-02
it = 3501
Total = 1.0000, Free = 0.0002
D_BB = -5.444634e-02, D_BC = -1.348190e-02, D_CC = -8.107277e-04, D_total = -6.873897e-02
it = 3601
Total = 1.0000, Free = 0.0002
D_BB = -5.998936e-02, D_BC = -1.485745e-02, D_CC = +3.219156e-04, D_total = -7.452489e-02
it = 3701
Total = 1.0000, Free = 0.0001
D_BB = -4.559198e-02, D_BC = -1.134597e-02, D_CC = +1.092815e-03, D_total = -5.584514e-02
it = 3801
Total = 1.0000, Free = 0.0000
D_BB = -1.780514e-02, D_BC = -4.421427e-03, D_CC = +3.000149e-04, D_total = -2.192655e-02
it = 3901
Total = 1.0000, Free = 0.0000
D_BB = +1.370368e-02, D_BC = +3.396822e-03, D_CC = +1.888713e-04, D_total = +1.728937e-02
it = 4001
Total = 1.0000, Free = 0.0001
D_BB = +3.968094e-02, D_BC = +9.882501e-03, D_CC = +1.054426e-03, D_total = +5.061786e-02
it = 4101
Total = 1.0000, Free = 0.0001
D_BB = +5.198260e-02, D_BC = +1.295951e-02, D_CC = +5.099027e-04, D_total = +6.545201e-02
it = 4201
Total = 1.0000, Free = 0.0001
D_BB = +4.673564e-02, D_BC = +1.170600e-02, D_CC = -7.023348e-04, D_total = +5.773931e-02
it = 4301
Total = 1.0000, Free = 0.0000
D_BB = +2.734842e-02, D_BC = +6.877644e-03, D_CC = -6.417174e-04, D_total = +3.358434e-02
it = 4401
Total = 1.0000, Free = 0.0000
D_BB = +1.811885e-03, D_BC = +4.648088e-04, D_CC = -7.695378e-06, D_total = +2.268998e-03
it = 4501
Total = 1.0000, Free = 0.0000
D_BB = -2.157462e-02, D_BC = -5.414938e-03, D_CC = -4.633974e-04, D_total = -2.745296e-02
it = 4601
Total = 1.0000, Free = 0.0001
D_BB = -3.594388e-02, D_BC = -9.048510e-03, D_CC = -6.960172e-04, D_total = -4.568841e-02
it = 4701
Total = 1.0000, Free = 0.0001
D_BB = -3.743547e-02, D_BC = -9.458453e-03, D_CC = -4.277012e-09, D_total = -4.689392e-02
it = 4801
Total = 1.0000, Free = 0.0000
D_BB = -2.714111e-02, D_BC = -6.890866e-03, D_CC = +3.921488e-04, D_total = -3.363983e-02
it = 4901
Total = 1.0000, Free = 0.0000
D_BB = -1.028639e-02, D_BC = -2.625881e-03, D_CC = +1.001818e-04, D_total = -1.281209e-02
it = 5001
Total = 1.0000, Free = 0.0000
D_BB = +6.798203e-03, D_BC = +1.719475e-03, D_CC = +4.506763e-05, D_total = +8.562746e-03
it = 5101
Total = 1.0000, Free = 0.0000
D_BB = +1.881108e-02, D_BC = +4.777703e-03, D_CC = +2.552777e-04, D_total = +2.384406e-02
it = 5201
Total = 1.0000, Free = 0.0000
D_BB = +2.279422e-02, D_BC = +5.800641e-03, D_CC = +1.558397e-04, D_total = +2.875070e-02
it = 5301
Total = 1.0000, Free = 0.0000
D_BB = +1.899449e-02, D_BC = +4.847556e-03, D_CC = -5.441976e-05, D_total = +2.378762e-02
it = 5401
Total = 1.0000, Free = 0.0000
D_BB = +1.034024e-02, D_BC = +2.646687e-03, D_CC = -5.499391e-05, D_total = +1.293194e-02
it = 5501
Total = 1.0000, Free = 0.0000
D_BB = +7.835897e-04, D_BC = +2.085408e-04, D_CC = -2.729710e-06, D_total = +9.894008e-04
it = 5601
Total = 1.0000, Free = 0.0000
D_BB = -6.343401e-03, D_BC = -1.615707e-03, D_CC = -2.422532e-05, D_total = -7.983333e-03
it = 5701
Total = 1.0000, Free = 0.0000
D_BB = -9.351076e-03, D_BC = -2.388342e-03, D_CC = -3.344057e-05, D_total = -1.177286e-02
it = 5801
Total = 1.0000, Free = 0.0000
D_BB = -8.438101e-03, D_BC = -2.158496e-03, D_CC = -9.709394e-06, D_total = -1.060631e-02
it = 5901
Total = 1.0000, Free = 0.0000
D_BB = -5.203808e-03, D_BC = -1.335163e-03, D_CC = +1.941580e-06, D_total = -6.537030e-03
it = 6001
Total = 1.0000, Free = 0.0000
D_BB = -1.642234e-03, D_BC = -4.252559e-04, D_CC = +3.391973e-07, D_total = -2.067150e-03
it = 6101
Total = 1.0000, Free = 0.0000
D_BB = +7.921989e-04, D_BC = +1.984556e-04, D_CC = -3.343150e-07, D_total = +9.903202e-04
it = 6201
Total = 1.0000, Free = 0.0000
D_BB = +1.625968e-03, D_BC = +4.146681e-04, D_CC = -3.597531e-07, D_total = +2.040276e-03
it = 6301
Total = 1.0000, Free = 0.0000
D_BB = +1.275440e-03, D_BC = +3.260425e-04, D_CC = -7.602935e-07, D_total = +1.600722e-03
it = 6401
Total = 1.0000, Free = 0.0000
D_BB = +5.554501e-04, D_BC = +1.431342e-04, D_CC = -1.035944e-06, D_total = +6.975483e-04
it = 6501
Total = 1.0000, Free = 0.0000
D_BB = +9.410107e-05, D_BC = +2.558985e-05, D_CC = -1.181805e-06, D_total = +1.185091e-04
it = 6601
Total = 1.0000, Free = 0.0000
D_BB = +1.034301e-06, D_BC = +3.350448e-07, D_CC = -1.291626e-06, D_total = +7.771887e-08
Sample 2026_7_14_0.02_0.114_6_short_range_10 does not exist. Exceute a new sample.
[ITP]: loop_times = 141
Energy of the state with k_=1: -0.4856362899419032
[ITP]: loop_times = 782
Energy of the state with k_=2: -0.08502203257532465
[ITP]: loop_times = 2000
Energy of the state with n=1, l=0, m=0: -0.4856362899419131
[ITP]: loop_times = 2000
Energy of the state with n=2, l=0, m=0: -0.07911107085132138
[ITP]: loop_times = 2000
Energy of the state with n=2, l=1, m=0: -0.08502203257536711
coarse_dipole_z_cb calculation finished.
it = 1
Total = 1.0000, Free = 0.0000
D_BB = -4.191277e-11, D_BC = -6.509796e-11, D_CC = +6.748184e-29, D_total = -1.070107e-10
it = 101
Total = 1.0000, Free = 0.0000
D_BB = -1.998430e-03, D_BC = -4.348549e-04, D_CC = -5.020119e-09, D_total = -2.433290e-03
it = 201
Total = 1.0000, Free = 0.0000
D_BB = +8.924167e-03, D_BC = +2.176588e-03, D_CC = +2.491627e-07, D_total = +1.110100e-02
it = 301
Total = 1.0000, Free = 0.0000
D_BB = -1.001534e-02, D_BC = -2.570670e-03, D_CC = -3.648003e-07, D_total = -1.258638e-02
it = 401
Total = 1.0000, Free = 0.0000
D_BB = -8.822456e-03, D_BC = -1.998678e-03, D_CC = -1.255341e-07, D_total = -1.082126e-02
it = 501
Total = 1.0000, Free = 0.0001
D_BB = +4.045942e-02, D_BC = +9.362519e-03, D_CC = +4.979910e-06, D_total = +4.982692e-02
it = 601
Total = 1.0000, Free = 0.0001
D_BB = -4.925715e-02, D_BC = -1.179813e-02, D_CC = -4.816004e-05, D_total = -6.110344e-02
it = 701
Total = 1.0000, Free = 0.0000
D_BB = +1.728157e-02, D_BC = +4.463505e-03, D_CC = -9.342271e-06, D_total = +2.173573e-02
it = 801
Total = 1.0000, Free = 0.0001
D_BB = +3.290896e-02, D_BC = +8.386272e-03, D_CC = +8.372290e-06, D_total = +4.130361e-02
it = 901
Total = 1.0000, Free = 0.0002
D_BB = -6.880942e-02, D_BC = -1.539356e-02, D_CC = +1.035382e-04, D_total = -8.409944e-02
it = 1001
Total = 1.0000, Free = 0.0001
D_BB = +4.488182e-02, D_BC = +1.029822e-02, D_CC = +4.867249e-05, D_total = +5.522872e-02
it = 1101
Total = 1.0000, Free = 0.0000
D_BB = +1.865733e-03, D_BC = -1.021771e-04, D_CC = -2.997951e-06, D_total = +1.760558e-03
it = 1201
Total = 1.0000, Free = 0.0000
D_BB = -2.661166e-02, D_BC = -6.948277e-03, D_CC = -1.250158e-05, D_total = -3.357244e-02
it = 1301
Total = 1.0000, Free = 0.0000
D_BB = +2.324042e-02, D_BC = +6.002976e-03, D_CC = +1.289386e-05, D_total = +2.925629e-02
it = 1401
Total = 1.0000, Free = 0.0000
D_BB = -8.229834e-03, D_BC = -1.764464e-03, D_CC = +6.503963e-06, D_total = -9.987795e-03
it = 1501
Total = 1.0000, Free = 0.0000
D_BB = +6.518158e-04, D_BC = -3.717880e-04, D_CC = +6.589792e-07, D_total = +2.806868e-04
it = 1601
Total = 1.0000, Free = 0.0000
D_BB = +3.387351e-04, D_BC = +1.472508e-04, D_CC = +5.788912e-07, D_total = +4.865648e-04
Sample 2026_7_14_0.025_0.057_6_short_range_10 does not exist. Exceute a new sample.
[ITP]: loop_times = 141
Energy of the state with k_=1: -0.4856362899419032
[ITP]: loop_times = 782
Energy of the state with k_=2: -0.08502203257532465
[ITP]: loop_times = 2000
Energy of the state with n=1, l=0, m=0: -0.4856362899419131
[ITP]: loop_times = 2000
Energy of the state with n=2, l=0, m=0: -0.07911107085132138
[ITP]: loop_times = 2000
Energy of the state with n=2, l=1, m=0: -0.08502203257536711
coarse_dipole_z_cb calculation finished.
it = 1
Total = 1.0000, Free = 0.0000
D_BB = -6.549301e-12, D_BC = -1.017223e-11, D_CC = +2.576190e-31, D_total = -1.672153e-11
it = 101
Total = 1.0000, Free = 0.0000
D_BB = -6.206815e-04, D_BC = -1.618826e-04, D_CC = +1.121398e-10, D_total = -7.825640e-04
it = 201
Total = 1.0000, Free = 0.0000
D_BB = -2.101065e-03, D_BC = -5.246826e-04, D_CC = -1.096334e-08, D_total = -2.625758e-03
it = 301
Total = 1.0000, Free = 0.0000
D_BB = +1.671303e-03, D_BC = +4.464108e-04, D_CC = +8.266085e-09, D_total = +2.117722e-03
it = 401
Total = 1.0000, Free = 0.0000
D_BB = +1.042726e-02, D_BC = +2.645473e-03, D_CC = +1.362908e-07, D_total = +1.307287e-02
it = 501
Total = 1.0000, Free = 0.0000
D_BB = +8.683352e-03, D_BC = +2.169205e-03, D_CC = +2.005011e-07, D_total = +1.085276e-02
it = 601
Total = 1.0000, Free = 0.0000
D_BB = -1.198266e-02, D_BC = -3.071825e-03, D_CC = -5.910261e-07, D_total = -1.505508e-02
it = 701
Total = 1.0000, Free = 0.0000
D_BB = -2.899525e-02, D_BC = -7.271150e-03, D_CC = -5.784767e-06, D_total = -3.627218e-02
it = 801
Total = 1.0000, Free = 0.0000
D_BB = -1.032290e-02, D_BC = -2.567505e-03, D_CC = -3.167068e-08, D_total = -1.289044e-02
it = 901
Total = 1.0000, Free = 0.0001
D_BB = +3.290250e-02, D_BC = +8.290797e-03, D_CC = +1.186294e-05, D_total = +4.120516e-02
it = 1001
Total = 1.0000, Free = 0.0001
D_BB = +4.688654e-02, D_BC = +1.156834e-02, D_CC = +1.350944e-05, D_total = +5.846839e-02
it = 1101
Total = 1.0000, Free = 0.0000
D_BB = +4.257248e-04, D_BC = +6.939338e-05, D_CC = -1.646123e-07, D_total = +4.949536e-04
it = 1201
Total = 1.0000, Free = 0.0002
D_BB = -5.848751e-02, D_BC = -1.436094e-02, D_CC = -5.668008e-05, D_total = -7.290513e-02
it = 1301
Total = 1.0000, Free = 0.0001
D_BB = -5.281095e-02, D_BC = -1.299742e-02, D_CC = +5.531033e-06, D_total = -6.580283e-02
it = 1401
Total = 1.0000, Free = 0.0000
D_BB = +1.932527e-02, D_BC = +4.889424e-03, D_CC = +1.262220e-05, D_total = +2.422732e-02
it = 1501
Total = 1.0000, Free = 0.0003
D_BB = +7.725419e-02, D_BC = +1.843682e-02, D_CC = +7.953889e-05, D_total = +9.577055e-02
it = 1601
Total = 1.0000, Free = 0.0001
D_BB = +4.218957e-02, D_BC = +1.059300e-02, D_CC = -3.691344e-05, D_total = +5.274566e-02
it = 1701
Total = 1.0000, Free = 0.0001
D_BB = -4.002756e-02, D_BC = -1.004167e-02, D_CC = -8.246036e-05, D_total = -5.015169e-02
it = 1801
Total = 1.0000, Free = 0.0003
D_BB = -7.788630e-02, D_BC = -1.850520e-02, D_CC = -7.176383e-06, D_total = -9.639867e-02
it = 1901
Total = 1.0000, Free = 0.0000
D_BB = -2.179519e-02, D_BC = -5.454515e-03, D_CC = +3.255348e-05, D_total = -2.721715e-02
it = 2001
Total = 1.0000, Free = 0.0001
D_BB = +5.134331e-02, D_BC = +1.262626e-02, D_CC = +1.610534e-04, D_total = +6.413063e-02
it = 2101
Total = 1.0000, Free = 0.0002
D_BB = +5.981825e-02, D_BC = +1.462236e-02, D_CC = -5.818914e-05, D_total = +7.438243e-02
it = 2201
Total = 1.0000, Free = 0.0000
D_BB = +1.379423e-03, D_BC = +4.054227e-04, D_CC = -2.044855e-06, D_total = +1.782800e-03
it = 2301
Total = 1.0000, Free = 0.0001
D_BB = -4.646590e-02, D_BC = -1.145501e-02, D_CC = -9.639715e-05, D_total = -5.801730e-02
it = 2401
Total = 1.0000, Free = 0.0001
D_BB = -3.391638e-02, D_BC = -8.565493e-03, D_CC = +4.458757e-05, D_total = -4.243729e-02
it = 2501
Total = 1.0000, Free = 0.0000
D_BB = +9.339499e-03, D_BC = +2.286338e-03, D_CC = +6.641919e-06, D_total = +1.163248e-02
it = 2601
Total = 1.0000, Free = 0.0000
D_BB = +2.888748e-02, D_BC = +7.269465e-03, D_CC = +2.279096e-05, D_total = +3.617974e-02
it = 2701
Total = 1.0000, Free = 0.0000
D_BB = +1.262004e-02, D_BC = +3.268650e-03, D_CC = -6.641672e-06, D_total = +1.588205e-02
it = 2801
Total = 1.0000, Free = 0.0000
D_BB = -8.132703e-03, D_BC = -2.080688e-03, D_CC = -3.439305e-06, D_total = -1.021683e-02
it = 2901
Total = 1.0000, Free = 0.0000
D_BB = -1.057972e-02, D_BC = -2.691640e-03, D_CC = -1.544353e-06, D_total = -1.327291e-02
it = 3001
Total = 1.0000, Free = 0.0000
D_BB = -2.107795e-03, D_BC = -5.014163e-04, D_CC = -7.793357e-08, D_total = -2.609289e-03
it = 3101
Total = 1.0000, Free = 0.0000
D_BB = +2.120731e-03, D_BC = +5.206203e-04, D_CC = -3.627944e-07, D_total = +2.640989e-03
it = 3201
Total = 1.0000, Free = 0.0000
D_BB = +8.671488e-04, D_BC = +1.774778e-04, D_CC = -4.734131e-07, D_total = +1.044153e-03
it = 3301
Total = 1.0000, Free = 0.0000
D_BB = -8.578644e-05, D_BC = -2.608619e-06, D_CC = -5.791663e-07, D_total = -8.897423e-05
Sample 2026_7_14_0.025_0.0285_6_short_range_10 does not exist. Exceute a new sample.
[ITP]: loop_times = 141
Energy of the state with k_=1: -0.4856362899419032
[ITP]: loop_times = 782
Energy of the state with k_=2: -0.08502203257532465
[ITP]: loop_times = 2000
Energy of the state with n=1, l=0, m=0: -0.4856362899419131
[ITP]: loop_times = 2000
Energy of the state with n=2, l=0, m=0: -0.07911107085132138
[ITP]: loop_times = 2000
Energy of the state with n=2, l=1, m=0: -0.08502203257536711
coarse_dipole_z_cb calculation finished.
it = 1
Total = 1.0000, Free = 0.0000
D_BB = -8.186762e-13, D_BC = -1.271549e-12, D_CC = +5.032595e-34, D_total = -2.090225e-12
it = 101
Total = 1.0000, Free = 0.0000
D_BB = -8.939187e-05, D_BC = -2.399994e-05, D_CC = +9.694513e-13, D_total = -1.133918e-04
it = 201
Total = 1.0000, Free = 0.0000
D_BB = -6.169862e-04, D_BC = -1.597912e-04, D_CC = -3.282301e-10, D_total = -7.767777e-04
it = 301
Total = 1.0000, Free = 0.0000
D_BB = -1.508665e-03, D_BC = -3.868188e-04, D_CC = -6.743158e-10, D_total = -1.895484e-03
it = 401
Total = 1.0000, Free = 0.0000
D_BB = -2.038070e-03, D_BC = -5.191687e-04, D_CC = -8.221223e-09, D_total = -2.557247e-03
it = 501
Total = 1.0000, Free = 0.0000
D_BB = -1.181785e-03, D_BC = -2.974328e-04, D_CC = +2.482817e-09, D_total = -1.479215e-03
it = 601
Total = 1.0000, Free = 0.0000
D_BB = +1.668146e-03, D_BC = +4.325260e-04, D_CC = +3.648587e-09, D_total = +2.100676e-03
it = 701
Total = 1.0000, Free = 0.0000
D_BB = +6.047189e-03, D_BC = +1.552258e-03, D_CC = +1.113958e-07, D_total = +7.599558e-03
it = 801
Total = 1.0000, Free = 0.0000
D_BB = +1.023863e-02, D_BC = +2.617991e-03, D_CC = +1.745549e-07, D_total = +1.285679e-02
it = 901
Total = 1.0000, Free = 0.0000
D_BB = +1.177564e-02, D_BC = +3.007643e-03, D_CC = +2.058185e-07, D_total = +1.478349e-02
it = 1001
Total = 1.0000, Free = 0.0000
D_BB = +8.547954e-03, D_BC = +2.173473e-03, D_CC = -7.999945e-08, D_total = +1.072135e-02
it = 1101
Total = 1.0000, Free = 0.0000
D_BB = +8.796627e-05, D_BC = +9.914316e-06, D_CC = +7.492549e-08, D_total = +9.795551e-05
it = 1201
Total = 1.0000, Free = 0.0000
D_BB = -1.172227e-02, D_BC = -2.998696e-03, D_CC = -1.041448e-06, D_total = -1.472201e-02
it = 1301
Total = 1.0000, Free = 0.0000
D_BB = -2.290116e-02, D_BC = -5.837053e-03, D_CC = -3.193205e-06, D_total = -2.874141e-02
it = 1401
Total = 1.0000, Free = 0.0000
D_BB = -2.848186e-02, D_BC = -7.227350e-03, D_CC = +2.142179e-06, D_total = -3.570707e-02
it = 1501
Total = 1.0000, Free = 0.0000
D_BB = -2.451553e-02, D_BC = -6.202438e-03, D_CC = +1.122269e-05, D_total = -3.070674e-02
it = 1601
Total = 1.0000, Free = 0.0000
D_BB = -1.035680e-02, D_BC = -2.613292e-03, D_CC = +3.857208e-06, D_total = -1.296623e-02
it = 1701
Total = 1.0000, Free = 0.0000
D_BB = +1.063201e-02, D_BC = +2.704662e-03, D_CC = +5.018322e-06, D_total = +1.334170e-02
it = 1801
Total = 1.0000, Free = 0.0001
D_BB = +3.217317e-02, D_BC = +8.137988e-03, D_CC = +3.892466e-05, D_total = +4.035009e-02
it = 1901
Total = 1.0000, Free = 0.0001
D_BB = +4.638309e-02, D_BC = +1.164280e-02, D_CC = +9.521128e-06, D_total = +5.803541e-02
it = 2001
Total = 1.0000, Free = 0.0001
D_BB = +4.614432e-02, D_BC = +1.150990e-02, D_CC = -1.115080e-04, D_total = +5.754271e-02
it = 2101
Total = 1.0000, Free = 0.0000
D_BB = +2.943329e-02, D_BC = +7.295862e-03, D_CC = -1.130471e-04, D_total = +3.661611e-02
it = 2201
Total = 1.0000, Free = 0.0000
D_BB = +8.927116e-04, D_BC = +2.117048e-04, D_CC = -2.091866e-07, D_total = +1.104207e-03
it = 2301
Total = 1.0000, Free = 0.0001
D_BB = -3.127394e-02, D_BC = -7.767923e-03, D_CC = -1.576268e-04, D_total = -3.919949e-02
it = 2401
Total = 1.0000, Free = 0.0002
D_BB = -5.718489e-02, D_BC = -1.416099e-02, D_CC = -2.099651e-04, D_total = -7.155585e-02
it = 2501
Total = 1.0000, Free = 0.0002
D_BB = -6.612369e-02, D_BC = -1.625051e-02, D_CC = +2.810699e-04, D_total = -8.209314e-02
it = 2601
Total = 1.0000, Free = 0.0001
D_BB = -5.241272e-02, D_BC = -1.283515e-02, D_CC = +6.893360e-04, D_total = -6.455854e-02
it = 2701
Total = 1.0000, Free = 0.0000
D_BB = -2.084436e-02, D_BC = -5.028703e-03, D_CC = +1.963729e-04, D_total = -2.567669e-02
it = 2801
Total = 1.0000, Free = 0.0000
D_BB = +1.837517e-02, D_BC = +4.440299e-03, D_CC = +1.652496e-04, D_total = +2.298072e-02
it = 2901
Total = 1.0000, Free = 0.0002
D_BB = +5.455086e-02, D_BC = +1.334361e-02, D_CC = +9.138153e-04, D_total = +6.880828e-02
it = 3001
Total = 1.0000, Free = 0.0003
D_BB = +7.545521e-02, D_BC = +1.835005e-02, D_CC = +2.705816e-04, D_total = +9.407584e-02
it = 3101
Total = 1.0000, Free = 0.0003
D_BB = +7.086909e-02, D_BC = +1.720665e-02, D_CC = -1.292729e-03, D_total = +8.678301e-02
it = 3201
Total = 1.0000, Free = 0.0001
D_BB = +4.258896e-02, D_BC = +1.021933e-02, D_CC = -1.221983e-03, D_total = +5.158630e-02
it = 3301
Total = 1.0000, Free = 0.0000
D_BB = +2.099277e-03, D_BC = +4.937170e-04, D_CC = -1.082538e-05, D_total = +2.582168e-03
it = 3401
Total = 1.0000, Free = 0.0001
D_BB = -3.892489e-02, D_BC = -9.323243e-03, D_CC = -1.160087e-03, D_total = -4.940822e-02
it = 3501
Total = 1.0000, Free = 0.0002
D_BB = -6.896946e-02, D_BC = -1.674985e-02, D_CC = -1.569010e-03, D_total = -8.728832e-02
it = 3601
Total = 1.0000, Free = 0.0003
D_BB = -7.623082e-02, D_BC = -1.852117e-02, D_CC = +6.915102e-04, D_total = -9.406048e-02
it = 3701
Total = 1.0000, Free = 0.0002
D_BB = -5.750068e-02, D_BC = -1.406193e-02, D_CC = +2.268286e-03, D_total = -6.929432e-02
it = 3801
Total = 1.0000, Free = 0.0000
D_BB = -2.226586e-02, D_BC = -5.385521e-03, D_CC = +6.267729e-04, D_total = -2.702461e-02
it = 3901
Total = 1.0000, Free = 0.0000
D_BB = +1.713100e-02, D_BC = +4.130142e-03, D_CC = +3.935710e-04, D_total = +2.165471e-02
it = 4001
Total = 1.0000, Free = 0.0001
D_BB = +4.993765e-02, D_BC = +1.222528e-02, D_CC = +2.148247e-03, D_total = +6.431119e-02
it = 4101
Total = 1.0000, Free = 0.0002
D_BB = +6.578319e-02, D_BC = +1.616447e-02, D_CC = +9.903146e-04, D_total = +8.293798e-02
it = 4201
Total = 1.0000, Free = 0.0002
D_BB = +5.898663e-02, D_BC = +1.458954e-02, D_CC = -1.389446e-03, D_total = +7.218672e-02
it = 4301
Total = 1.0000, Free = 0.0001
D_BB = +3.429087e-02, D_BC = +8.515271e-03, D_CC = -1.311877e-03, D_total = +4.149427e-02
it = 4401
Total = 1.0000, Free = 0.0000
D_BB = +2.269831e-03, D_BC = +5.698343e-04, D_CC = -1.337136e-05, D_total = +2.826294e-03
it = 4501
Total = 1.0000, Free = 0.0000
D_BB = -2.702421e-02, D_BC = -6.695496e-03, D_CC = -9.419576e-04, D_total = -3.466166e-02
it = 4601
Total = 1.0000, Free = 0.0001
D_BB = -4.519756e-02, D_BC = -1.126661e-02, D_CC = -1.370561e-03, D_total = -5.783473e-02
it = 4701
Total = 1.0000, Free = 0.0001
D_BB = -4.709019e-02, D_BC = -1.180947e-02, D_CC = +1.008650e-05, D_total = -5.888957e-02
it = 4801
Total = 1.0000, Free = 0.0001
D_BB = -3.403286e-02, D_BC = -8.599663e-03, D_CC = +7.850894e-04, D_total = -4.184744e-02
it = 4901
Total = 1.0000, Free = 0.0000
D_BB = -1.285375e-02, D_BC = -3.263781e-03, D_CC = +2.061946e-04, D_total = -1.591133e-02
it = 5001
Total = 1.0000, Free = 0.0000
D_BB = +8.499370e-03, D_BC = +2.144294e-03, D_CC = +9.614387e-05, D_total = +1.073981e-02
it = 5101
Total = 1.0000, Free = 0.0000
D_BB = +2.354506e-02, D_BC = +5.953971e-03, D_CC = +5.134403e-04, D_total = +3.001247e-02
it = 5201
Total = 1.0000, Free = 0.0000
D_BB = +2.856036e-02, D_BC = +7.244213e-03, D_CC = +3.119487e-04, D_total = +3.611652e-02
it = 5301
Total = 1.0000, Free = 0.0000
D_BB = +2.377892e-02, D_BC = +6.057566e-03, D_CC = -9.615135e-05, D_total = +2.974033e-02
it = 5401
Total = 1.0000, Free = 0.0000
D_BB = +1.293410e-02, D_BC = +3.306521e-03, D_CC = -1.014240e-04, D_total = +1.613920e-02
it = 5501
Total = 1.0000, Free = 0.0000
D_BB = +9.842114e-04, D_BC = +2.620311e-04, D_CC = +1.108937e-06, D_total = +1.247351e-03
it = 5601
Total = 1.0000, Free = 0.0000
D_BB = -7.936328e-03, D_BC = -2.014983e-03, D_CC = -4.155094e-05, D_total = -9.992862e-03
it = 5701
Total = 1.0000, Free = 0.0000
D_BB = -1.169671e-02, D_BC = -2.982030e-03, D_CC = -5.922379e-05, D_total = -1.473796e-02
it = 5801
Total = 1.0000, Free = 0.0000
D_BB = -1.054683e-02, D_BC = -2.700479e-03, D_CC = -1.270806e-05, D_total = -1.326002e-02
it = 5901
Total = 1.0000, Free = 0.0000
D_BB = -6.502539e-03, D_BC = -1.670223e-03, D_CC = +1.006710e-05, D_total = -8.162696e-03
it = 6001
Total = 1.0000, Free = 0.0000
D_BB = -2.056121e-03, D_BC = -5.302747e-04, D_CC = +7.240544e-06, D_total = -2.579155e-03
it = 6101
Total = 1.0000, Free = 0.0000
D_BB = +9.882522e-04, D_BC = +2.484121e-04, D_CC = +6.249563e-06, D_total = +1.242914e-03
it = 6201
Total = 1.0000, Free = 0.0000
D_BB = +2.036368e-03, D_BC = +5.167530e-04, D_CC = +6.522147e-06, D_total = +2.559643e-03
it = 6301
Total = 1.0000, Free = 0.0000
D_BB = +1.594654e-03, D_BC = +4.082090e-04, D_CC = +6.021320e-06, D_total = +2.008885e-03
it = 6401
Total = 1.0000, Free = 0.0000
D_BB = +6.902328e-04, D_BC = +1.792924e-04, D_CC = +5.707642e-06, D_total = +8.752328e-04
it = 6501
Total = 1.0000, Free = 0.0000
D_BB = +1.187948e-04, D_BC = +3.176837e-05, D_CC = +5.693811e-06, D_total = +1.562570e-04
it = 6601
Total = 1.0000, Free = 0.0000
D_BB = +4.963549e-06, D_BC = +4.663967e-08, D_CC = +5.713766e-06, D_total = +1.072395e-05
Sample 2026_7_14_0.025_0.114_6_short_range_10 does not exist. Exceute a new sample.
[ITP]: loop_times = 141
Energy of the state with k_=1: -0.4856362899419032
[ITP]: loop_times = 782
Energy of the state with k_=2: -0.08502203257532465
[ITP]: loop_times = 2000
Energy of the state with n=1, l=0, m=0: -0.4856362899419131
[ITP]: loop_times = 2000
Energy of the state with n=2, l=0, m=0: -0.07911107085132138
[ITP]: loop_times = 2000
Energy of the state with n=2, l=1, m=0: -0.08502203257536711
coarse_dipole_z_cb calculation finished.
it = 1
Total = 1.0000, Free = 0.0000
D_BB = -5.239096e-11, D_BC = -8.137246e-11, D_CC = +1.318005e-28, D_total = -1.337634e-10
it = 101
Total = 1.0000, Free = 0.0000
D_BB = -2.498062e-03, D_BC = -5.435627e-04, D_CC = -1.509441e-09, D_total = -3.041626e-03
it = 201
Total = 1.0000, Free = 0.0000
D_BB = +1.115663e-02, D_BC = +2.721207e-03, D_CC = +5.355790e-07, D_total = +1.387838e-02
it = 301
Total = 1.0000, Free = 0.0000
D_BB = -1.251959e-02, D_BC = -3.216824e-03, D_CC = -6.301169e-07, D_total = -1.573705e-02
it = 401
Total = 1.0000, Free = 0.0000
D_BB = -1.096460e-02, D_BC = -2.508020e-03, D_CC = -2.111806e-07, D_total = -1.347283e-02
it = 501
Total = 1.0000, Free = 0.0001
D_BB = +5.145707e-02, D_BC = +1.166187e-02, D_CC = +3.182296e-06, D_total = +6.312213e-02
it = 601
Total = 1.0000, Free = 0.0002
D_BB = -6.174969e-02, D_BC = -1.463589e-02, D_CC = -1.130938e-04, D_total = -7.649867e-02
it = 701
Total = 1.0000, Free = 0.0000
D_BB = +2.183383e-02, D_BC = +5.675981e-03, D_CC = -3.643330e-05, D_total = +2.747338e-02
it = 801
Total = 1.0000, Free = 0.0001
D_BB = +4.097506e-02, D_BC = +1.038667e-02, D_CC = -2.028459e-05, D_total = +5.134145e-02
it = 901
Total = 1.0000, Free = 0.0004
D_BB = -9.026593e-02, D_BC = -1.981094e-02, D_CC = +3.350133e-04, D_total = -1.097419e-01
it = 1001
Total = 1.0000, Free = 0.0002
D_BB = +5.616797e-02, D_BC = +1.243779e-02, D_CC = +4.499298e-05, D_total = +6.865075e-02
it = 1101
Total = 1.0000, Free = 0.0000
D_BB = +3.605498e-03, D_BC = -1.734842e-04, D_CC = -4.654674e-06, D_total = +3.427359e-03
it = 1201
Total = 1.0000, Free = 0.0001
D_BB = -3.148425e-02, D_BC = -8.745386e-03, D_CC = -1.467212e-05, D_total = -4.024431e-02
it = 1301
Total = 1.0000, Free = 0.0001
D_BB = +2.833564e-02, D_BC = +7.596656e-03, D_CC = +6.276842e-06, D_total = +3.593857e-02
it = 1401
Total = 1.0000, Free = 0.0000
D_BB = -1.174284e-02, D_BC = -2.209571e-03, D_CC = +8.921611e-06, D_total = -1.394349e-02
it = 1501
Total = 1.0000, Free = 0.0000
D_BB = +2.006735e-03, D_BC = -4.801625e-04, D_CC = -3.136067e-06, D_total = +1.523436e-03
it = 1601
Total = 1.0000, Free = 0.0000
D_BB = +1.554384e-03, D_BC = +2.114530e-04, D_CC = -7.709253e-06, D_total = +1.758128e-03
Sample 2026_7_14_0.03_0.057_6_short_range_10 does not exist. Exceute a new sample.
[ITP]: loop_times = 141
Energy of the state with k_=1: -0.4856362899419032
[ITP]: loop_times = 782
Energy of the state with k_=2: -0.08502203257532465
[ITP]: loop_times = 2000
Energy of the state with n=1, l=0, m=0: -0.4856362899419131
[ITP]: loop_times = 2000
Energy of the state with n=2, l=0, m=0: -0.07911107085132138
[ITP]: loop_times = 2000
Energy of the state with n=2, l=1, m=0: -0.08502203257536711
coarse_dipole_z_cb calculation finished.
it = 1
Total = 1.0000, Free = 0.0000
D_BB = -7.859162e-12, D_BC = -1.220667e-11, D_CC = +4.451655e-31, D_total = -2.006583e-11
it = 101
Total = 1.0000, Free = 0.0000
D_BB = -7.448178e-04, D_BC = -1.942597e-04, D_CC = +1.041494e-10, D_total = -9.390774e-04
it = 201
Total = 1.0000, Free = 0.0000
D_BB = -2.521281e-03, D_BC = -6.295774e-04, D_CC = -6.506818e-09, D_total = -3.150865e-03
it = 301
Total = 1.0000, Free = 0.0000
D_BB = +2.005509e-03, D_BC = +5.355127e-04, D_CC = +1.894644e-08, D_total = +2.541040e-03
it = 401
Total = 1.0000, Free = 0.0000
D_BB = +1.251761e-02, D_BC = +3.173724e-03, D_CC = +4.566874e-07, D_total = +1.569179e-02
it = 501
Total = 1.0000, Free = 0.0000
D_BB = +1.042245e-02, D_BC = +2.599152e-03, D_CC = +2.381379e-07, D_total = +1.302184e-02
it = 601
Total = 1.0000, Free = 0.0000
D_BB = -1.438150e-02, D_BC = -3.684881e-03, D_CC = -9.994087e-07, D_total = -1.806738e-02
it = 701
Total = 1.0000, Free = 0.0001
D_BB = -3.490901e-02, D_BC = -8.719447e-03, D_CC = -9.517329e-06, D_total = -4.363797e-02
it = 801
Total = 1.0000, Free = 0.0000
D_BB = -1.238071e-02, D_BC = -3.079542e-03, D_CC = -1.656604e-08, D_total = -1.546027e-02
it = 901
Total = 1.0000, Free = 0.0001
D_BB = +3.960090e-02, D_BC = +9.944405e-03, D_CC = +2.066028e-05, D_total = +4.956597e-02
it = 1001
Total = 1.0000, Free = 0.0002
D_BB = +5.676422e-02, D_BC = +1.384386e-02, D_CC = +1.882016e-05, D_total = +7.062690e-02
it = 1101
Total = 1.0000, Free = 0.0000
D_BB = +5.289757e-04, D_BC = +8.457091e-05, D_CC = -4.511921e-07, D_total = +6.130954e-04
it = 1201
Total = 1.0000, Free = 0.0003
D_BB = -7.101944e-02, D_BC = -1.721550e-02, D_CC = -9.375526e-05, D_total = -8.832870e-02
it = 1301
Total = 1.0000, Free = 0.0002
D_BB = -6.395334e-02, D_BC = -1.555350e-02, D_CC = +1.726560e-05, D_total = -7.948957e-02
it = 1401
Total = 1.0000, Free = 0.0000
D_BB = +2.323732e-02, D_BC = +5.815747e-03, D_CC = +2.209562e-05, D_total = +2.907516e-02
it = 1501
Total = 1.0000, Free = 0.0004
D_BB = +9.483413e-02, D_BC = +2.205994e-02, D_CC = +1.055140e-04, D_total = +1.169996e-01
it = 1601
Total = 1.0000, Free = 0.0001
D_BB = +5.046751e-02, D_BC = +1.274580e-02, D_CC = -3.141935e-05, D_total = +6.318189e-02
it = 1701
Total = 1.0000, Free = 0.0001
D_BB = -4.815017e-02, D_BC = -1.209453e-02, D_CC = -1.126334e-04, D_total = -6.035734e-02
it = 1801
Total = 1.0000, Free = 0.0004
D_BB = -9.582315e-02, D_BC = -2.202443e-02, D_CC = +6.887559e-05, D_total = -1.177787e-01
it = 1901
Total = 1.0000, Free = 0.0000
D_BB = -2.621066e-02, D_BC = -6.572577e-03, D_CC = +5.864418e-05, D_total = -3.272459e-02
it = 2001
Total = 1.0000, Free = 0.0002
D_BB = +6.190467e-02, D_BC = +1.503019e-02, D_CC = +2.615974e-04, D_total = +7.719646e-02
it = 2101
Total = 1.0000, Free = 0.0003
D_BB = +7.324359e-02, D_BC = +1.754845e-02, D_CC = -1.616224e-04, D_total = +9.063042e-02
it = 2201
Total = 1.0000, Free = 0.0000
D_BB = +1.668129e-03, D_BC = +5.241125e-04, D_CC = -1.483310e-05, D_total = +2.177409e-03
it = 2301
Total = 1.0000, Free = 0.0002
D_BB = -5.668861e-02, D_BC = -1.368702e-02, D_CC = -1.535077e-04, D_total = -7.052913e-02
it = 2401
Total = 1.0000, Free = 0.0001
D_BB = -4.076813e-02, D_BC = -1.016134e-02, D_CC = +8.361861e-05, D_total = -5.084585e-02
it = 2501
Total = 1.0000, Free = 0.0000
D_BB = +1.156520e-02, D_BC = +2.643524e-03, D_CC = +5.471111e-06, D_total = +1.421420e-02
it = 2601
Total = 1.0000, Free = 0.0001
D_BB = +3.452489e-02, D_BC = +8.720301e-03, D_CC = +3.325159e-05, D_total = +4.327844e-02
it = 2701
Total = 1.0000, Free = 0.0000
D_BB = +1.459730e-02, D_BC = +3.953403e-03, D_CC = -2.666199e-05, D_total = +1.852404e-02
it = 2801
Total = 1.0000, Free = 0.0000
D_BB = -9.442242e-03, D_BC = -2.476879e-03, D_CC = -1.468036e-05, D_total = -1.193380e-02
it = 2901
Total = 1.0000, Free = 0.0000
D_BB = -1.226790e-02, D_BC = -3.255375e-03, D_CC = -5.794722e-06, D_total = -1.552907e-02
it = 3001
Total = 1.0000, Free = 0.0000
D_BB = -2.995464e-03, D_BC = -5.957039e-04, D_CC = -5.950165e-06, D_total = -3.597118e-03
it = 3101
Total = 1.0000, Free = 0.0000
D_BB = +2.280483e-03, D_BC = +6.203409e-04, D_CC = -7.677771e-06, D_total = +2.893146e-03
it = 3201
Total = 1.0000, Free = 0.0000
D_BB = +1.597500e-03, D_BC = +2.142657e-04, D_CC = -9.192633e-06, D_total = +1.802573e-03
it = 3301
Total = 1.0000, Free = 0.0000
D_BB = -7.750356e-06, D_BC = +7.326311e-07, D_CC = -1.007713e-05, D_total = -1.709486e-05
Sample 2026_7_14_0.03_0.0285_6_short_range_10 does not exist. Exceute a new sample.
[ITP]: loop_times = 141
Energy of the state with k_=1: -0.4856362899419032
[ITP]: loop_times = 782
Energy of the state with k_=2: -0.08502203257532465
[ITP]: loop_times = 2000
Energy of the state with n=1, l=0, m=0: -0.4856362899419131
[ITP]: loop_times = 2000
Energy of the state with n=2, l=0, m=0: -0.07911107085132138
[ITP]: loop_times = 2000
Energy of the state with n=2, l=1, m=0: -0.08502203257536711
coarse_dipole_z_cb calculation finished.
it = 1
Total = 1.0000, Free = 0.0000
D_BB = -9.824114e-13, D_BC = -1.525859e-12, D_CC = +8.696260e-34, D_total = -2.508271e-12
it = 101
Total = 1.0000, Free = 0.0000
D_BB = -1.072702e-04, D_BC = -2.879992e-05, D_CC = +1.674121e-12, D_total = -1.360702e-04
it = 201
Total = 1.0000, Free = 0.0000
D_BB = -7.403839e-04, D_BC = -1.917515e-04, D_CC = -6.401664e-10, D_total = -9.321361e-04
it = 301
Total = 1.0000, Free = 0.0000
D_BB = -1.810392e-03, D_BC = -4.641542e-04, D_CC = +2.511473e-09, D_total = -2.274544e-03
it = 401
Total = 1.0000, Free = 0.0000
D_BB = -2.445728e-03, D_BC = -6.231576e-04, D_CC = -8.988873e-09, D_total = -3.068894e-03
it = 501
Total = 1.0000, Free = 0.0000
D_BB = -1.418148e-03, D_BC = -3.566669e-04, D_CC = -8.711551e-10, D_total = -1.774816e-03
it = 601
Total = 1.0000, Free = 0.0000
D_BB = +2.001758e-03, D_BC = +5.191991e-04, D_CC = -1.038451e-08, D_total = +2.520947e-03
it = 701
Total = 1.0000, Free = 0.0000
D_BB = +7.257496e-03, D_BC = +1.862364e-03, D_CC = +1.421563e-07, D_total = +9.120002e-03
it = 801
Total = 1.0000, Free = 0.0000
D_BB = +1.229122e-02, D_BC = +3.142802e-03, D_CC = +5.293654e-07, D_total = +1.543455e-02
it = 901
Total = 1.0000, Free = 0.0000
D_BB = +1.413762e-02, D_BC = +3.601117e-03, D_CC = +3.161483e-07, D_total = +1.773905e-02
it = 1001
Total = 1.0000, Free = 0.0000
D_BB = +1.026009e-02, D_BC = +2.606663e-03, D_CC = -1.494812e-07, D_total = +1.286660e-02
it = 1101
Total = 1.0000, Free = 0.0000
D_BB = +1.056010e-04, D_BC = +1.726991e-05, D_CC = +1.139105e-07, D_total = +1.229848e-04
it = 1201
Total = 1.0000, Free = 0.0000
D_BB = -1.407223e-02, D_BC = -3.595836e-03, D_CC = -1.783069e-06, D_total = -1.766985e-02
it = 1301
Total = 1.0000, Free = 0.0000
D_BB = -2.753063e-02, D_BC = -7.001633e-03, D_CC = -5.005805e-06, D_total = -3.453727e-02
it = 1401
Total = 1.0000, Free = 0.0001
D_BB = -3.427642e-02, D_BC = -8.668336e-03, D_CC = +4.617953e-06, D_total = -4.294014e-02
it = 1501
Total = 1.0000, Free = 0.0000
D_BB = -2.948047e-02, D_BC = -7.424490e-03, D_CC = +2.040401e-05, D_total = -3.688456e-02
it = 1601
Total = 1.0000, Free = 0.0000
D_BB = -1.243070e-02, D_BC = -3.118120e-03, D_CC = +7.088608e-06, D_total = -1.554173e-02
it = 1701
Total = 1.0000, Free = 0.0000
D_BB = +1.276007e-02, D_BC = +3.224593e-03, D_CC = +9.233843e-06, D_total = +1.599390e-02
it = 1801
Total = 1.0000, Free = 0.0001
D_BB = +3.874027e-02, D_BC = +9.741980e-03, D_CC = +6.732616e-05, D_total = +4.854957e-02
it = 1901
Total = 1.0000, Free = 0.0002
D_BB = +5.608198e-02, D_BC = +1.395448e-02, D_CC = +1.182077e-05, D_total = +7.004828e-02
it = 2001
Total = 1.0000, Free = 0.0002
D_BB = +5.579138e-02, D_BC = +1.375797e-02, D_CC = -2.021465e-04, D_total = +6.934720e-02
it = 2101
Total = 1.0000, Free = 0.0001
D_BB = +3.541838e-02, D_BC = +8.622951e-03, D_CC = -2.058378e-04, D_total = +4.383549e-02
it = 2201
Total = 1.0000, Free = 0.0000
D_BB = +1.071373e-03, D_BC = +2.468805e-04, D_CC = -1.409710e-06, D_total = +1.316844e-03
it = 2301
Total = 1.0000, Free = 0.0001
D_BB = -3.763838e-02, D_BC = -9.179947e-03, D_CC = -2.791305e-04, D_total = -4.709746e-02
it = 2401
Total = 1.0000, Free = 0.0002
D_BB = -6.940240e-02, D_BC = -1.693372e-02, D_CC = -3.301742e-04, D_total = -8.666629e-02
it = 2501
Total = 1.0000, Free = 0.0003
D_BB = -8.060105e-02, D_BC = -1.944574e-02, D_CC = +5.496049e-04, D_total = -9.949719e-02
it = 2601
Total = 1.0000, Free = 0.0002
D_BB = -6.348940e-02, D_BC = -1.520653e-02, D_CC = +1.277288e-03, D_total = -7.741864e-02
it = 2701
Total = 1.0000, Free = 0.0000
D_BB = -2.503374e-02, D_BC = -5.776033e-03, D_CC = +3.507943e-04, D_total = -3.045898e-02
it = 2801
Total = 1.0000, Free = 0.0000
D_BB = +2.205788e-02, D_BC = +5.096508e-03, D_CC = +2.920156e-04, D_total = +2.744641e-02
it = 2901
Total = 1.0000, Free = 0.0002
D_BB = +6.611259e-02, D_BC = +1.579919e-02, D_CC = +1.625001e-03, D_total = +8.353678e-02
it = 3001
Total = 1.0000, Free = 0.0004
D_BB = +9.241006e-02, D_BC = +2.195347e-02, D_CC = +4.129153e-04, D_total = +1.147764e-01
it = 3101
Total = 1.0000, Free = 0.0004
D_BB = +8.657340e-02, D_BC = +2.050314e-02, D_CC = -2.345762e-03, D_total = +1.047308e-01
it = 3201
Total = 1.0000, Free = 0.0001
D_BB = +5.141017e-02, D_BC = +1.179417e-02, D_CC = -2.193285e-03, D_total = +6.101106e-02
it = 3301
Total = 1.0000, Free = 0.0000
D_BB = +2.521440e-03, D_BC = +5.509619e-04, D_CC = -1.760462e-05, D_total = +3.054798e-03
it = 3401
Total = 1.0000, Free = 0.0001
D_BB = -4.693534e-02, D_BC = -1.071616e-02, D_CC = -2.026572e-03, D_total = -5.967806e-02
it = 3501
Total = 1.0000, Free = 0.0004
D_BB = -8.415451e-02, D_BC = -1.994749e-02, D_CC = -2.670150e-03, D_total = -1.067722e-01
it = 3601
Total = 1.0000, Free = 0.0004
D_BB = -9.343149e-02, D_BC = -2.215830e-02, D_CC = +1.344621e-03, D_total = -1.142452e-01
it = 3701
Total = 1.0000, Free = 0.0003
D_BB = -6.977020e-02, D_BC = -1.668666e-02, D_CC = +4.174035e-03, D_total = -8.228283e-02
it = 3801
Total = 1.0000, Free = 0.0000
D_BB = -2.674301e-02, D_BC = -6.196317e-03, D_CC = +1.124307e-03, D_total = -3.181502e-02
it = 3901
Total = 1.0000, Free = 0.0000
D_BB = +2.056492e-02, D_BC = +4.736480e-03, D_CC = +6.962608e-04, D_total = +2.599766e-02
it = 4001
Total = 1.0000, Free = 0.0002
D_BB = +6.043097e-02, D_BC = +1.445251e-02, D_CC = +3.856153e-03, D_total = +7.873963e-02
it = 4101
Total = 1.0000, Free = 0.0003
D_BB = +8.016890e-02, D_BC = +1.933596e-02, D_CC = +1.685191e-03, D_total = +1.011901e-01
it = 4201
Total = 1.0000, Free = 0.0003
D_BB = +7.164333e-02, D_BC = +1.746141e-02, D_CC = -2.450100e-03, D_total = +8.665464e-02
it = 4301
Total = 1.0000, Free = 0.0001
D_BB = +4.130059e-02, D_BC = +1.007827e-02, D_CC = -2.382408e-03, D_total = +4.899645e-02
it = 4401
Total = 1.0000, Free = 0.0000
D_BB = +2.713051e-03, D_BC = +6.654666e-04, D_CC = -2.845540e-05, D_total = +3.350062e-03
it = 4501
Total = 1.0000, Free = 0.0001
D_BB = -3.250083e-02, D_BC = -7.898601e-03, D_CC = -1.692806e-03, D_total = -4.209223e-02
it = 4601
Total = 1.0000, Free = 0.0002
D_BB = -5.461869e-02, D_BC = -1.346350e-02, D_CC = -2.391297e-03, D_total = -7.047349e-02
it = 4701
Total = 1.0000, Free = 0.0002
D_BB = -5.694414e-02, D_BC = -1.416089e-02, D_CC = +4.011922e-05, D_total = -7.106492e-02
it = 4801
Total = 1.0000, Free = 0.0001
D_BB = -4.098154e-02, D_BC = -1.030494e-02, D_CC = +1.390271e-03, D_total = -4.989621e-02
it = 4901
Total = 1.0000, Free = 0.0000
D_BB = -1.542082e-02, D_BC = -3.904382e-03, D_CC = +3.692342e-04, D_total = -1.895597e-02
it = 5001
Total = 1.0000, Free = 0.0000
D_BB = +1.018487e-02, D_BC = +2.559346e-03, D_CC = +1.691764e-04, D_total = +1.291339e-02
it = 5101
Total = 1.0000, Free = 0.0000
D_BB = +2.830954e-02, D_BC = +7.128248e-03, D_CC = +9.024158e-04, D_total = +3.634020e-02
it = 5201
Total = 1.0000, Free = 0.0001
D_BB = +3.438096e-02, D_BC = +8.690612e-03, D_CC = +5.353619e-04, D_total = +4.360694e-02
it = 5301
Total = 1.0000, Free = 0.0000
D_BB = +2.857854e-02, D_BC = +7.264714e-03, D_CC = -1.691274e-04, D_total = +3.567413e-02
it = 5401
Total = 1.0000, Free = 0.0000
D_BB = +1.553051e-02, D_BC = +3.968717e-03, D_CC = -1.815232e-04, D_total = +1.931771e-02
it = 5501
Total = 1.0000, Free = 0.0000
D_BB = +1.187967e-03, D_BC = +3.118430e-04, D_CC = -3.096794e-06, D_total = +1.496713e-03
it = 5601
Total = 1.0000, Free = 0.0000
D_BB = -9.531206e-03, D_BC = -2.415221e-03, D_CC = -7.717949e-05, D_total = -1.202361e-02
it = 5701
Total = 1.0000, Free = 0.0000
D_BB = -1.405274e-02, D_BC = -3.577028e-03, D_CC = -1.066797e-04, D_total = -1.773645e-02
it = 5801
Total = 1.0000, Free = 0.0000
D_BB = -1.265255e-02, D_BC = -3.236417e-03, D_CC = -2.688620e-05, D_total = -1.591586e-02
it = 5901
Total = 1.0000, Free = 0.0000
D_BB = -7.793560e-03, D_BC = -2.005564e-03, D_CC = +1.277158e-05, D_total = -9.786352e-03
it = 6001
Total = 1.0000, Free = 0.0000
D_BB = -2.478836e-03, D_BC = -6.351793e-04, D_CC = +7.500857e-06, D_total = -3.106514e-03
it = 6101
Total = 1.0000, Free = 0.0000
D_BB = +1.178037e-03, D_BC = +2.989866e-04, D_CC = +5.365512e-06, D_total = +1.482389e-03
it = 6201
Total = 1.0000, Free = 0.0000
D_BB = +2.457504e-03, D_BC = +6.183821e-04, D_CC = +5.577596e-06, D_total = +3.081463e-03
it = 6301
Total = 1.0000, Free = 0.0000
D_BB = +1.916852e-03, D_BC = +4.903382e-04, D_CC = +4.350853e-06, D_total = +2.411541e-03
it = 6401
Total = 1.0000, Free = 0.0000
D_BB = +8.137942e-04, D_BC = +2.143942e-04, D_CC = +3.576168e-06, D_total = +1.031765e-03
it = 6501
Total = 1.0000, Free = 0.0000
D_BB = +1.439145e-04, D_BC = +3.876537e-05, D_CC = +3.313194e-06, D_total = +1.859931e-04
it = 6601
Total = 1.0000, Free = 0.0000
D_BB = +1.996247e-05, D_BC = -1.481016e-07, D_CC = +3.107893e-06, D_total = +2.292226e-05
Sample 2026_7_14_0.03_0.114_6_short_range_10 does not exist. Exceute a new sample.
[ITP]: loop_times = 141
Energy of the state with k_=1: -0.4856362899419032
[ITP]: loop_times = 782
Energy of the state with k_=2: -0.08502203257532465
[ITP]: loop_times = 2000
Energy of the state with n=1, l=0, m=0: -0.4856362899419131
[ITP]: loop_times = 2000
Energy of the state with n=2, l=0, m=0: -0.07911107085132138
[ITP]: loop_times = 2000
Energy of the state with n=2, l=1, m=0: -0.08502203257536711
coarse_dipole_z_cb calculation finished.
it = 1
Total = 1.0000, Free = 0.0000
D_BB = -6.286915e-11, D_BC = -9.764695e-11, D_CC = +2.277512e-28, D_total = -1.605161e-10
it = 101
Total = 1.0000, Free = 0.0000
D_BB = -2.997709e-03, D_BC = -6.522815e-04, D_CC = +4.202779e-09, D_total = -3.649986e-03
it = 201
Total = 1.0000, Free = 0.0000
D_BB = +1.339012e-02, D_BC = +3.266059e-03, D_CC = +8.049264e-07, D_total = +1.665698e-02
it = 301
Total = 1.0000, Free = 0.0000
D_BB = -1.502331e-02, D_BC = -3.864788e-03, D_CC = -1.226483e-06, D_total = -1.888933e-02
it = 401
Total = 1.0000, Free = 0.0000
D_BB = -1.307539e-02, D_BC = -3.019127e-03, D_CC = -3.394996e-07, D_total = -1.609486e-02
it = 501
Total = 1.0000, Free = 0.0002
D_BB = +6.303731e-02, D_BC = +1.394000e-02, D_CC = -2.855708e-06, D_total = +7.697446e-02
it = 601
Total = 1.0000, Free = 0.0003
D_BB = -7.431427e-02, D_BC = -1.735404e-02, D_CC = -2.298155e-04, D_total = -9.189813e-02
it = 701
Total = 1.0000, Free = 0.0001
D_BB = +2.691634e-02, D_BC = +6.879167e-03, D_CC = -1.247561e-04, D_total = +3.367075e-02
it = 801
Total = 1.0000, Free = 0.0002
D_BB = +5.007292e-02, D_BC = +1.216183e-02, D_CC = -6.832748e-05, D_total = +6.216642e-02
it = 901
Total = 1.0000, Free = 0.0006
D_BB = -1.141094e-01, D_BC = -2.497230e-02, D_CC = +8.299734e-04, D_total = -1.382518e-01
it = 1001
Total = 1.0000, Free = 0.0003
D_BB = +6.721056e-02, D_BC = +1.421384e-02, D_CC = -1.805439e-04, D_total = +8.124386e-02
it = 1101
Total = 1.0000, Free = 0.0001
D_BB = +5.150169e-03, D_BC = -5.006305e-05, D_CC = -2.094955e-05, D_total = +5.079157e-03
it = 1201
Total = 1.0000, Free = 0.0002
D_BB = -3.488333e-02, D_BC = -1.038469e-02, D_CC = +6.963414e-05, D_total = -4.519839e-02
it = 1301
Total = 1.0000, Free = 0.0002
D_BB = +3.427287e-02, D_BC = +9.336091e-03, D_CC = -1.254918e-04, D_total = +4.348347e-02
it = 1401
Total = 1.0000, Free = 0.0001
D_BB = -1.682685e-02, D_BC = -2.721426e-03, D_CC = -2.949375e-05, D_total = -1.957777e-02
it = 1501
Total = 1.0000, Free = 0.0001
D_BB = +2.894337e-03, D_BC = -6.022078e-04, D_CC = -3.030951e-05, D_total = +2.261820e-03
it = 1601
Total = 1.0000, Free = 0.0001
D_BB = +4.503704e-03, D_BC = +3.232888e-04, D_CC = -6.340091e-05, D_total = +4.763592e-03
Sample 2026_7_14_0.035_0.057_6_short_range_10 does not exist. Exceute a new sample.
[ITP]: loop_times = 141
Energy of the state with k_=1: -0.4856362899419032
[ITP]: loop_times = 782
Energy of the state with k_=2: -0.08502203257532465
[ITP]: loop_times = 2000
Energy of the state with n=1, l=0, m=0: -0.4856362899419131
[ITP]: loop_times = 2000
Energy of the state with n=2, l=0, m=0: -0.07911107085132138
[ITP]: loop_times = 2000
Energy of the state with n=2, l=1, m=0: -0.08502203257536711
coarse_dipole_z_cb calculation finished.
it = 1
Total = 1.0000, Free = 0.0000
D_BB = -9.169022e-12, D_BC = -1.424112e-11, D_CC = +7.069069e-31, D_total = -2.341014e-11
it = 101
Total = 1.0000, Free = 0.0000
D_BB = -8.689541e-04, D_BC = -2.266356e-04, D_CC = -7.788873e-12, D_total = -1.095590e-03
it = 201
Total = 1.0000, Free = 0.0000
D_BB = -2.941506e-03, D_BC = -7.344601e-04, D_CC = -3.642104e-09, D_total = -3.675970e-03
it = 301
Total = 1.0000, Free = 0.0000
D_BB = +2.339624e-03, D_BC = +6.246095e-04, D_CC = +1.774762e-08, D_total = +2.964251e-03
it = 401
Total = 1.0000, Free = 0.0000
D_BB = +1.461068e-02, D_BC = +3.702840e-03, D_CC = +9.193697e-07, D_total = +1.831444e-02
it = 501
Total = 1.0000, Free = 0.0000
D_BB = +1.216303e-02, D_BC = +3.033535e-03, D_CC = +4.201198e-07, D_total = +1.519698e-02
it = 601
Total = 1.0000, Free = 0.0000
D_BB = -1.678177e-02, D_BC = -4.297584e-03, D_CC = -1.576284e-06, D_total = -2.108093e-02
it = 701
Total = 1.0000, Free = 0.0001
D_BB = -4.088760e-02, D_BC = -1.016354e-02, D_CC = -1.448302e-05, D_total = -5.106563e-02
it = 801
Total = 1.0000, Free = 0.0000
D_BB = -1.443475e-02, D_BC = -3.586236e-03, D_CC = -1.993213e-08, D_total = -1.802101e-02
it = 901
Total = 1.0000, Free = 0.0001
D_BB = +4.636261e-02, D_BC = +1.159296e-02, D_CC = +3.286798e-05, D_total = +5.798843e-02
it = 1001
Total = 1.0000, Free = 0.0002
D_BB = +6.696070e-02, D_BC = +1.609931e-02, D_CC = +1.971251e-05, D_total = +8.307973e-02
it = 1101
Total = 1.0000, Free = 0.0000
D_BB = +6.673291e-04, D_BC = +9.107735e-05, D_CC = -8.492032e-07, D_total = +7.575572e-04
it = 1201
Total = 1.0000, Free = 0.0004
D_BB = -8.401930e-02, D_BC = -2.008308e-02, D_CC = -1.413288e-04, D_total = -1.042437e-01
it = 1301
Total = 1.0000, Free = 0.0003
D_BB = -7.555023e-02, D_BC = -1.805696e-02, D_CC = +4.954199e-05, D_total = -9.355764e-02
it = 1401
Total = 1.0000, Free = 0.0000
D_BB = +2.715698e-02, D_BC = +6.674417e-03, D_CC = +2.213763e-05, D_total = +3.385354e-02
it = 1501
Total = 1.0000, Free = 0.0006
D_BB = +1.136837e-01, D_BC = +2.571882e-02, D_CC = +1.141161e-04, D_total = +1.395166e-01
it = 1601
Total = 1.0000, Free = 0.0002
D_BB = +5.843769e-02, D_BC = +1.492907e-02, D_CC = +5.919284e-05, D_total = +7.342595e-02
it = 1701
Total = 1.0000, Free = 0.0002
D_BB = -5.657316e-02, D_BC = -1.433559e-02, D_CC = +3.905328e-05, D_total = -7.086969e-02
it = 1801
Total = 1.0000, Free = 0.0006
D_BB = -1.154355e-01, D_BC = -2.530428e-02, D_CC = +3.823350e-04, D_total = -1.403575e-01
it = 1901
Total = 1.0000, Free = 0.0001
D_BB = -3.075695e-02, D_BC = -7.674055e-03, D_CC = +9.335391e-05, D_total = -3.833765e-02
it = 2001
Total = 1.0000, Free = 0.0003
D_BB = +7.275998e-02, D_BC = +1.713432e-02, D_CC = +3.659546e-04, D_total = +9.026025e-02
it = 2101
Total = 1.0000, Free = 0.0004
D_BB = +8.712026e-02, D_BC = +2.070595e-02, D_CC = -4.136401e-04, D_total = +1.074126e-01
it = 2201
Total = 1.0000, Free = 0.0000
D_BB = +1.660739e-03, D_BC = +3.120451e-04, D_CC = -9.064741e-05, D_total = +1.882137e-03
it = 2301
Total = 1.0000, Free = 0.0002
D_BB = -6.770025e-02, D_BC = -1.583806e-02, D_CC = -1.958031e-04, D_total = -8.373411e-02
it = 2401
Total = 1.0000, Free = 0.0001
D_BB = -4.820955e-02, D_BC = -1.188081e-02, D_CC = +1.614806e-04, D_total = -5.992889e-02
it = 2501
Total = 1.0000, Free = 0.0000
D_BB = +1.335033e-02, D_BC = +3.328112e-03, D_CC = -3.403386e-05, D_total = +1.664441e-02
it = 2601
Total = 1.0000, Free = 0.0001
D_BB = +4.071238e-02, D_BC = +1.019982e-02, D_CC = -7.884499e-05, D_total = +5.083335e-02
it = 2701
Total = 1.0000, Free = 0.0000
D_BB = +1.689247e-02, D_BC = +4.505741e-03, D_CC = -1.432711e-04, D_total = +2.125494e-02
it = 2801
Total = 1.0000, Free = 0.0000
D_BB = -1.066779e-02, D_BC = -2.898786e-03, D_CC = -9.014938e-05, D_total = -1.365672e-02
it = 2901
Total = 1.0000, Free = 0.0000
D_BB = -1.401883e-02, D_BC = -3.840766e-03, D_CC = -7.006305e-05, D_total = -1.792966e-02
it = 3001
Total = 1.0000, Free = 0.0000
D_BB = -3.555233e-03, D_BC = -6.373336e-04, D_CC = -6.252060e-05, D_total = -4.255088e-03
it = 3101
Total = 1.0000, Free = 0.0000
D_BB = +2.302043e-03, D_BC = +6.895010e-04, D_CC = -8.099784e-05, D_total = +2.910546e-03
it = 3201
Total = 1.0000, Free = 0.0000
D_BB = +2.045809e-03, D_BC = +2.539054e-04, D_CC = -9.307355e-05, D_total = +2.206641e-03
it = 3301
Total = 1.0000, Free = 0.0000
D_BB = +2.497638e-04, D_BC = +9.022947e-06, D_CC = -1.012047e-04, D_total = +1.575821e-04
Sample 2026_7_14_0.035_0.0285_6_short_range_10 does not exist. Exceute a new sample.
[ITP]: loop_times = 141
Energy of the state with k_=1: -0.4856362899419032
[ITP]: loop_times = 782
Energy of the state with k_=2: -0.08502203257532465
[ITP]: loop_times = 2000
Energy of the state with n=1, l=0, m=0: -0.4856362899419131
[ITP]: loop_times = 2000
Energy of the state with n=2, l=0, m=0: -0.07911107085132138
[ITP]: loop_times = 2000
Energy of the state with n=2, l=1, m=0: -0.08502203257536711
coarse_dipole_z_cb calculation finished.
it = 1
Total = 1.0000, Free = 0.0000
D_BB = -1.146147e-12, D_BC = -1.780169e-12, D_CC = +1.380942e-33, D_total = -2.926316e-12
it = 101
Total = 1.0000, Free = 0.0000
D_BB = -1.251486e-04, D_BC = -3.359991e-05, D_CC = +2.656008e-12, D_total = -1.587485e-04
it = 201
Total = 1.0000, Free = 0.0000
D_BB = -8.637821e-04, D_BC = -2.237118e-04, D_CC = -8.813062e-10, D_total = -1.087495e-03
it = 301
Total = 1.0000, Free = 0.0000
D_BB = -2.112137e-03, D_BC = -5.414520e-04, D_CC = +1.014895e-09, D_total = -2.653588e-03
it = 401
Total = 1.0000, Free = 0.0000
D_BB = -2.853401e-03, D_BC = -7.270901e-04, D_CC = -6.478514e-09, D_total = -3.580498e-03
it = 501
Total = 1.0000, Free = 0.0000
D_BB = -1.654557e-03, D_BC = -4.162512e-04, D_CC = -6.806480e-09, D_total = -2.070815e-03
it = 601
Total = 1.0000, Free = 0.0000
D_BB = +2.335439e-03, D_BC = +6.063392e-04, D_CC = -2.619507e-09, D_total = +2.941776e-03
it = 701
Total = 1.0000, Free = 0.0000
D_BB = +8.467994e-03, D_BC = +2.172839e-03, D_CC = +1.138802e-07, D_total = +1.064095e-02
it = 801
Total = 1.0000, Free = 0.0000
D_BB = +1.434584e-02, D_BC = +3.668096e-03, D_CC = +7.189001e-07, D_total = +1.801466e-02
it = 901
Total = 1.0000, Free = 0.0000
D_BB = +1.650354e-02, D_BC = +4.201441e-03, D_CC = +4.585328e-07, D_total = +2.070544e-02
it = 1001
Total = 1.0000, Free = 0.0000
D_BB = +1.197365e-02, D_BC = +3.037467e-03, D_CC = -2.584048e-07, D_total = +1.501085e-02
it = 1101
Total = 1.0000, Free = 0.0000
D_BB = +1.232461e-04, D_BC = +1.733777e-05, D_CC = +1.514711e-07, D_total = +1.407353e-04
it = 1201
Total = 1.0000, Free = 0.0000
D_BB = -1.642525e-02, D_BC = -4.192567e-03, D_CC = -2.743328e-06, D_total = -2.062056e-02
it = 1301
Total = 1.0000, Free = 0.0001
D_BB = -3.218727e-02, D_BC = -8.164871e-03, D_CC = -6.962968e-06, D_total = -4.035910e-02
it = 1401
Total = 1.0000, Free = 0.0001
D_BB = -4.012559e-02, D_BC = -1.010452e-02, D_CC = +9.207005e-06, D_total = -5.022090e-02
it = 1501
Total = 1.0000, Free = 0.0001
D_BB = -3.447945e-02, D_BC = -8.631856e-03, D_CC = +3.426965e-05, D_total = -4.307704e-02
it = 1601
Total = 1.0000, Free = 0.0000
D_BB = -1.450623e-02, D_BC = -3.609048e-03, D_CC = +1.196710e-05, D_total = -1.810331e-02
it = 1701
Total = 1.0000, Free = 0.0000
D_BB = +1.488879e-02, D_BC = +3.736715e-03, D_CC = +1.551186e-05, D_total = +1.864102e-02
it = 1801
Total = 1.0000, Free = 0.0001
D_BB = +4.538005e-02, D_BC = +1.133336e-02, D_CC = +1.064735e-04, D_total = +5.681988e-02
it = 1901
Total = 1.0000, Free = 0.0002
D_BB = +6.602562e-02, D_BC = +1.625790e-02, D_CC = +1.001903e-05, D_total = +8.229354e-02
it = 2001
Total = 1.0000, Free = 0.0002
D_BB = +6.568216e-02, D_BC = +1.596123e-02, D_CC = -3.392708e-04, D_total = +8.130412e-02
it = 2101
Total = 1.0000, Free = 0.0001
D_BB = +4.145914e-02, D_BC = +9.834128e-03, D_CC = -3.408454e-04, D_total = +5.095243e-02
it = 2201
Total = 1.0000, Free = 0.0000
D_BB = +1.248551e-03, D_BC = +2.748355e-04, D_CC = -3.057527e-06, D_total = +1.520329e-03
it = 2301
Total = 1.0000, Free = 0.0001
D_BB = -4.406427e-02, D_BC = -1.047222e-02, D_CC = -4.482493e-04, D_total = -5.498474e-02
it = 2401
Total = 1.0000, Free = 0.0003
D_BB = -8.207753e-02, D_BC = -1.967468e-02, D_CC = -4.610272e-04, D_total = -1.022132e-01
it = 2501
Total = 1.0000, Free = 0.0004
D_BB = -9.587925e-02, D_BC = -2.261610e-02, D_CC = +1.000023e-03, D_total = -1.174953e-01
it = 2601
Total = 1.0000, Free = 0.0003
D_BB = -7.490382e-02, D_BC = -1.742816e-02, D_CC = +2.162909e-03, D_total = -9.016907e-02
it = 2701
Total = 1.0000, Free = 0.0000
D_BB = -2.923713e-02, D_BC = -6.300319e-03, D_CC = +5.462067e-04, D_total = -3.499124e-02
it = 2801
Total = 1.0000, Free = 0.0000
D_BB = +2.575387e-02, D_BC = +5.544006e-03, D_CC = +4.462780e-04, D_total = +3.174416e-02
it = 2901
Total = 1.0000, Free = 0.0003
D_BB = +7.804454e-02, D_BC = +1.808214e-02, D_CC = +2.632592e-03, D_total = +9.875927e-02
it = 3001
Total = 1.0000, Free = 0.0006
D_BB = +1.105692e-01, D_BC = +2.554427e-02, D_CC = +5.385762e-04, D_total = +1.366520e-01
it = 3101
Total = 1.0000, Free = 0.0005
D_BB = +1.033112e-01, D_BC = +2.371145e-02, D_CC = -3.934100e-03, D_total = +1.230886e-01
it = 3201
Total = 1.0000, Free = 0.0002
D_BB = +6.041075e-02, D_BC = +1.297493e-02, D_CC = -3.450945e-03, D_total = +6.993473e-02
it = 3301
Total = 1.0000, Free = 0.0000
D_BB = +2.954915e-03, D_BC = +5.783254e-04, D_CC = +3.501959e-05, D_total = +3.568260e-03
it = 3401
Total = 1.0000, Free = 0.0002
D_BB = -5.507778e-02, D_BC = -1.170578e-02, D_CC = -3.020319e-03, D_total = -6.980388e-02
it = 3501
Total = 1.0000, Free = 0.0005
D_BB = -1.001869e-01, D_BC = -2.305845e-02, D_CC = -4.044846e-03, D_total = -1.272902e-01
it = 3601
Total = 1.0000, Free = 0.0006
D_BB = -1.119779e-01, D_BC = -2.576032e-02, D_CC = +2.533765e-03, D_total = -1.352045e-01
it = 3701
Total = 1.0000, Free = 0.0003
D_BB = -8.246628e-02, D_BC = -1.917899e-02, D_CC = +7.115308e-03, D_total = -9.452996e-02
it = 3801
Total = 1.0000, Free = 0.0001
D_BB = -3.121694e-02, D_BC = -6.766408e-03, D_CC = +1.795174e-03, D_total = -3.618818e-02
it = 3901
Total = 1.0000, Free = 0.0000
D_BB = +2.400942e-02, D_BC = +5.138733e-03, D_CC = +1.040366e-03, D_total = +3.018852e-02
it = 4001
Total = 1.0000, Free = 0.0003
D_BB = +7.118494e-02, D_BC = +1.648935e-02, D_CC = +6.223070e-03, D_total = +9.389737e-02
it = 4101
Total = 1.0000, Free = 0.0004
D_BB = +9.530163e-02, D_BC = +2.251053e-02, D_CC = +2.490470e-03, D_total = +1.203026e-01
it = 4201
Total = 1.0000, Free = 0.0004
D_BB = +8.478401e-02, D_BC = +2.027728e-02, D_CC = -4.101978e-03, D_total = +1.009593e-01
it = 4301
Total = 1.0000, Free = 0.0001
D_BB = +4.835786e-02, D_BC = +1.152282e-02, D_CC = -4.041644e-03, D_total = +5.583904e-02
it = 4401
Total = 1.0000, Free = 0.0000
D_BB = +3.208377e-03, D_BC = +7.517479e-04, D_CC = -1.009302e-04, D_total = +3.859195e-03
it = 4501
Total = 1.0000, Free = 0.0001
D_BB = -3.800294e-02, D_BC = -8.983461e-03, D_CC = -2.765953e-03, D_total = -4.975235e-02
it = 4601
Total = 1.0000, Free = 0.0002
D_BB = -6.432487e-02, D_BC = -1.562037e-02, D_CC = -3.811463e-03, D_total = -8.375670e-02
it = 4701
Total = 1.0000, Free = 0.0002
D_BB = -6.707580e-02, D_BC = -1.646591e-02, D_CC = +1.536014e-04, D_total = -8.338811e-02
it = 4801
Total = 1.0000, Free = 0.0001
D_BB = -4.806988e-02, D_BC = -1.197791e-02, D_CC = +2.298365e-03, D_total = -5.774943e-02
it = 4901
Total = 1.0000, Free = 0.0000
D_BB = -1.810309e-02, D_BC = -4.502773e-03, D_CC = +6.094915e-04, D_total = -2.199637e-02
it = 5001
Total = 1.0000, Free = 0.0000
D_BB = +1.195383e-02, D_BC = +2.962921e-03, D_CC = +2.416423e-04, D_total = +1.515840e-02
it = 5101
Total = 1.0000, Free = 0.0001
D_BB = +3.318524e-02, D_BC = +8.268925e-03, D_CC = +1.395136e-03, D_total = +4.284931e-02
it = 5201
Total = 1.0000, Free = 0.0001
D_BB = +4.021609e-02, D_BC = +1.010131e-02, D_CC = +7.596336e-04, D_total = +5.107703e-02
it = 5301
Total = 1.0000, Free = 0.0001
D_BB = +3.345726e-02, D_BC = +8.486869e-03, D_CC = -3.643365e-04, D_total = +4.157980e-02
it = 5401
Total = 1.0000, Free = 0.0000
D_BB = +1.806957e-02, D_BC = +4.640278e-03, D_CC = -3.824462e-04, D_total = +2.232740e-02
it = 5501
Total = 1.0000, Free = 0.0000
D_BB = +1.319270e-03, D_BC = +3.589895e-04, D_CC = -8.346076e-05, D_total = +1.594799e-03
it = 5601
Total = 1.0000, Free = 0.0000
D_BB = -1.103969e-02, D_BC = -2.816702e-03, D_CC = -1.872128e-04, D_total = -1.404361e-02
it = 5701
Total = 1.0000, Free = 0.0000
D_BB = -1.636321e-02, D_BC = -4.179937e-03, D_CC = -2.261591e-04, D_total = -2.076930e-02
it = 5801
Total = 1.0000, Free = 0.0000
D_BB = -1.481679e-02, D_BC = -3.765336e-03, D_CC = -9.202947e-05, D_total = -1.867415e-02
it = 5901
Total = 1.0000, Free = 0.0000
D_BB = -9.127044e-03, D_BC = -2.349224e-03, D_CC = -3.304392e-05, D_total = -1.150931e-02
it = 6001
Total = 1.0000, Free = 0.0000
D_BB = -2.865951e-03, D_BC = -7.313186e-04, D_CC = -4.577146e-05, D_total = -3.643041e-03
it = 6101
Total = 1.0000, Free = 0.0000
D_BB = +1.402401e-03, D_BC = +3.409589e-04, D_CC = -5.510897e-05, D_total = +1.688251e-03
it = 6201
Total = 1.0000, Free = 0.0000
D_BB = +2.831356e-03, D_BC = +7.249205e-04, D_CC = -6.076953e-05, D_total = +3.495507e-03
it = 6301
Total = 1.0000, Free = 0.0000
D_BB = +2.228592e-03, D_BC = +5.763190e-04, D_CC = -6.724443e-05, D_total = +2.737667e-03
it = 6401
Total = 1.0000, Free = 0.0000
D_BB = +9.898580e-04, D_BC = +2.441412e-04, D_CC = -7.249171e-05, D_total = +1.161507e-03
it = 6501
Total = 1.0000, Free = 0.0000
D_BB = +1.588545e-04, D_BC = +5.251602e-05, D_CC = -7.654992e-05, D_total = +1.348206e-04
it = 6601
Total = 1.0000, Free = 0.0000
D_BB = -1.435509e-05, D_BC = -1.039665e-05, D_CC = -8.034995e-05, D_total = -1.051017e-04
Sample 2026_7_14_0.035_0.114_6_short_range_10 does not exist. Exceute a new sample.
[ITP]: loop_times = 141
Energy of the state with k_=1: -0.4856362899419032
[ITP]: loop_times = 782
Energy of the state with k_=2: -0.08502203257532465
[ITP]: loop_times = 2000
Energy of the state with n=1, l=0, m=0: -0.4856362899419131
[ITP]: loop_times = 2000
Energy of the state with n=2, l=0, m=0: -0.07911107085132138
[ITP]: loop_times = 2000
Energy of the state with n=2, l=1, m=0: -0.08502203257536711
coarse_dipole_z_cb calculation finished.
it = 1
Total = 1.0000, Free = 0.0000
D_BB = -7.334734e-11, D_BC = -1.139214e-10, D_CC = +3.616605e-28, D_total = -1.872688e-10
it = 101
Total = 1.0000, Free = 0.0000
D_BB = -3.497374e-03, D_BC = -7.610090e-04, D_CC = +7.542903e-09, D_total = -4.258376e-03
it = 201
Total = 1.0000, Free = 0.0000
D_BB = +1.562476e-02, D_BC = +3.810785e-03, D_CC = +1.119070e-06, D_total = +1.943666e-02
it = 301
Total = 1.0000, Free = 0.0000
D_BB = -1.752710e-02, D_BC = -4.512997e-03, D_CC = -1.768779e-06, D_total = -2.204186e-02
it = 401
Total = 1.0000, Free = 0.0000
D_BB = -1.515848e-02, D_BC = -3.535391e-03, D_CC = -3.693462e-07, D_total = -1.869424e-02
it = 501
Total = 1.0000, Free = 0.0002
D_BB = +7.530688e-02, D_BC = +1.619965e-02, D_CC = -1.026073e-05, D_total = +9.149627e-02
it = 601
Total = 1.0000, Free = 0.0004
D_BB = -8.694942e-02, D_BC = -1.988986e-02, D_CC = -4.163491e-04, D_total = -1.072556e-01
it = 701
Total = 1.0000, Free = 0.0001
D_BB = +3.283347e-02, D_BC = +7.899913e-03, D_CC = -3.771878e-04, D_total = +4.035619e-02
it = 801
Total = 1.0000, Free = 0.0003
D_BB = +6.121869e-02, D_BC = +1.341401e-02, D_CC = +1.483889e-05, D_total = +7.464754e-02
it = 901
Total = 1.0000, Free = 0.0011
D_BB = -1.400044e-01, D_BC = -3.114025e-02, D_CC = +1.808319e-03, D_total = -1.693363e-01
it = 1001
Total = 1.0000, Free = 0.0006
D_BB = +7.807965e-02, D_BC = +1.573972e-02, D_CC = -1.115234e-03, D_total = +9.270413e-02
it = 1101
Total = 1.0000, Free = 0.0005
D_BB = +5.930546e-03, D_BC = +5.969450e-04, D_CC = -6.145526e-05, D_total = +6.466036e-03
it = 1201
Total = 1.0000, Free = 0.0006
D_BB = -3.711171e-02, D_BC = -1.169497e-02, D_CC = +5.277053e-04, D_total = -4.827897e-02
it = 1301
Total = 1.0000, Free = 0.0006
D_BB = +4.252710e-02, D_BC = +1.137278e-02, D_CC = -6.914776e-04, D_total = +5.320840e-02
it = 1401
Total = 1.0000, Free = 0.0005
D_BB = -2.314398e-02, D_BC = -3.317761e-03, D_CC = -2.020582e-04, D_total = -2.666380e-02
it = 1501
Total = 1.0000, Free = 0.0005
D_BB = +1.741466e-03, D_BC = -8.215997e-04, D_CC = -1.046783e-04, D_total = +8.151880e-04
it = 1601
Total = 1.0000, Free = 0.0005
D_BB = +9.345048e-03, D_BC = +5.701298e-04, D_CC = -2.413685e-04, D_total = +9.673809e-03
Sample 2026_7_14_0.04_0.057_6_short_range_10 does not exist. Exceute a new sample.
[ITP]: loop_times = 141
Energy of the state with k_=1: -0.4856362899419032
[ITP]: loop_times = 782
Energy of the state with k_=2: -0.08502203257532465
[ITP]: loop_times = 2000
Energy of the state with n=1, l=0, m=0: -0.4856362899419131
[ITP]: loop_times = 2000
Energy of the state with n=2, l=0, m=0: -0.07911107085132138
[ITP]: loop_times = 2000
Energy of the state with n=2, l=1, m=0: -0.08502203257536711
coarse_dipole_z_cb calculation finished.
it = 1
Total = 1.0000, Free = 0.0000
D_BB = -1.047888e-11, D_BC = -1.627556e-11, D_CC = +1.055208e-30, D_total = -2.675445e-11
it = 101
Total = 1.0000, Free = 0.0000
D_BB = -9.930903e-04, D_BC = -2.590136e-04, D_CC = -2.465794e-10, D_total = -1.252104e-03
it = 201
Total = 1.0000, Free = 0.0000
D_BB = -3.361788e-03, D_BC = -8.394233e-04, D_CC = -8.231458e-10, D_total = -4.201212e-03
it = 301
Total = 1.0000, Free = 0.0000
D_BB = +2.673702e-03, D_BC = +7.138052e-04, D_CC = +1.651861e-08, D_total = +3.387524e-03
it = 401
Total = 1.0000, Free = 0.0000
D_BB = +1.670678e-02, D_BC = +4.232424e-03, D_CC = +1.378640e-06, D_total = +2.094059e-02
it = 501
Total = 1.0000, Free = 0.0000
D_BB = +1.390543e-02, D_BC = +3.463667e-03, D_CC = +5.765513e-07, D_total = +1.736968e-02
it = 601
Total = 1.0000, Free = 0.0000
D_BB = -1.918359e-02, D_BC = -4.909793e-03, D_CC = -2.371861e-06, D_total = -2.409575e-02
it = 701
Total = 1.0000, Free = 0.0001
D_BB = -4.694354e-02, D_BC = -1.160330e-02, D_CC = -2.066724e-05, D_total = -5.856751e-02
it = 801
Total = 1.0000, Free = 0.0000
D_BB = -1.648346e-02, D_BC = -4.094821e-03, D_CC = -6.323205e-08, D_total = -2.057834e-02
it = 901
Total = 1.0000, Free = 0.0002
D_BB = +5.319532e-02, D_BC = +1.324114e-02, D_CC = +4.961313e-05, D_total = +6.648608e-02
it = 1001
Total = 1.0000, Free = 0.0003
D_BB = +7.756817e-02, D_BC = +1.832515e-02, D_CC = +8.341073e-06, D_total = +9.590166e-02
it = 1101
Total = 1.0000, Free = 0.0000
D_BB = +8.725599e-04, D_BC = +8.084611e-05, D_CC = +1.325348e-07, D_total = +9.535386e-04
it = 1201
Total = 1.0000, Free = 0.0005
D_BB = -9.756283e-02, D_BC = -2.297682e-02, D_CC = -2.034538e-04, D_total = -1.207431e-01
it = 1301
Total = 1.0000, Free = 0.0004
D_BB = -8.791559e-02, D_BC = -2.047011e-02, D_CC = +1.113992e-04, D_total = -1.082743e-01
it = 1401
Total = 1.0000, Free = 0.0001
D_BB = +3.088773e-02, D_BC = +7.392464e-03, D_CC = -7.927610e-05, D_total = +3.820092e-02
it = 1501
Total = 1.0000, Free = 0.0008
D_BB = +1.341376e-01, D_BC = +2.955098e-02, D_CC = +4.236244e-06, D_total = +1.636928e-01
it = 1601
Total = 1.0000, Free = 0.0003
D_BB = +6.641549e-02, D_BC = +1.725643e-02, D_CC = +4.395325e-04, D_total = +8.411145e-02
it = 1701
Total = 1.0000, Free = 0.0003
D_BB = -6.552499e-02, D_BC = -1.679691e-02, D_CC = +1.039057e-03, D_total = -8.128284e-02
it = 1801
Total = 1.0000, Free = 0.0008
D_BB = -1.366625e-01, D_BC = -2.840246e-02, D_CC = +1.607999e-03, D_total = -1.634570e-01
it = 1901
Total = 1.0000, Free = 0.0002
D_BB = -3.348899e-02, D_BC = -8.913869e-03, D_CC = +2.954968e-05, D_total = -4.237331e-02
it = 2001
Total = 1.0000, Free = 0.0005
D_BB = +8.264417e-02, D_BC = +1.920668e-02, D_CC = -6.125801e-04, D_total = +1.012383e-01
it = 2101
Total = 1.0000, Free = 0.0006
D_BB = +1.028668e-01, D_BC = +2.351697e-02, D_CC = -2.271727e-03, D_total = +1.241120e-01
it = 2201
Total = 1.0000, Free = 0.0001
D_BB = +2.411742e-03, D_BC = +7.639402e-04, D_CC = -6.587317e-04, D_total = +2.516950e-03
it = 2301
Total = 1.0000, Free = 0.0004
D_BB = -7.801272e-02, D_BC = -1.873497e-02, D_CC = +4.061445e-05, D_total = -9.670707e-02
it = 2401
Total = 1.0000, Free = 0.0003
D_BB = -5.394511e-02, D_BC = -1.362064e-02, D_CC = +6.758123e-04, D_total = -6.688994e-02
it = 2501
Total = 1.0000, Free = 0.0001
D_BB = +1.739446e-02, D_BC = +3.592929e-03, D_CC = -3.870272e-04, D_total = +2.060037e-02
it = 2601
Total = 1.0000, Free = 0.0002
D_BB = +4.615996e-02, D_BC = +1.114637e-02, D_CC = -1.039756e-03, D_total = +5.626658e-02
it = 2701
Total = 1.0000, Free = 0.0002
D_BB = +1.901002e-02, D_BC = +5.578615e-03, D_CC = -9.885082e-04, D_total = +2.360012e-02
it = 2801
Total = 1.0000, Free = 0.0001
D_BB = -1.280715e-02, D_BC = -3.698611e-03, D_CC = -5.907461e-04, D_total = -1.709651e-02
it = 2901
Total = 1.0000, Free = 0.0001
D_BB = -1.573222e-02, D_BC = -4.113684e-03, D_CC = -3.994444e-04, D_total = -2.024535e-02
it = 3001
Total = 1.0000, Free = 0.0001
D_BB = -4.750783e-03, D_BC = -6.843984e-04, D_CC = -4.442056e-04, D_total = -5.879387e-03
it = 3101
Total = 1.0000, Free = 0.0001
D_BB = +2.388251e-03, D_BC = +6.908956e-04, D_CC = -5.682455e-04, D_total = +2.510901e-03
it = 3201
Total = 1.0000, Free = 0.0001
D_BB = +2.986102e-03, D_BC = +4.147168e-04, D_CC = -6.434859e-04, D_total = +2.757333e-03
it = 3301
Total = 1.0000, Free = 0.0001
D_BB = +3.848620e-04, D_BC = -1.201842e-04, D_CC = -7.017814e-04, D_total = -4.371036e-04
Sample 2026_7_14_0.04_0.0285_6_short_range_10 does not exist. Exceute a new sample.
[ITP]: loop_times = 141
Energy of the state with k_=1: -0.4856362899419032
[ITP]: loop_times = 782
Energy of the state with k_=2: -0.08502203257532465
[ITP]: loop_times = 2000
Energy of the state with n=1, l=0, m=0: -0.4856362899419131
[ITP]: loop_times = 2000
Energy of the state with n=2, l=0, m=0: -0.07911107085132138
[ITP]: loop_times = 2000
Energy of the state with n=2, l=1, m=0: -0.08502203257536711
coarse_dipole_z_cb calculation finished.
it = 1
Total = 1.0000, Free = 0.0000
D_BB = -1.309882e-12, D_BC = -2.034479e-12, D_CC = +2.061347e-33, D_total = -3.344361e-12
it = 101
Total = 1.0000, Free = 0.0000
D_BB = -1.430270e-04, D_BC = -3.839990e-05, D_CC = +3.064356e-12, D_total = -1.814269e-04
it = 201
Total = 1.0000, Free = 0.0000
D_BB = -9.871809e-04, D_BC = -2.556727e-04, D_CC = -8.211246e-10, D_total = -1.242854e-03
it = 301
Total = 1.0000, Free = 0.0000
D_BB = -2.413918e-03, D_BC = -6.187628e-04, D_CC = -3.251812e-09, D_total = -3.032684e-03
it = 401
Total = 1.0000, Free = 0.0000
D_BB = -3.261075e-03, D_BC = -8.309563e-04, D_CC = +4.667959e-09, D_total = -4.092027e-03
it = 501
Total = 1.0000, Free = 0.0000
D_BB = -1.890941e-03, D_BC = -4.764687e-04, D_CC = -1.577245e-08, D_total = -2.367426e-03
it = 601
Total = 1.0000, Free = 0.0000
D_BB = +2.669152e-03, D_BC = +6.933268e-04, D_CC = +1.382072e-08, D_total = +3.362492e-03
it = 701
Total = 1.0000, Free = 0.0000
D_BB = +9.679297e-03, D_BC = +2.483540e-03, D_CC = +1.651067e-07, D_total = +1.216300e-02
it = 801
Total = 1.0000, Free = 0.0000
D_BB = +1.640321e-02, D_BC = +4.189871e-03, D_CC = +9.632149e-07, D_total = +2.059405e-02
it = 901
Total = 1.0000, Free = 0.0000
D_BB = +1.887379e-02, D_BC = +4.797924e-03, D_CC = +7.527002e-07, D_total = +2.367247e-02
it = 1001
Total = 1.0000, Free = 0.0000
D_BB = +1.368874e-02, D_BC = +3.465009e-03, D_CC = -4.333547e-07, D_total = +1.715331e-02
it = 1101
Total = 1.0000, Free = 0.0000
D_BB = +1.409023e-04, D_BC = +1.967875e-05, D_CC = +1.932805e-07, D_total = +1.607744e-04
it = 1201
Total = 1.0000, Free = 0.0000
D_BB = -1.878187e-02, D_BC = -4.784048e-03, D_CC = -3.924904e-06, D_total = -2.356984e-02
it = 1301
Total = 1.0000, Free = 0.0001
D_BB = -3.687587e-02, D_BC = -9.326082e-03, D_CC = -8.732968e-06, D_total = -4.621069e-02
it = 1401
Total = 1.0000, Free = 0.0001
D_BB = -4.603990e-02, D_BC = -1.153535e-02, D_CC = +1.695455e-05, D_total = -5.755830e-02
it = 1501
Total = 1.0000, Free = 0.0001
D_BB = -3.951938e-02, D_BC = -9.826354e-03, D_CC = +5.402589e-05, D_total = -4.929171e-02
it = 1601
Total = 1.0000, Free = 0.0000
D_BB = -1.658315e-02, D_BC = -4.083764e-03, D_CC = +1.888610e-05, D_total = -2.064803e-02
it = 1701
Total = 1.0000, Free = 0.0000
D_BB = +1.701902e-02, D_BC = +4.226676e-03, D_CC = +2.421520e-05, D_total = +2.126991e-02
it = 1801
Total = 1.0000, Free = 0.0001
D_BB = +5.210685e-02, D_BC = +1.290720e-02, D_CC = +1.582365e-04, D_total = +6.517229e-02
it = 1901
Total = 1.0000, Free = 0.0003
D_BB = +7.626717e-02, D_BC = +1.855248e-02, D_CC = -9.483192e-07, D_total = +9.481870e-02
it = 2001
Total = 1.0000, Free = 0.0003
D_BB = +7.587233e-02, D_BC = +1.813820e-02, D_CC = -5.377722e-04, D_total = +9.347276e-02
it = 2101
Total = 1.0000, Free = 0.0001
D_BB = +4.757009e-02, D_BC = +1.088066e-02, D_CC = -5.217346e-04, D_total = +5.792902e-02
it = 2201
Total = 1.0000, Free = 0.0000
D_BB = +1.425572e-03, D_BC = +2.991680e-04, D_CC = -5.938929e-06, D_total = +1.718801e-03
it = 2301
Total = 1.0000, Free = 0.0001
D_BB = -5.056707e-02, D_BC = -1.158663e-02, D_CC = -6.653096e-04, D_total = -6.281901e-02
it = 2401
Total = 1.0000, Free = 0.0004
D_BB = -9.531588e-02, D_BC = -2.238262e-02, D_CC = -5.812444e-04, D_total = -1.182797e-01
it = 2501
Total = 1.0000, Free = 0.0006
D_BB = -1.122147e-01, D_BC = -2.576284e-02, D_CC = +1.718148e-03, D_total = -1.362594e-01
it = 2601
Total = 1.0000, Free = 0.0004
D_BB = -8.672579e-02, D_BC = -1.941975e-02, D_CC = +3.385870e-03, D_total = -1.027597e-01
it = 2701
Total = 1.0000, Free = 0.0001
D_BB = -3.346907e-02, D_BC = -6.594245e-03, D_CC = +7.251786e-04, D_total = -3.933814e-02
it = 2801
Total = 1.0000, Free = 0.0000
D_BB = +2.948331e-02, D_BC = +5.793800e-03, D_CC = +5.501176e-04, D_total = +3.582723e-02
it = 2901
Total = 1.0000, Free = 0.0004
D_BB = +9.042773e-02, D_BC = +2.013592e-02, D_CC = +3.882368e-03, D_total = +1.144460e-01
it = 3001
Total = 1.0000, Free = 0.0007
D_BB = +1.303012e-01, D_BC = +2.914421e-02, D_CC = +5.447262e-04, D_total = +1.599902e-01
it = 3101
Total = 1.0000, Free = 0.0006
D_BB = +1.215879e-01, D_BC = +2.679624e-02, D_CC = -6.165245e-03, D_total = +1.422189e-01
it = 3201
Total = 1.0000, Free = 0.0002
D_BB = +6.956408e-02, D_BC = +1.369849e-02, D_CC = -4.615762e-03, D_total = +7.864681e-02
it = 3301
Total = 1.0000, Free = 0.0000
D_BB = +3.387204e-03, D_BC = +5.964437e-04, D_CC = +7.536526e-04, D_total = +4.737301e-03
it = 3401
Total = 1.0000, Free = 0.0002
D_BB = -6.334476e-02, D_BC = -1.224827e-02, D_CC = -3.100046e-03, D_total = -7.869307e-02
it = 3501
Total = 1.0000, Free = 0.0006
D_BB = -1.172857e-01, D_BC = -2.609835e-02, D_CC = -4.577259e-03, D_total = -1.479613e-01
it = 3601
Total = 1.0000, Free = 0.0008
D_BB = -1.324018e-01, D_BC = -2.931969e-02, D_CC = +5.567525e-03, D_total = -1.561540e-01
it = 3701
Total = 1.0000, Free = 0.0005
D_BB = -9.569093e-02, D_BC = -2.148094e-02, D_CC = +1.207661e-02, D_total = -1.050953e-01
it = 3801
Total = 1.0000, Free = 0.0001
D_BB = -3.572692e-02, D_BC = -7.075653e-03, D_CC = +2.832846e-03, D_total = -3.996973e-02
it = 3901
Total = 1.0000, Free = 0.0001
D_BB = +2.750001e-02, D_BC = +5.361630e-03, D_CC = +1.009698e-03, D_total = +3.387134e-02
it = 4001
Total = 1.0000, Free = 0.0004
D_BB = +8.224990e-02, D_BC = +1.831121e-02, D_CC = +8.363866e-03, D_total = +1.089250e-01
it = 4101
Total = 1.0000, Free = 0.0006
D_BB = +1.114068e-01, D_BC = +2.568870e-02, D_CC = +2.178457e-03, D_total = +1.392740e-01
it = 4201
Total = 1.0000, Free = 0.0005
D_BB = +9.854337e-02, D_BC = +2.307598e-02, D_CC = -7.714203e-03, D_total = +1.139051e-01
it = 4301
Total = 1.0000, Free = 0.0002
D_BB = +5.547939e-02, D_BC = +1.280295e-02, D_CC = -7.305289e-03, D_total = +6.097705e-02
it = 4401
Total = 1.0000, Free = 0.0000
D_BB = +3.666316e-03, D_BC = +8.057674e-04, D_CC = -7.217446e-04, D_total = +3.750339e-03
it = 4501
Total = 1.0000, Free = 0.0001
D_BB = -4.355377e-02, D_BC = -9.899282e-03, D_CC = -4.162618e-03, D_total = -5.761567e-02
it = 4601
Total = 1.0000, Free = 0.0003
D_BB = -7.438643e-02, D_BC = -1.774022e-02, D_CC = -5.368021e-03, D_total = -9.749467e-02
it = 4701
Total = 1.0000, Free = 0.0003
D_BB = -7.765590e-02, D_BC = -1.878829e-02, D_CC = +8.300376e-04, D_total = -9.561415e-02
it = 4801
Total = 1.0000, Free = 0.0002
D_BB = -5.527408e-02, D_BC = -1.362812e-02, D_CC = +3.914172e-03, D_total = -6.498802e-02
it = 4901
Total = 1.0000, Free = 0.0001
D_BB = -2.082667e-02, D_BC = -5.101763e-03, D_CC = +9.798597e-04, D_total = -2.494857e-02
it = 5001
Total = 1.0000, Free = 0.0000
D_BB = +1.371462e-02, D_BC = +3.351472e-03, D_CC = -8.018327e-06, D_total = +1.705807e-02
it = 5101
Total = 1.0000, Free = 0.0001
D_BB = +3.812981e-02, D_BC = +9.393844e-03, D_CC = +1.385847e-03, D_total = +4.890950e-02
it = 5201
Total = 1.0000, Free = 0.0001
D_BB = +4.617221e-02, D_BC = +1.155658e-02, D_CC = +1.653432e-04, D_total = +5.789412e-02
it = 5301
Total = 1.0000, Free = 0.0001
D_BB = +3.833467e-02, D_BC = +9.645640e-03, D_CC = -1.603505e-03, D_total = +4.637681e-02
it = 5401
Total = 1.0000, Free = 0.0001
D_BB = +2.046780e-02, D_BC = +5.265221e-03, D_CC = -1.541081e-03, D_total = +2.419194e-02
it = 5501
Total = 1.0000, Free = 0.0000
D_BB = +1.603387e-03, D_BC = +4.061360e-04, D_CC = -9.405241e-04, D_total = +1.068999e-03
it = 5601
Total = 1.0000, Free = 0.0000
D_BB = -1.243061e-02, D_BC = -3.189501e-03, D_CC = -9.391360e-04, D_total = -1.655925e-02
it = 5701
Total = 1.0000, Free = 0.0001
D_BB = -1.879997e-02, D_BC = -4.750762e-03, D_CC = -8.722903e-04, D_total = -2.442302e-02
it = 5801
Total = 1.0000, Free = 0.0000
D_BB = -1.707820e-02, D_BC = -4.350776e-03, D_CC = -6.284261e-04, D_total = -2.205740e-02
it = 5901
Total = 1.0000, Free = 0.0000
D_BB = -1.041312e-02, D_BC = -2.638661e-03, D_CC = -5.544198e-04, D_total = -1.360620e-02
it = 6001
Total = 1.0000, Free = 0.0000
D_BB = -3.163757e-03, D_BC = -8.604526e-04, D_CC = -6.296988e-04, D_total = -4.653908e-03
it = 6101
Total = 1.0000, Free = 0.0000
D_BB = +1.576738e-03, D_BC = +3.882855e-04, D_CC = -7.110682e-04, D_total = +1.253956e-03
it = 6201
Total = 1.0000, Free = 0.0000
D_BB = +3.141474e-03, D_BC = +8.458396e-04, D_CC = -7.810240e-04, D_total = +3.206290e-03
it = 6301
Total = 1.0000, Free = 0.0000
D_BB = +2.616412e-03, D_BC = +6.242823e-04, D_CC = -8.425604e-04, D_total = +2.398134e-03
it = 6401
Total = 1.0000, Free = 0.0000
D_BB = +1.190751e-03, D_BC = +3.228261e-04, D_CC = -8.914910e-04, D_total = +6.220861e-04
it = 6501
Total = 1.0000, Free = 0.0000
D_BB = +8.816915e-05, D_BC = +1.945247e-05, D_CC = -9.346800e-04, D_total = -8.270584e-04
it = 6601
Total = 1.0000, Free = 0.0000
D_BB = -4.422568e-05, D_BC = +2.078049e-05, D_CC = -9.764507e-04, D_total = -9.998959e-04
Sample 2026_7_14_0.04_0.114_6_short_range_10 does not exist. Exceute a new sample.
[ITP]: loop_times = 141
Energy of the state with k_=1: -0.4856362899419032
[ITP]: loop_times = 782
Energy of the state with k_=2: -0.08502203257532465
[ITP]: loop_times = 2000
Energy of the state with n=1, l=0, m=0: -0.4856362899419131
[ITP]: loop_times = 2000
Energy of the state with n=2, l=0, m=0: -0.07911107085132138
[ITP]: loop_times = 2000
Energy of the state with n=2, l=1, m=0: -0.08502203257536711
coarse_dipole_z_cb calculation finished.
it = 1
Total = 1.0000, Free = 0.0000
D_BB = -8.382553e-11, D_BC = -1.301959e-10, D_CC = +5.398548e-28, D_total = -2.140215e-10
it = 101
Total = 1.0000, Free = 0.0000
D_BB = -3.997062e-03, D_BC = -8.697860e-04, D_CC = +6.607012e-09, D_total = -4.866842e-03
it = 201
Total = 1.0000, Free = 0.0000
D_BB = +1.786077e-02, D_BC = +4.355670e-03, D_CC = +1.529909e-06, D_total = +2.221797e-02
it = 301
Total = 1.0000, Free = 0.0000
D_BB = -2.003086e-02, D_BC = -5.166924e-03, D_CC = -2.597892e-06, D_total = -2.520038e-02
it = 401
Total = 1.0000, Free = 0.0000
D_BB = -1.722150e-02, D_BC = -4.056820e-03, D_CC = +4.091074e-08, D_total = -2.127828e-02
it = 501
Total = 1.0000, Free = 0.0003
D_BB = +8.835136e-02, D_BC = +1.845445e-02, D_CC = -7.736674e-06, D_total = +1.067981e-01
it = 601
Total = 1.0000, Free = 0.0005
D_BB = -9.966247e-02, D_BC = -2.216708e-02, D_CC = -6.797752e-04, D_total = -1.225093e-01
it = 701
Total = 1.0000, Free = 0.0002
D_BB = +3.982035e-02, D_BC = +8.526674e-03, D_CC = -1.009566e-03, D_total = +4.733746e-02
it = 801
Total = 1.0000, Free = 0.0006
D_BB = +7.538509e-02, D_BC = +1.367308e-02, D_CC = +6.402467e-04, D_total = +8.969842e-02
it = 901
Total = 1.0000, Free = 0.0020
D_BB = -1.672288e-01, D_BC = -3.844959e-02, D_CC = +3.795884e-03, D_total = -2.018825e-01
it = 1001
Total = 1.0000, Free = 0.0014
D_BB = +8.907053e-02, D_BC = +1.741138e-02, D_CC = -3.698132e-03, D_total = +1.027838e-01
it = 1101
Total = 1.0000, Free = 0.0013
D_BB = +6.129161e-03, D_BC = +2.119160e-03, D_CC = +7.903873e-06, D_total = +8.256225e-03
it = 1201
Total = 1.0000, Free = 0.0015
D_BB = -3.879607e-02, D_BC = -1.271716e-02, D_CC = +2.198293e-03, D_total = -4.931494e-02
it = 1301
Total = 1.0000, Free = 0.0016
D_BB = +5.426494e-02, D_BC = +1.381802e-02, D_CC = -2.150238e-03, D_total = +6.593272e-02
it = 1401
Total = 1.0000, Free = 0.0014
D_BB = -2.928157e-02, D_BC = -3.866156e-03, D_CC = -4.809685e-04, D_total = -3.362869e-02
it = 1501
Total = 1.0000, Free = 0.0014
D_BB = -2.647282e-03, D_BC = -1.354056e-03, D_CC = -2.338788e-05, D_total = -4.024726e-03
it = 1601
Total = 1.0000, Free = 0.0014
D_BB = +1.535189e-02, D_BC = +1.047456e-03, D_CC = -4.274519e-04, D_total = +1.597190e-02
Sample 2026_7_14_0.045_0.057_6_short_range_10 does not exist. Exceute a new sample.
[ITP]: loop_times = 141
Energy of the state with k_=1: -0.4856362899419032
[ITP]: loop_times = 782
Energy of the state with k_=2: -0.08502203257532465
[ITP]: loop_times = 2000
Energy of the state with n=1, l=0, m=0: -0.4856362899419131
[ITP]: loop_times = 2000
Energy of the state with n=2, l=0, m=0: -0.07911107085132138
[ITP]: loop_times = 2000
Energy of the state with n=2, l=1, m=0: -0.08502203257536711
coarse_dipole_z_cb calculation finished.
it = 1
Total = 1.0000, Free = 0.0000
D_BB = -1.178874e-11, D_BC = -1.831001e-11, D_CC = +1.502435e-30, D_total = -3.009875e-11
it = 101
Total = 1.0000, Free = 0.0000
D_BB = -1.117226e-03, D_BC = -2.913918e-04, D_CC = -6.869742e-10, D_total = -1.408619e-03
it = 201
Total = 1.0000, Free = 0.0000
D_BB = -3.782154e-03, D_BC = -9.443846e-04, D_CC = +5.742046e-09, D_total = -4.726533e-03
it = 301
Total = 1.0000, Free = 0.0000
D_BB = +3.007823e-03, D_BC = +8.027774e-04, D_CC = +1.546955e-08, D_total = +3.810616e-03
it = 401
Total = 1.0000, Free = 0.0000
D_BB = +1.880622e-02, D_BC = +4.761870e-03, D_CC = +1.943381e-06, D_total = +2.357004e-02
it = 501
Total = 1.0000, Free = 0.0000
D_BB = +1.564958e-02, D_BC = +3.895988e-03, D_CC = +8.630014e-07, D_total = +1.954643e-02
it = 601
Total = 1.0000, Free = 0.0000
D_BB = -2.158709e-02, D_BC = -5.523670e-03, D_CC = -3.437679e-06, D_total = -2.711420e-02
it = 701
Total = 1.0000, Free = 0.0001
D_BB = -5.308935e-02, D_BC = -1.303866e-02, D_CC = -2.773085e-05, D_total = -6.615573e-02
it = 801
Total = 1.0000, Free = 0.0000
D_BB = -1.852581e-02, D_BC = -4.602586e-03, D_CC = -2.493954e-07, D_total = -2.312865e-02
it = 901
Total = 1.0000, Free = 0.0002
D_BB = +6.010716e-02, D_BC = +1.488845e-02, D_CC = +7.184255e-05, D_total = +7.506745e-02
it = 1001
Total = 1.0000, Free = 0.0004
D_BB = +8.870552e-02, D_BC = +2.051512e-02, D_CC = -2.524901e-05, D_total = +1.091954e-01
it = 1101
Total = 1.0000, Free = 0.0000
D_BB = +1.181669e-03, D_BC = +2.988887e-05, D_CC = +9.792616e-06, D_total = +1.221351e-03
it = 1201
Total = 1.0000, Free = 0.0006
D_BB = -1.117129e-01, D_BC = -2.591651e-02, D_CC = -2.833802e-04, D_total = -1.379128e-01
it = 1301
Total = 1.0000, Free = 0.0005
D_BB = -1.015916e-01, D_BC = -2.275926e-02, D_CC = +1.205504e-04, D_total = -1.242303e-01
it = 1401
Total = 1.0000, Free = 0.0001
D_BB = +3.405563e-02, D_BC = +7.930979e-03, D_CC = -6.561834e-04, D_total = +4.133043e-02
it = 1501
Total = 1.0000, Free = 0.0011
D_BB = +1.561799e-01, D_BC = +3.386703e-02, D_CC = -5.224760e-04, D_total = +1.895245e-01
it = 1601
Total = 1.0000, Free = 0.0006
D_BB = +7.528677e-02, D_BC = +1.960714e-02, D_CC = +1.768311e-03, D_total = +9.666222e-02
it = 1701
Total = 1.0000, Free = 0.0006
D_BB = -7.521892e-02, D_BC = -1.947738e-02, D_CC = +5.203846e-03, D_total = -8.949245e-02
it = 1801
Total = 1.0000, Free = 0.0011
D_BB = -1.606845e-01, D_BC = -3.077063e-02, D_CC = +6.174311e-03, D_total = -1.852808e-01
it = 1901
Total = 1.0000, Free = 0.0006
D_BB = -3.664193e-02, D_BC = -1.106180e-02, D_CC = +4.335957e-04, D_total = -4.727014e-02
it = 2001
Total = 1.0000, Free = 0.0009
D_BB = +9.412535e-02, D_BC = +2.083240e-02, D_CC = -4.209464e-03, D_total = +1.107483e-01
it = 2101
Total = 1.0000, Free = 0.0011
D_BB = +1.196061e-01, D_BC = +2.812723e-02, D_CC = -7.918177e-03, D_total = +1.398151e-01
it = 2201
Total = 1.0000, Free = 0.0005
D_BB = +7.501332e-04, D_BC = +7.599153e-04, D_CC = -2.662997e-03, D_total = -1.152948e-03
it = 2301
Total = 1.0000, Free = 0.0008
D_BB = -9.330365e-02, D_BC = -2.013653e-02, D_CC = +1.456396e-03, D_total = -1.119838e-01
it = 2401
Total = 1.0000, Free = 0.0006
D_BB = -6.605982e-02, D_BC = -1.415696e-02, D_CC = +2.066619e-03, D_total = -7.815016e-02
it = 2501
Total = 1.0000, Free = 0.0005
D_BB = +1.575957e-02, D_BC = +3.641783e-03, D_CC = -1.595623e-03, D_total = +1.780573e-02
it = 2601
Total = 1.0000, Free = 0.0007
D_BB = +5.407101e-02, D_BC = +1.418635e-02, D_CC = -4.050080e-03, D_total = +6.420727e-02
it = 2701
Total = 1.0000, Free = 0.0005
D_BB = +1.794449e-02, D_BC = +5.616325e-03, D_CC = -4.181773e-03, D_total = +1.937904e-02
it = 2801
Total = 1.0000, Free = 0.0005
D_BB = -1.384224e-02, D_BC = -3.251542e-03, D_CC = -2.628905e-03, D_total = -1.972269e-02
it = 2901
Total = 1.0000, Free = 0.0005
D_BB = -1.411783e-02, D_BC = -5.322158e-03, D_CC = -1.744691e-03, D_total = -2.118468e-02
it = 3001
Total = 1.0000, Free = 0.0005
D_BB = -4.535527e-03, D_BC = -1.010073e-03, D_CC = -1.974884e-03, D_total = -7.520484e-03
it = 3101
Total = 1.0000, Free = 0.0005
D_BB = -5.148458e-04, D_BC = +1.157314e-03, D_CC = -2.490274e-03, D_total = -1.847805e-03
it = 3201
Total = 1.0000, Free = 0.0005
D_BB = +3.840019e-03, D_BC = +1.511433e-05, D_CC = -2.840896e-03, D_total = +1.014238e-03
it = 3301
Total = 1.0000, Free = 0.0005
D_BB = +3.415101e-03, D_BC = +3.089174e-04, D_CC = -3.092480e-03, D_total = +6.315386e-04
Sample 2026_7_14_0.045_0.0285_6_short_range_10 does not exist. Exceute a new sample.
[ITP]: loop_times = 141
Energy of the state with k_=1: -0.4856362899419032
[ITP]: loop_times = 782
Energy of the state with k_=2: -0.08502203257532465
[ITP]: loop_times = 2000
Energy of the state with n=1, l=0, m=0: -0.4856362899419131
[ITP]: loop_times = 2000
Energy of the state with n=2, l=0, m=0: -0.07911107085132138
[ITP]: loop_times = 2000
Energy of the state with n=2, l=1, m=0: -0.08502203257536711
coarse_dipole_z_cb calculation finished.
it = 1
Total = 1.0000, Free = 0.0000
D_BB = -1.473617e-12, D_BC = -2.288789e-12, D_CC = +2.934994e-33, D_total = -3.762406e-12
it = 101
Total = 1.0000, Free = 0.0000
D_BB = -1.609054e-04, D_BC = -4.319988e-05, D_CC = +1.137721e-12, D_total = -2.041052e-04
it = 201
Total = 1.0000, Free = 0.0000
D_BB = -1.110580e-03, D_BC = -2.876314e-04, D_CC = -3.230777e-10, D_total = -1.398212e-03
it = 301
Total = 1.0000, Free = 0.0000
D_BB = -2.715729e-03, D_BC = -6.960734e-04, D_CC = -7.390968e-09, D_total = -3.411810e-03
it = 401
Total = 1.0000, Free = 0.0000
D_BB = -3.668746e-03, D_BC = -9.344462e-04, D_CC = +1.157924e-08, D_total = -4.603180e-03
it = 501
Total = 1.0000, Free = 0.0000
D_BB = -2.127290e-03, D_BC = -5.363441e-04, D_CC = -5.321107e-09, D_total = -2.663640e-03
it = 601
Total = 1.0000, Free = 0.0000
D_BB = +3.002795e-03, D_BC = +7.788651e-04, D_CC = +2.664669e-08, D_total = +3.781687e-03
it = 701
Total = 1.0000, Free = 0.0000
D_BB = +1.089132e-02, D_BC = +2.794095e-03, D_CC = +2.950842e-07, D_total = +1.368571e-02
it = 801
Total = 1.0000, Free = 0.0000
D_BB = +1.846387e-02, D_BC = +4.711035e-03, D_CC = +1.381147e-06, D_total = +2.317628e-02
it = 901
Total = 1.0000, Free = 0.0000
D_BB = +2.124929e-02, D_BC = +5.393300e-03, D_CC = +9.820265e-07, D_total = +2.664357e-02
it = 1001
Total = 1.0000, Free = 0.0000
D_BB = +1.540559e-02, D_BC = +3.891120e-03, D_CC = -6.772039e-07, D_total = +1.929603e-02
it = 1101
Total = 1.0000, Free = 0.0000
D_BB = +1.585656e-04, D_BC = +2.465046e-05, D_CC = +2.362733e-07, D_total = +1.834524e-04
it = 1201
Total = 1.0000, Free = 0.0000
D_BB = -2.114246e-02, D_BC = -5.372709e-03, D_CC = -5.351814e-06, D_total = -2.652053e-02
it = 1301
Total = 1.0000, Free = 0.0001
D_BB = -4.160149e-02, D_BC = -1.048505e-02, D_CC = -9.752740e-06, D_total = -5.209629e-02
it = 1401
Total = 1.0000, Free = 0.0001
D_BB = -5.203008e-02, D_BC = -1.296139e-02, D_CC = +2.934315e-05, D_total = -6.496213e-02
it = 1501
Total = 1.0000, Free = 0.0001
D_BB = -4.460638e-02, D_BC = -1.099687e-02, D_CC = +8.165633e-05, D_total = -5.552160e-02
it = 1601
Total = 1.0000, Free = 0.0000
D_BB = -1.866212e-02, D_BC = -4.531508e-03, D_CC = +2.820369e-05, D_total = -2.316542e-02
it = 1701
Total = 1.0000, Free = 0.0000
D_BB = +1.915066e-02, D_BC = +4.691691e-03, D_CC = +3.589763e-05, D_total = +2.387825e-02
it = 1801
Total = 1.0000, Free = 0.0002
D_BB = +5.893402e-02, D_BC = +1.446003e-02, D_CC = +2.239070e-04, D_total = +7.361796e-02
it = 1901
Total = 1.0000, Free = 0.0004
D_BB = +8.686747e-02, D_BC = +2.083666e-02, D_CC = -2.748741e-05, D_total = +1.076766e-01
it = 2001
Total = 1.0000, Free = 0.0004
D_BB = +8.643074e-02, D_BC = +2.024691e-02, D_CC = -8.170048e-04, D_total = +1.058607e-01
it = 2101
Total = 1.0000, Free = 0.0001
D_BB = +5.376023e-02, D_BC = +1.170576e-02, D_CC = -7.410973e-04, D_total = +6.472489e-02
it = 2201
Total = 1.0000, Free = 0.0000
D_BB = +1.604962e-03, D_BC = +3.103219e-04, D_CC = -7.686677e-06, D_total = +1.907597e-03
it = 2301
Total = 1.0000, Free = 0.0002
D_BB = -5.715699e-02, D_BC = -1.246569e-02, D_CC = -9.168451e-04, D_total = -7.053953e-02
it = 2401
Total = 1.0000, Free = 0.0006
D_BB = -1.092277e-01, D_BC = -2.506155e-02, D_CC = -6.583714e-04, D_total = -1.349476e-01
it = 2501
Total = 1.0000, Free = 0.0007
D_BB = -1.299425e-01, D_BC = -2.889620e-02, D_CC = +2.778254e-03, D_total = -1.560604e-01
it = 2601
Total = 1.0000, Free = 0.0005
D_BB = -9.909976e-02, D_BC = -2.112683e-02, D_CC = +4.831206e-03, D_total = -1.153954e-01
it = 2701
Total = 1.0000, Free = 0.0001
D_BB = -3.778416e-02, D_BC = -6.835177e-03, D_CC = +6.547282e-04, D_total = -4.396461e-02
it = 2801
Total = 1.0000, Free = 0.0001
D_BB = +3.326349e-02, D_BC = +6.027607e-03, D_CC = +1.899796e-04, D_total = +3.948107e-02
it = 2901
Total = 1.0000, Free = 0.0005
D_BB = +1.033455e-01, D_BC = +2.187707e-02, D_CC = +4.747593e-03, D_total = +1.299702e-01
it = 3001
Total = 1.0000, Free = 0.0010
D_BB = +1.520051e-01, D_BC = +3.284572e-02, D_CC = -1.614393e-04, D_total = +1.846894e-01
it = 3101
Total = 1.0000, Free = 0.0009
D_BB = +1.421958e-01, D_BC = +2.976211e-02, D_CC = -9.091824e-03, D_total = +1.628660e-01
it = 3201
Total = 1.0000, Free = 0.0004
D_BB = +7.869792e-02, D_BC = +1.427904e-02, D_CC = -4.529568e-03, D_total = +8.844739e-02
it = 3301
Total = 1.0000, Free = 0.0001
D_BB = +3.662468e-03, D_BC = +6.522194e-04, D_CC = +5.407872e-03, D_total = +9.722560e-03
it = 3401
Total = 1.0000, Free = 0.0003
D_BB = -7.168868e-02, D_BC = -1.264259e-02, D_CC = +2.694744e-03, D_total = -8.163653e-02
it = 3501
Total = 1.0000, Free = 0.0009
D_BB = -1.356916e-01, D_BC = -2.905151e-02, D_CC = +2.161377e-03, D_total = -1.625818e-01
it = 3601
Total = 1.0000, Free = 0.0011
D_BB = -1.551840e-01, D_BC = -3.299288e-02, D_CC = +1.704227e-02, D_total = -1.711346e-01
it = 3701
Total = 1.0000, Free = 0.0007
D_BB = -1.096256e-01, D_BC = -2.347928e-02, D_CC = +2.363816e-02, D_total = -1.094667e-01
it = 3801
Total = 1.0000, Free = 0.0003
D_BB = -4.044902e-02, D_BC = -7.317085e-03, D_CC = +5.706820e-03, D_total = -4.205928e-02
it = 3901
Total = 1.0000, Free = 0.0002
D_BB = +3.111869e-02, D_BC = +5.617947e-03, D_CC = -1.820770e-03, D_total = +3.491587e-02
it = 4001
Total = 1.0000, Free = 0.0006
D_BB = +9.379585e-02, D_BC = +1.971206e-02, D_CC = +4.270331e-03, D_total = +1.177782e-01
it = 4101
Total = 1.0000, Free = 0.0009
D_BB = +1.290896e-01, D_BC = +2.860971e-02, D_CC = -7.056772e-03, D_total = +1.506426e-01
it = 4201
Total = 1.0000, Free = 0.0008
D_BB = +1.134758e-01, D_BC = +2.575542e-02, D_CC = -2.117722e-02, D_total = +1.180540e-01
it = 4301
Total = 1.0000, Free = 0.0004
D_BB = +6.329132e-02, D_BC = +1.382300e-02, D_CC = -1.799436e-02, D_total = +5.911996e-02
it = 4401
Total = 1.0000, Free = 0.0002
D_BB = +4.113402e-03, D_BC = +7.549260e-04, D_CC = -4.750913e-03, D_total = +1.174155e-04
it = 4501
Total = 1.0000, Free = 0.0003
D_BB = -4.954673e-02, D_BC = -1.063893e-02, D_CC = -5.663097e-03, D_total = -6.584876e-02
it = 4601
Total = 1.0000, Free = 0.0006
D_BB = -8.437827e-02, D_BC = -1.970700e-02, D_CC = -4.740001e-03, D_total = -1.088253e-01
it = 4701
Total = 1.0000, Free = 0.0006
D_BB = -8.825619e-02, D_BC = -2.117698e-02, D_CC = +5.145816e-03, D_total = -1.042874e-01
it = 4801
Total = 1.0000, Free = 0.0004
D_BB = -6.270290e-02, D_BC = -1.545563e-02, D_CC = +8.640776e-03, D_total = -6.951775e-02
it = 4901
Total = 1.0000, Free = 0.0002
D_BB = -2.288127e-02, D_BC = -5.675944e-03, D_CC = +2.020026e-03, D_total = -2.653718e-02
it = 5001
Total = 1.0000, Free = 0.0002
D_BB = +1.560004e-02, D_BC = +3.723546e-03, D_CC = -2.270778e-03, D_total = +1.705281e-02
it = 5101
Total = 1.0000, Free = 0.0003
D_BB = +4.246141e-02, D_BC = +1.048249e-02, D_CC = -2.768374e-03, D_total = +5.017552e-02
it = 5201
Total = 1.0000, Free = 0.0004
D_BB = +5.213973e-02, D_BC = +1.291766e-02, D_CC = -6.155668e-03, D_total = +5.890172e-02
it = 5301
Total = 1.0000, Free = 0.0003
D_BB = +4.327288e-02, D_BC = +1.092056e-02, D_CC = -9.046657e-03, D_total = +4.514679e-02
it = 5401
Total = 1.0000, Free = 0.0002
D_BB = +2.326496e-02, D_BC = +5.946161e-03, D_CC = -8.441111e-03, D_total = +2.077001e-02
it = 5501
Total = 1.0000, Free = 0.0002

[19502] signal (15): Terminated
in expression starting at /home/tang_wenqi/JuliaProp_github/JuliaProp/samples/2026_7_14_final_version_SFA.jl:556
pthread_cond_wait at /lib64/libpthread.so.0 (unknown line)
uv_cond_wait at /workspace/srcdir/libuv/src/unix/thread.c:883
jl_safepoint_wait_gc at /cache/build/builder-amdci4-4/julialang/julia-release-1-dot-9/src/safepoint.c:171
jl_set_gc_and_wait at /cache/build/builder-amdci4-4/julialang/julia-release-1-dot-9/src/julia_internal.h:952 [inlined]
segv_handler at /cache/build/builder-amdci4-4/julialang/julia-release-1-dot-9/src/signals-unix.c:353 [inlined]
segv_handler at /cache/build/builder-amdci4-4/julialang/julia-release-1-dot-9/src/signals-unix.c:340
_L_unlock_13 at /lib64/libpthread.so.0 (unknown line)
jl_gc_state_set at /cache/build/builder-amdci4-4/julialang/julia-release-1-dot-9/src/julia_threads.h:349 [inlined]
maybe_collect at /cache/build/builder-amdci4-4/julialang/julia-release-1-dot-9/src/julia_threads.h:342 [inlined]
jl_gc_pool_alloc_inner at /cache/build/builder-amdci4-4/julialang/julia-release-1-dot-9/src/gc.c:1450 [inlined]
ijl_gc_pool_alloc at /cache/build/builder-amdci4-4/julialang/julia-release-1-dot-9/src/gc.c:1501
unknown function (ip: (nil))
pthread_cond_wait at /lib64/libpthread.so.0 (unknown line)
uv_cond_wait at /workspace/srcdir/libuv/src/unix/thread.c:883
ijl_task_get_next at /cache/build/builder-amdci4-4/julialang/julia-release-1-dot-9/src/partr.c:421
poptask at ./task.jl:974
wait at ./task.jl:983
task_done_hook at ./task.jl:672
jfptr_task_done_hook_27081.clone_1 at /home/tang_wenqi/julia-1.9.4/lib/julia/sys.so (unknown line)
_jl_invoke at /cache/build/builder-amdci4-4/julialang/julia-release-1-dot-9/src/gf.c:2758 [inlined]
ijl_apply_generic at /cache/build/builder-amdci4-4/julialang/julia-release-1-dot-9/src/gf.c:2940
jl_apply at /cache/build/builder-amdci4-4/julialang/julia-release-1-dot-9/src/julia.h:1880 [inlined]
jl_finish_task at /cache/build/builder-amdci4-4/julialang/julia-release-1-dot-9/src/task.c:320
start_task at /cache/build/builder-amdci4-4/julialang/julia-release-1-dot-9/src/task.c:1103
unknown function (ip: (nil))
pthread_cond_wait at /lib64/libpthread.so.0 (unknown line)
uv_cond_wait at /workspace/srcdir/libuv/src/unix/thread.c:883
jl_safepoint_wait_gc at /cache/build/builder-amdci4-4/julialang/julia-release-1-dot-9/src/safepoint.c:171
jl_set_gc_and_wait at /cache/build/builder-amdci4-4/julialang/julia-release-1-dot-9/src/julia_internal.h:952 [inlined]
segv_handler at /cache/build/builder-amdci4-4/julialang/julia-release-1-dot-9/src/signals-unix.c:353 [inlined]
segv_handler at /cache/build/builder-amdci4-4/julialang/julia-release-1-dot-9/src/signals-unix.c:340
_L_unlock_13 at /lib64/libpthread.so.0 (unknown line)
jl_gc_state_set at /cache/build/builder-amdci4-4/julialang/julia-release-1-dot-9/src/julia_threads.h:349 [inlined]
maybe_collect at /cache/build/builder-amdci4-4/julialang/julia-release-1-dot-9/src/julia_threads.h:342 [inlined]
jl_gc_pool_alloc_inner at /cache/build/builder-amdci4-4/julialang/julia-release-1-dot-9/src/gc.c:1450 [inlined]
ijl_gc_pool_alloc at /cache/build/builder-amdci4-4/julialang/julia-release-1-dot-9/src/gc.c:1501
unknown function (ip: (nil))
pthread_cond_wait at /lib64/libpthread.so.0 (unknown line)
uv_cond_wait at /workspace/srcdir/libuv/src/unix/thread.c:883
jl_safepoint_wait_gc at /cache/build/builder-amdci4-4/julialang/julia-release-1-dot-9/src/safepoint.c:171
jl_set_gc_and_wait at /cache/build/builder-amdci4-4/julialang/julia-release-1-dot-9/src/julia_internal.h:952 [inlined]
segv_handler at /cache/build/builder-amdci4-4/julialang/julia-release-1-dot-9/src/signals-unix.c:353 [inlined]
segv_handler at /cache/build/builder-amdci4-4/julialang/julia-release-1-dot-9/src/signals-unix.c:340
_L_unlock_13 at /lib64/libpthread.so.0 (unknown line)
jl_gc_state_set at /cache/build/builder-amdci4-4/julialang/julia-release-1-dot-9/src/julia_threads.h:349 [inlined]
maybe_collect at /cache/build/builder-amdci4-4/julialang/julia-release-1-dot-9/src/julia_threads.h:342 [inlined]
jl_gc_pool_alloc_inner at /cache/build/builder-amdci4-4/julialang/julia-release-1-dot-9/src/gc.c:1450 [inlined]
ijl_gc_pool_alloc at /cache/build/builder-amdci4-4/julialang/julia-release-1-dot-9/src/gc.c:1501
unknown function (ip: (nil))
pthread_cond_wait at /lib64/libpthread.so.0 (unknown line)
uv_cond_wait at /workspace/srcdir/libuv/src/unix/thread.c:883
ijl_task_get_next at /cache/build/builder-amdci4-4/julialang/julia-release-1-dot-9/src/partr.c:421
poptask at ./task.jl:974
wait at ./task.jl:983
task_done_hook at ./task.jl:672
jfptr_task_done_hook_27081.clone_1 at /home/tang_wenqi/julia-1.9.4/lib/julia/sys.so (unknown line)
_jl_invoke at /cache/build/builder-amdci4-4/julialang/julia-release-1-dot-9/src/gf.c:2758 [inlined]
ijl_apply_generic at /cache/build/builder-amdci4-4/julialang/julia-release-1-dot-9/src/gf.c:2940
jl_apply at /cache/build/builder-amdci4-4/julialang/julia-release-1-dot-9/src/julia.h:1880 [inlined]
jl_finish_task at /cache/build/builder-amdci4-4/julialang/julia-release-1-dot-9/src/task.c:320
start_task at /cache/build/builder-amdci4-4/julialang/julia-release-1-dot-9/src/task.c:1103
unknown function (ip: (nil))
pthread_cond_wait at /lib64/libpthread.so.0 (unknown line)
uv_cond_wait at /workspace/srcdir/libuv/src/unix/thread.c:883
ijl_task_get_next at /cache/build/builder-amdci4-4/julialang/julia-release-1-dot-9/src/partr.c:421
poptask at ./task.jl:974
wait at ./task.jl:983
task_done_hook at ./task.jl:672
jfptr_task_done_hook_27081.clone_1 at /home/tang_wenqi/julia-1.9.4/lib/julia/sys.so (unknown line)
_jl_invoke at /cache/build/builder-amdci4-4/julialang/julia-release-1-dot-9/src/gf.c:2758 [inlined]
ijl_apply_generic at /cache/build/builder-amdci4-4/julialang/julia-release-1-dot-9/src/gf.c:2940
jl_apply at /cache/build/builder-amdci4-4/julialang/julia-release-1-dot-9/src/julia.h:1880 [inlined]
jl_finish_task at /cache/build/builder-amdci4-4/julialang/julia-release-1-dot-9/src/task.c:320
start_task at /cache/build/builder-amdci4-4/julialang/julia-release-1-dot-9/src/task.c:1103
unknown function (ip: (nil))
pthread_cond_wait at /lib64/libpthread.so.0 (unknown line)
uv_cond_wait at /workspace/srcdir/libuv/src/unix/thread.c:883
ijl_task_get_next at /cache/build/builder-amdci4-4/julialang/julia-release-1-dot-9/src/partr.c:421
poptask at ./task.jl:974
wait at ./task.jl:983
task_done_hook at ./task.jl:672
jfptr_task_done_hook_27081.clone_1 at /home/tang_wenqi/julia-1.9.4/lib/julia/sys.so (unknown line)
_jl_invoke at /cache/build/builder-amdci4-4/julialang/julia-release-1-dot-9/src/gf.c:2758 [inlined]
ijl_apply_generic at /cache/build/builder-amdci4-4/julialang/julia-release-1-dot-9/src/gf.c:2940
jl_apply at /cache/build/builder-amdci4-4/julialang/julia-release-1-dot-9/src/julia.h:1880 [inlined]
jl_finish_task at /cache/build/builder-amdci4-4/julialang/julia-release-1-dot-9/src/task.c:320
start_task at /cache/build/builder-amdci4-4/julialang/julia-release-1-dot-9/src/task.c:1103
unknown function (ip: (nil))
pthread_cond_wait at /lib64/libpthread.so.0 (unknown line)
uv_cond_wait at /workspace/srcdir/libuv/src/unix/thread.c:883
ijl_task_get_next at /cache/build/builder-amdci4-4/julialang/julia-release-1-dot-9/src/partr.c:421
poptask at ./task.jl:974
wait at ./task.jl:983
task_done_hook at ./task.jl:672
jfptr_task_done_hook_27081.clone_1 at /home/tang_wenqi/julia-1.9.4/lib/julia/sys.so (unknown line)
_jl_invoke at /cache/build/builder-amdci4-4/julialang/julia-release-1-dot-9/src/gf.c:2758 [inlined]
ijl_apply_generic at /cache/build/builder-amdci4-4/julialang/julia-release-1-dot-9/src/gf.c:2940
jl_apply at /cache/build/builder-amdci4-4/julialang/julia-release-1-dot-9/src/julia.h:1880 [inlined]
jl_finish_task at /cache/build/builder-amdci4-4/julialang/julia-release-1-dot-9/src/task.c:320
start_task at /cache/build/builder-amdci4-4/julialang/julia-release-1-dot-9/src/task.c:1103
unknown function (ip: (nil))
pthread_cond_wait at /lib64/libpthread.so.0 (unknown line)
uv_cond_wait at /workspace/srcdir/libuv/src/unix/thread.c:883
jl_safepoint_wait_gc at /cache/build/builder-amdci4-4/julialang/julia-release-1-dot-9/src/safepoint.c:171
jl_set_gc_and_wait at /cache/build/builder-amdci4-4/julialang/julia-release-1-dot-9/src/julia_internal.h:952 [inlined]
segv_handler at /cache/build/builder-amdci4-4/julialang/julia-release-1-dot-9/src/signals-unix.c:353 [inlined]
segv_handler at /cache/build/builder-amdci4-4/julialang/julia-release-1-dot-9/src/signals-unix.c:340
_L_unlock_13 at /lib64/libpthread.so.0 (unknown line)
jl_gc_state_set at /cache/build/builder-amdci4-4/julialang/julia-release-1-dot-9/src/julia_threads.h:349 [inlined]
maybe_collect at /cache/build/builder-amdci4-4/julialang/julia-release-1-dot-9/src/julia_threads.h:342 [inlined]
jl_gc_pool_alloc_inner at /cache/build/builder-amdci4-4/julialang/julia-release-1-dot-9/src/gc.c:1450 [inlined]
ijl_gc_pool_alloc at /cache/build/builder-amdci4-4/julialang/julia-release-1-dot-9/src/gc.c:1501
unknown function (ip: (nil))
pthread_cond_wait at /lib64/libpthread.so.0 (unknown line)
uv_cond_wait at /workspace/srcdir/libuv/src/unix/thread.c:883
jl_safepoint_wait_gc at /cache/build/builder-amdci4-4/julialang/julia-release-1-dot-9/src/safepoint.c:171
jl_set_gc_and_wait at /cache/build/builder-amdci4-4/julialang/julia-release-1-dot-9/src/julia_internal.h:952 [inlined]
segv_handler at /cache/build/builder-amdci4-4/julialang/julia-release-1-dot-9/src/signals-unix.c:353 [inlined]
segv_handler at /cache/build/builder-amdci4-4/julialang/julia-release-1-dot-9/src/signals-unix.c:340
_L_unlock_13 at /lib64/libpthread.so.0 (unknown line)
ijl_gc_safepoint at /cache/build/builder-amdci4-4/julialang/julia-release-1-dot-9/src/jlapi.c:468
unknown function (ip: (nil))
pthread_cond_wait at /lib64/libpthread.so.0 (unknown line)
uv_cond_wait at /workspace/srcdir/libuv/src/unix/thread.c:883
ijl_task_get_next at /cache/build/builder-amdci4-4/julialang/julia-release-1-dot-9/src/partr.c:421
poptask at ./task.jl:974
wait at ./task.jl:983
task_done_hook at ./task.jl:672
jfptr_task_done_hook_27081.clone_1 at /home/tang_wenqi/julia-1.9.4/lib/julia/sys.so (unknown line)
_jl_invoke at /cache/build/builder-amdci4-4/julialang/julia-release-1-dot-9/src/gf.c:2758 [inlined]
ijl_apply_generic at /cache/build/builder-amdci4-4/julialang/julia-release-1-dot-9/src/gf.c:2940
jl_apply at /cache/build/builder-amdci4-4/julialang/julia-release-1-dot-9/src/julia.h:1880 [inlined]
jl_finish_task at /cache/build/builder-amdci4-4/julialang/julia-release-1-dot-9/src/task.c:320
start_task at /cache/build/builder-amdci4-4/julialang/julia-release-1-dot-9/src/task.c:1103
unknown function (ip: (nil))
pthread_cond_wait at /lib64/libpthread.so.0 (unknown line)
uv_cond_wait at /workspace/srcdir/libuv/src/unix/thread.c:883
jl_safepoint_wait_gc at /cache/build/builder-amdci4-4/julialang/julia-release-1-dot-9/src/safepoint.c:171
jl_set_gc_and_wait at /cache/build/builder-amdci4-4/julialang/julia-release-1-dot-9/src/julia_internal.h:952 [inlined]
segv_handler at /cache/build/builder-amdci4-4/julialang/julia-release-1-dot-9/src/signals-unix.c:353 [inlined]
segv_handler at /cache/build/builder-amdci4-4/julialang/julia-release-1-dot-9/src/signals-unix.c:340
_L_unlock_13 at /lib64/libpthread.so.0 (unknown line)
jl_gc_state_set at /cache/build/builder-amdci4-4/julialang/julia-release-1-dot-9/src/julia_threads.h:349 [inlined]
maybe_collect at /cache/build/builder-amdci4-4/julialang/julia-release-1-dot-9/src/julia_threads.h:342 [inlined]
jl_gc_pool_alloc_inner at /cache/build/builder-amdci4-4/julialang/julia-release-1-dot-9/src/gc.c:1450 [inlined]
jl_gc_pool_alloc_noinline at /cache/build/builder-amdci4-4/julialang/julia-release-1-dot-9/src/gc.c:1511
unknown function (ip: (nil))
pthread_cond_wait at /lib64/libpthread.so.0 (unknown line)
uv_cond_wait at /workspace/srcdir/libuv/src/unix/thread.c:883
jl_safepoint_wait_gc at /cache/build/builder-amdci4-4/julialang/julia-release-1-dot-9/src/safepoint.c:171
jl_set_gc_and_wait at /cache/build/builder-amdci4-4/julialang/julia-release-1-dot-9/src/julia_internal.h:952 [inlined]
segv_handler at /cache/build/builder-amdci4-4/julialang/julia-release-1-dot-9/src/signals-unix.c:353 [inlined]
segv_handler at /cache/build/builder-amdci4-4/julialang/julia-release-1-dot-9/src/signals-unix.c:340
_L_unlock_13 at /lib64/libpthread.so.0 (unknown line)
jl_gc_state_set at /cache/build/builder-amdci4-4/julialang/julia-release-1-dot-9/src/julia_threads.h:349 [inlined]
maybe_collect at /cache/build/builder-amdci4-4/julialang/julia-release-1-dot-9/src/julia_threads.h:342 [inlined]
jl_gc_pool_alloc_inner at /cache/build/builder-amdci4-4/julialang/julia-release-1-dot-9/src/gc.c:1450 [inlined]
jl_gc_pool_alloc_noinline at /cache/build/builder-amdci4-4/julialang/julia-release-1-dot-9/src/gc.c:1511
unknown function (ip: (nil))
pthread_cond_wait at /lib64/libpthread.so.0 (unknown line)
uv_cond_wait at /workspace/srcdir/libuv/src/unix/thread.c:883
jl_safepoint_wait_gc at /cache/build/builder-amdci4-4/julialang/julia-release-1-dot-9/src/safepoint.c:171
jl_set_gc_and_wait at /cache/build/builder-amdci4-4/julialang/julia-release-1-dot-9/src/julia_internal.h:952 [inlined]
segv_handler at /cache/build/builder-amdci4-4/julialang/julia-release-1-dot-9/src/signals-unix.c:353 [inlined]
segv_handler at /cache/build/builder-amdci4-4/julialang/julia-release-1-dot-9/src/signals-unix.c:340
_L_unlock_13 at /lib64/libpthread.so.0 (unknown line)
jl_gc_state_set at /cache/build/builder-amdci4-4/julialang/julia-release-1-dot-9/src/julia_threads.h:349 [inlined]
maybe_collect at /cache/build/builder-amdci4-4/julialang/julia-release-1-dot-9/src/julia_threads.h:342 [inlined]
jl_gc_pool_alloc_inner at /cache/build/builder-amdci4-4/julialang/julia-release-1-dot-9/src/gc.c:1450 [inlined]
jl_gc_pool_alloc_noinline at /cache/build/builder-amdci4-4/julialang/julia-release-1-dot-9/src/gc.c:1511
unknown function (ip: (nil))
pthread_cond_wait at /lib64/libpthread.so.0 (unknown line)
uv_cond_wait at /workspace/srcdir/libuv/src/unix/thread.c:883
ijl_task_get_next at /cache/build/builder-amdci4-4/julialang/julia-release-1-dot-9/src/partr.c:421
poptask at ./task.jl:974
wait at ./task.jl:983
task_done_hook at ./task.jl:672
jfptr_task_done_hook_27081.clone_1 at /home/tang_wenqi/julia-1.9.4/lib/julia/sys.so (unknown line)
_jl_invoke at /cache/build/builder-amdci4-4/julialang/julia-release-1-dot-9/src/gf.c:2758 [inlined]
ijl_apply_generic at /cache/build/builder-amdci4-4/julialang/julia-release-1-dot-9/src/gf.c:2940
jl_apply at /cache/build/builder-amdci4-4/julialang/julia-release-1-dot-9/src/julia.h:1880 [inlined]
jl_finish_task at /cache/build/builder-amdci4-4/julialang/julia-release-1-dot-9/src/task.c:320
start_task at /cache/build/builder-amdci4-4/julialang/julia-release-1-dot-9/src/task.c:1103
unknown function (ip: (nil))
pthread_cond_wait at /lib64/libpthread.so.0 (unknown line)
uv_cond_wait at /workspace/srcdir/libuv/src/unix/thread.c:883
jl_safepoint_wait_gc at /cache/build/builder-amdci4-4/julialang/julia-release-1-dot-9/src/safepoint.c:171
jl_set_gc_and_wait at /cache/build/builder-amdci4-4/julialang/julia-release-1-dot-9/src/julia_internal.h:952 [inlined]
segv_handler at /cache/build/builder-amdci4-4/julialang/julia-release-1-dot-9/src/signals-unix.c:353 [inlined]
segv_handler at /cache/build/builder-amdci4-4/julialang/julia-release-1-dot-9/src/signals-unix.c:340
_L_unlock_13 at /lib64/libpthread.so.0 (unknown line)
jl_gc_state_set at /cache/build/builder-amdci4-4/julialang/julia-release-1-dot-9/src/julia_threads.h:349 [inlined]
maybe_collect at /cache/build/builder-amdci4-4/julialang/julia-release-1-dot-9/src/julia_threads.h:342 [inlined]
jl_gc_pool_alloc_inner at /cache/build/builder-amdci4-4/julialang/julia-release-1-dot-9/src/gc.c:1450 [inlined]
ijl_gc_pool_alloc at /cache/build/builder-amdci4-4/julialang/julia-release-1-dot-9/src/gc.c:1501
unknown function (ip: (nil))
pthread_cond_wait at /lib64/libpthread.so.0 (unknown line)
uv_cond_wait at /workspace/srcdir/libuv/src/unix/thread.c:883
jl_safepoint_wait_gc at /cache/build/builder-amdci4-4/julialang/julia-release-1-dot-9/src/safepoint.c:171
jl_set_gc_and_wait at /cache/build/builder-amdci4-4/julialang/julia-release-1-dot-9/src/julia_internal.h:952 [inlined]
segv_handler at /cache/build/builder-amdci4-4/julialang/julia-release-1-dot-9/src/signals-unix.c:353 [inlined]
segv_handler at /cache/build/builder-amdci4-4/julialang/julia-release-1-dot-9/src/signals-unix.c:340
_L_unlock_13 at /lib64/libpthread.so.0 (unknown line)
jl_gc_state_set at /cache/build/builder-amdci4-4/julialang/julia-release-1-dot-9/src/julia_threads.h:349 [inlined]
maybe_collect at /cache/build/builder-amdci4-4/julialang/julia-release-1-dot-9/src/julia_threads.h:342 [inlined]
jl_gc_pool_alloc_inner at /cache/build/builder-amdci4-4/julialang/julia-release-1-dot-9/src/gc.c:1450 [inlined]
ijl_gc_pool_alloc at /cache/build/builder-amdci4-4/julialang/julia-release-1-dot-9/src/gc.c:1501
unknown function (ip: (nil))
pthread_cond_wait at /lib64/libpthread.so.0 (unknown line)
uv_cond_wait at /workspace/srcdir/libuv/src/unix/thread.c:883
jl_safepoint_wait_gc at /cache/build/builder-amdci4-4/julialang/julia-release-1-dot-9/src/safepoint.c:171
jl_set_gc_and_wait at /cache/build/builder-amdci4-4/julialang/julia-release-1-dot-9/src/julia_internal.h:952 [inlined]
segv_handler at /cache/build/builder-amdci4-4/julialang/julia-release-1-dot-9/src/signals-unix.c:353 [inlined]
segv_handler at /cache/build/builder-amdci4-4/julialang/julia-release-1-dot-9/src/signals-unix.c:340
_L_unlock_13 at /lib64/libpthread.so.0 (unknown line)
jl_gc_state_set at /cache/build/builder-amdci4-4/julialang/julia-release-1-dot-9/src/julia_threads.h:349 [inlined]
maybe_collect at /cache/build/builder-amdci4-4/julialang/julia-release-1-dot-9/src/julia_threads.h:342 [inlined]
jl_gc_pool_alloc_inner at /cache/build/builder-amdci4-4/julialang/julia-release-1-dot-9/src/gc.c:1450 [inlined]
ijl_gc_pool_alloc at /cache/build/builder-amdci4-4/julialang/julia-release-1-dot-9/src/gc.c:1501
unknown function (ip: (nil))
pthread_cond_wait at /lib64/libpthread.so.0 (unknown line)
uv_cond_wait at /workspace/srcdir/libuv/src/unix/thread.c:883
jl_safepoint_wait_gc at /cache/build/builder-amdci4-4/julialang/julia-release-1-dot-9/src/safepoint.c:171
jl_set_gc_and_wait at /cache/build/builder-amdci4-4/julialang/julia-release-1-dot-9/src/julia_internal.h:952 [inlined]
segv_handler at /cache/build/builder-amdci4-4/julialang/julia-release-1-dot-9/src/signals-unix.c:353 [inlined]
segv_handler at /cache/build/builder-amdci4-4/julialang/julia-release-1-dot-9/src/signals-unix.c:340
_L_unlock_13 at /lib64/libpthread.so.0 (unknown line)
jl_gc_state_set at /cache/build/builder-amdci4-4/julialang/julia-release-1-dot-9/src/julia_threads.h:349 [inlined]
maybe_collect at /cache/build/builder-amdci4-4/julialang/julia-release-1-dot-9/src/julia_threads.h:342 [inlined]
jl_gc_pool_alloc_inner at /cache/build/builder-amdci4-4/julialang/julia-release-1-dot-9/src/gc.c:1450 [inlined]
jl_gc_pool_alloc_noinline at /cache/build/builder-amdci4-4/julialang/julia-release-1-dot-9/src/gc.c:1511
unknown function (ip: (nil))
pthread_cond_wait at /lib64/libpthread.so.0 (unknown line)
uv_cond_wait at /workspace/srcdir/libuv/src/unix/thread.c:883
jl_safepoint_wait_gc at /cache/build/builder-amdci4-4/julialang/julia-release-1-dot-9/src/safepoint.c:171
jl_set_gc_and_wait at /cache/build/builder-amdci4-4/julialang/julia-release-1-dot-9/src/julia_internal.h:952 [inlined]
segv_handler at /cache/build/builder-amdci4-4/julialang/julia-release-1-dot-9/src/signals-unix.c:353 [inlined]
segv_handler at /cache/build/builder-amdci4-4/julialang/julia-release-1-dot-9/src/signals-unix.c:340
_L_unlock_13 at /lib64/libpthread.so.0 (unknown line)
jl_gc_state_set at /cache/build/builder-amdci4-4/julialang/julia-release-1-dot-9/src/julia_threads.h:349 [inlined]
maybe_collect at /cache/build/builder-amdci4-4/julialang/julia-release-1-dot-9/src/julia_threads.h:342 [inlined]
jl_gc_pool_alloc_inner at /cache/build/builder-amdci4-4/julialang/julia-release-1-dot-9/src/gc.c:1450 [inlined]
jl_gc_pool_alloc_noinline at /cache/build/builder-amdci4-4/julialang/julia-release-1-dot-9/src/gc.c:1511
unknown function (ip: (nil))
pthread_cond_wait at /lib64/libpthread.so.0 (unknown line)
uv_cond_wait at /workspace/srcdir/libuv/src/unix/thread.c:883
jl_safepoint_wait_gc at /cache/build/builder-amdci4-4/julialang/julia-release-1-dot-9/src/safepoint.c:171
jl_set_gc_and_wait at /cache/build/builder-amdci4-4/julialang/julia-release-1-dot-9/src/julia_internal.h:952 [inlined]
segv_handler at /cache/build/builder-amdci4-4/julialang/julia-release-1-dot-9/src/signals-unix.c:353 [inlined]
segv_handler at /cache/build/builder-amdci4-4/julialang/julia-release-1-dot-9/src/signals-unix.c:340
_L_unlock_13 at /lib64/libpthread.so.0 (unknown line)
jl_gc_state_set at /cache/build/builder-amdci4-4/julialang/julia-release-1-dot-9/src/julia_threads.h:349 [inlined]
maybe_collect at /cache/build/builder-amdci4-4/julialang/julia-release-1-dot-9/src/julia_threads.h:342 [inlined]
jl_gc_pool_alloc_inner at /cache/build/builder-amdci4-4/julialang/julia-release-1-dot-9/src/gc.c:1450 [inlined]
ijl_gc_pool_alloc at /cache/build/builder-amdci4-4/julialang/julia-release-1-dot-9/src/gc.c:1501
unknown function (ip: (nil))
pthread_cond_wait at /lib64/libpthread.so.0 (unknown line)
uv_cond_wait at /workspace/srcdir/libuv/src/unix/thread.c:883
jl_safepoint_wait_gc at /cache/build/builder-amdci4-4/julialang/julia-release-1-dot-9/src/safepoint.c:171
jl_set_gc_and_wait at /cache/build/builder-amdci4-4/julialang/julia-release-1-dot-9/src/julia_internal.h:952 [inlined]
segv_handler at /cache/build/builder-amdci4-4/julialang/julia-release-1-dot-9/src/signals-unix.c:353 [inlined]
segv_handler at /cache/build/builder-amdci4-4/julialang/julia-release-1-dot-9/src/signals-unix.c:340
_L_unlock_13 at /lib64/libpthread.so.0 (unknown line)
jl_gc_state_set at /cache/build/builder-amdci4-4/julialang/julia-release-1-dot-9/src/julia_threads.h:349 [inlined]
maybe_collect at /cache/build/builder-amdci4-4/julialang/julia-release-1-dot-9/src/julia_threads.h:342 [inlined]
jl_gc_pool_alloc_inner at /cache/build/builder-amdci4-4/julialang/julia-release-1-dot-9/src/gc.c:1450 [inlined]
jl_gc_pool_alloc_noinline at /cache/build/builder-amdci4-4/julialang/julia-release-1-dot-9/src/gc.c:1511
unknown function (ip: (nil))
pthread_cond_wait at /lib64/libpthread.so.0 (unknown line)
uv_cond_wait at /workspace/srcdir/libuv/src/unix/thread.c:883
jl_safepoint_wait_gc at /cache/build/builder-amdci4-4/julialang/julia-release-1-dot-9/src/safepoint.c:171
jl_set_gc_and_wait at /cache/build/builder-amdci4-4/julialang/julia-release-1-dot-9/src/julia_internal.h:952 [inlined]
segv_handler at /cache/build/builder-amdci4-4/julialang/julia-release-1-dot-9/src/signals-unix.c:353 [inlined]
segv_handler at /cache/build/builder-amdci4-4/julialang/julia-release-1-dot-9/src/signals-unix.c:340
_L_unlock_13 at /lib64/libpthread.so.0 (unknown line)
jl_gc_state_set at /cache/build/builder-amdci4-4/julialang/julia-release-1-dot-9/src/julia_threads.h:349 [inlined]
maybe_collect at /cache/build/builder-amdci4-4/julialang/julia-release-1-dot-9/src/julia_threads.h:342 [inlined]
jl_gc_pool_alloc_inner at /cache/build/builder-amdci4-4/julialang/julia-release-1-dot-9/src/gc.c:1450 [inlined]
ijl_gc_pool_alloc at /cache/build/builder-amdci4-4/julialang/julia-release-1-dot-9/src/gc.c:1501
unknown function (ip: (nil))
pthread_cond_wait at /lib64/libpthread.so.0 (unknown line)
uv_cond_wait at /workspace/srcdir/libuv/src/unix/thread.c:883
jl_safepoint_wait_gc at /cache/build/builder-amdci4-4/julialang/julia-release-1-dot-9/src/safepoint.c:171
jl_set_gc_and_wait at /cache/build/builder-amdci4-4/julialang/julia-release-1-dot-9/src/julia_internal.h:952 [inlined]
segv_handler at /cache/build/builder-amdci4-4/julialang/julia-release-1-dot-9/src/signals-unix.c:353 [inlined]
segv_handler at /cache/build/builder-amdci4-4/julialang/julia-release-1-dot-9/src/signals-unix.c:340
_L_unlock_13 at /lib64/libpthread.so.0 (unknown line)
jl_gc_state_set at /cache/build/builder-amdci4-4/julialang/julia-release-1-dot-9/src/julia_threads.h:349 [inlined]
maybe_collect at /cache/build/builder-amdci4-4/julialang/julia-release-1-dot-9/src/julia_threads.h:342 [inlined]
jl_gc_pool_alloc_inner at /cache/build/builder-amdci4-4/julialang/julia-release-1-dot-9/src/gc.c:1450 [inlined]
ijl_gc_pool_alloc at /cache/build/builder-amdci4-4/julialang/julia-release-1-dot-9/src/gc.c:1501
unknown function (ip: (nil))
pthread_cond_wait at /lib64/libpthread.so.0 (unknown line)
uv_cond_wait at /workspace/srcdir/libuv/src/unix/thread.c:883
ijl_task_get_next at /cache/build/builder-amdci4-4/julialang/julia-release-1-dot-9/src/partr.c:421
poptask at ./task.jl:974
wait at ./task.jl:983
task_done_hook at ./task.jl:672
jfptr_task_done_hook_27081.clone_1 at /home/tang_wenqi/julia-1.9.4/lib/julia/sys.so (unknown line)
_jl_invoke at /cache/build/builder-amdci4-4/julialang/julia-release-1-dot-9/src/gf.c:2758 [inlined]
ijl_apply_generic at /cache/build/builder-amdci4-4/julialang/julia-release-1-dot-9/src/gf.c:2940
jl_apply at /cache/build/builder-amdci4-4/julialang/julia-release-1-dot-9/src/julia.h:1880 [inlined]
jl_finish_task at /cache/build/builder-amdci4-4/julialang/julia-release-1-dot-9/src/task.c:320
start_task at /cache/build/builder-amdci4-4/julialang/julia-release-1-dot-9/src/task.c:1103
unknown function (ip: (nil))
pthread_cond_wait at /lib64/libpthread.so.0 (unknown line)
uv_cond_wait at /workspace/srcdir/libuv/src/unix/thread.c:883
ijl_task_get_next at /cache/build/builder-amdci4-4/julialang/julia-release-1-dot-9/src/partr.c:421
poptask at ./task.jl:974
wait at ./task.jl:983
task_done_hook at ./task.jl:672
jfptr_task_done_hook_27081.clone_1 at /home/tang_wenqi/julia-1.9.4/lib/julia/sys.so (unknown line)
_jl_invoke at /cache/build/builder-amdci4-4/julialang/julia-release-1-dot-9/src/gf.c:2758 [inlined]
ijl_apply_generic at /cache/build/builder-amdci4-4/julialang/julia-release-1-dot-9/src/gf.c:2940
jl_apply at /cache/build/builder-amdci4-4/julialang/julia-release-1-dot-9/src/julia.h:1880 [inlined]
jl_finish_task at /cache/build/builder-amdci4-4/julialang/julia-release-1-dot-9/src/task.c:320
start_task at /cache/build/builder-amdci4-4/julialang/julia-release-1-dot-9/src/task.c:1103
unknown function (ip: (nil))
pthread_cond_wait at /lib64/libpthread.so.0 (unknown line)
uv_cond_wait at /workspace/srcdir/libuv/src/unix/thread.c:883
ijl_task_get_next at /cache/build/builder-amdci4-4/julialang/julia-release-1-dot-9/src/partr.c:421
poptask at ./task.jl:974
wait at ./task.jl:983
task_done_hook at ./task.jl:672
jfptr_task_done_hook_27081.clone_1 at /home/tang_wenqi/julia-1.9.4/lib/julia/sys.so (unknown line)
_jl_invoke at /cache/build/builder-amdci4-4/julialang/julia-release-1-dot-9/src/gf.c:2758 [inlined]
ijl_apply_generic at /cache/build/builder-amdci4-4/julialang/julia-release-1-dot-9/src/gf.c:2940
jl_apply at /cache/build/builder-amdci4-4/julialang/julia-release-1-dot-9/src/julia.h:1880 [inlined]
jl_finish_task at /cache/build/builder-amdci4-4/julialang/julia-release-1-dot-9/src/task.c:320
start_task at /cache/build/builder-amdci4-4/julialang/julia-release-1-dot-9/src/task.c:1103
unknown function (ip: (nil))
pthread_cond_wait at /lib64/libpthread.so.0 (unknown line)
uv_cond_wait at /workspace/srcdir/libuv/src/unix/thread.c:883
ijl_task_get_next at /cache/build/builder-amdci4-4/julialang/julia-release-1-dot-9/src/partr.c:421
poptask at ./task.jl:974
wait at ./task.jl:983
task_done_hook at ./task.jl:672
jfptr_task_done_hook_27081.clone_1 at /home/tang_wenqi/julia-1.9.4/lib/julia/sys.so (unknown line)
_jl_invoke at /cache/build/builder-amdci4-4/julialang/julia-release-1-dot-9/src/gf.c:2758 [inlined]
ijl_apply_generic at /cache/build/builder-amdci4-4/julialang/julia-release-1-dot-9/src/gf.c:2940
jl_apply at /cache/build/builder-amdci4-4/julialang/julia-release-1-dot-9/src/julia.h:1880 [inlined]
jl_finish_task at /cache/build/builder-amdci4-4/julialang/julia-release-1-dot-9/src/task.c:320
start_task at /cache/build/builder-amdci4-4/julialang/julia-release-1-dot-9/src/task.c:1103
unknown function (ip: (nil))
pthread_cond_wait at /lib64/libpthread.so.0 (unknown line)
uv_cond_wait at /workspace/srcdir/libuv/src/unix/thread.c:883
ijl_task_get_next at /cache/build/builder-amdci4-4/julialang/julia-release-1-dot-9/src/partr.c:421
poptask at ./task.jl:974
wait at ./task.jl:983
task_done_hook at ./task.jl:672
jfptr_task_done_hook_27081.clone_1 at /home/tang_wenqi/julia-1.9.4/lib/julia/sys.so (unknown line)
_jl_invoke at /cache/build/builder-amdci4-4/julialang/julia-release-1-dot-9/src/gf.c:2758 [inlined]
ijl_apply_generic at /cache/build/builder-amdci4-4/julialang/julia-release-1-dot-9/src/gf.c:2940
jl_apply at /cache/build/builder-amdci4-4/julialang/julia-release-1-dot-9/src/julia.h:1880 [inlined]
jl_finish_task at /cache/build/builder-amdci4-4/julialang/julia-release-1-dot-9/src/task.c:320
start_task at /cache/build/builder-amdci4-4/julialang/julia-release-1-dot-9/src/task.c:1103
unknown function (ip: (nil))
pthread_cond_wait at /lib64/libpthread.so.0 (unknown line)
uv_cond_wait at /workspace/srcdir/libuv/src/unix/thread.c:883
jl_safepoint_wait_gc at /cache/build/builder-amdci4-4/julialang/julia-release-1-dot-9/src/safepoint.c:171
jl_set_gc_and_wait at /cache/build/builder-amdci4-4/julialang/julia-release-1-dot-9/src/julia_internal.h:952 [inlined]
segv_handler at /cache/build/builder-amdci4-4/julialang/julia-release-1-dot-9/src/signals-unix.c:353 [inlined]
segv_handler at /cache/build/builder-amdci4-4/julialang/julia-release-1-dot-9/src/signals-unix.c:340
_L_unlock_13 at /lib64/libpthread.so.0 (unknown line)
jl_gc_state_set at /cache/build/builder-amdci4-4/julialang/julia-release-1-dot-9/src/julia_threads.h:349 [inlined]
maybe_collect at /cache/build/builder-amdci4-4/julialang/julia-release-1-dot-9/src/julia_threads.h:342 [inlined]
jl_gc_pool_alloc_inner at /cache/build/builder-amdci4-4/julialang/julia-release-1-dot-9/src/gc.c:1450 [inlined]
ijl_gc_pool_alloc at /cache/build/builder-amdci4-4/julialang/julia-release-1-dot-9/src/gc.c:1501
unknown function (ip: (nil))
pthread_cond_wait at /lib64/libpthread.so.0 (unknown line)
uv_cond_wait at /workspace/srcdir/libuv/src/unix/thread.c:883
ijl_task_get_next at /cache/build/builder-amdci4-4/julialang/julia-release-1-dot-9/src/partr.c:421
poptask at ./task.jl:974
wait at ./task.jl:983
task_done_hook at ./task.jl:672
jfptr_task_done_hook_27081.clone_1 at /home/tang_wenqi/julia-1.9.4/lib/julia/sys.so (unknown line)
_jl_invoke at /cache/build/builder-amdci4-4/julialang/julia-release-1-dot-9/src/gf.c:2758 [inlined]
ijl_apply_generic at /cache/build/builder-amdci4-4/julialang/julia-release-1-dot-9/src/gf.c:2940
jl_apply at /cache/build/builder-amdci4-4/julialang/julia-release-1-dot-9/src/julia.h:1880 [inlined]
jl_finish_task at /cache/build/builder-amdci4-4/julialang/julia-release-1-dot-9/src/task.c:320
start_task at /cache/build/builder-amdci4-4/julialang/julia-release-1-dot-9/src/task.c:1103
unknown function (ip: (nil))
pthread_cond_wait at /lib64/libpthread.so.0 (unknown line)
uv_cond_wait at /workspace/srcdir/libuv/src/unix/thread.c:883
jl_safepoint_wait_gc at /cache/build/builder-amdci4-4/julialang/julia-release-1-dot-9/src/safepoint.c:171
jl_set_gc_and_wait at /cache/build/builder-amdci4-4/julialang/julia-release-1-dot-9/src/julia_internal.h:952 [inlined]
segv_handler at /cache/build/builder-amdci4-4/julialang/julia-release-1-dot-9/src/signals-unix.c:353 [inlined]
segv_handler at /cache/build/builder-amdci4-4/julialang/julia-release-1-dot-9/src/signals-unix.c:340
_L_unlock_13 at /lib64/libpthread.so.0 (unknown line)
jl_gc_state_set at /cache/build/builder-amdci4-4/julialang/julia-release-1-dot-9/src/julia_threads.h:349 [inlined]
maybe_collect at /cache/build/builder-amdci4-4/julialang/julia-release-1-dot-9/src/julia_threads.h:342 [inlined]
jl_gc_pool_alloc_inner at /cache/build/builder-amdci4-4/julialang/julia-release-1-dot-9/src/gc.c:1450 [inlined]
ijl_gc_pool_alloc at /cache/build/builder-amdci4-4/julialang/julia-release-1-dot-9/src/gc.c:1501
unknown function (ip: (nil))
pthread_cond_wait at /lib64/libpthread.so.0 (unknown line)
uv_cond_wait at /workspace/srcdir/libuv/src/unix/thread.c:883
jl_safepoint_wait_gc at /cache/build/builder-amdci4-4/julialang/julia-release-1-dot-9/src/safepoint.c:171
jl_set_gc_and_wait at /cache/build/builder-amdci4-4/julialang/julia-release-1-dot-9/src/julia_internal.h:952 [inlined]
segv_handler at /cache/build/builder-amdci4-4/julialang/julia-release-1-dot-9/src/signals-unix.c:353 [inlined]
segv_handler at /cache/build/builder-amdci4-4/julialang/julia-release-1-dot-9/src/signals-unix.c:340
_L_unlock_13 at /lib64/libpthread.so.0 (unknown line)
jl_gc_state_set at /cache/build/builder-amdci4-4/julialang/julia-release-1-dot-9/src/julia_threads.h:349 [inlined]
maybe_collect at /cache/build/builder-amdci4-4/julialang/julia-release-1-dot-9/src/julia_threads.h:342 [inlined]
jl_gc_pool_alloc_inner at /cache/build/builder-amdci4-4/julialang/julia-release-1-dot-9/src/gc.c:1450 [inlined]
jl_gc_pool_alloc_noinline at /cache/build/builder-amdci4-4/julialang/julia-release-1-dot-9/src/gc.c:1511
unknown function (ip: (nil))
pthread_cond_wait at /lib64/libpthread.so.0 (unknown line)
uv_cond_wait at /workspace/srcdir/libuv/src/unix/thread.c:883
ijl_task_get_next at /cache/build/builder-amdci4-4/julialang/julia-release-1-dot-9/src/partr.c:421
poptask at ./task.jl:974
wait at ./task.jl:983
task_done_hook at ./task.jl:672
jfptr_task_done_hook_27081.clone_1 at /home/tang_wenqi/julia-1.9.4/lib/julia/sys.so (unknown line)
_jl_invoke at /cache/build/builder-amdci4-4/julialang/julia-release-1-dot-9/src/gf.c:2758 [inlined]
ijl_apply_generic at /cache/build/builder-amdci4-4/julialang/julia-release-1-dot-9/src/gf.c:2940
jl_apply at /cache/build/builder-amdci4-4/julialang/julia-release-1-dot-9/src/julia.h:1880 [inlined]
jl_finish_task at /cache/build/builder-amdci4-4/julialang/julia-release-1-dot-9/src/task.c:320
start_task at /cache/build/builder-amdci4-4/julialang/julia-release-1-dot-9/src/task.c:1103
unknown function (ip: (nil))
pthread_cond_wait at /lib64/libpthread.so.0 (unknown line)
uv_cond_wait at /workspace/srcdir/libuv/src/unix/thread.c:883
ijl_task_get_next at /cache/build/builder-amdci4-4/julialang/julia-release-1-dot-9/src/partr.c:421
poptask at ./task.jl:974
wait at ./task.jl:983
task_done_hook at ./task.jl:672
jfptr_task_done_hook_27081.clone_1 at /home/tang_wenqi/julia-1.9.4/lib/julia/sys.so (unknown line)
_jl_invoke at /cache/build/builder-amdci4-4/julialang/julia-release-1-dot-9/src/gf.c:2758 [inlined]
ijl_apply_generic at /cache/build/builder-amdci4-4/julialang/julia-release-1-dot-9/src/gf.c:2940
jl_apply at /cache/build/builder-amdci4-4/julialang/julia-release-1-dot-9/src/julia.h:1880 [inlined]
jl_finish_task at /cache/build/builder-amdci4-4/julialang/julia-release-1-dot-9/src/task.c:320
start_task at /cache/build/builder-amdci4-4/julialang/julia-release-1-dot-9/src/task.c:1103
unknown function (ip: (nil))
pthread_cond_wait at /lib64/libpthread.so.0 (unknown line)
uv_cond_wait at /workspace/srcdir/libuv/src/unix/thread.c:883
ijl_task_get_next at /cache/build/builder-amdci4-4/julialang/julia-release-1-dot-9/src/partr.c:421
poptask at ./task.jl:974
wait at ./task.jl:983
task_done_hook at ./task.jl:672
jfptr_task_done_hook_27081.clone_1 at /home/tang_wenqi/julia-1.9.4/lib/julia/sys.so (unknown line)
_jl_invoke at /cache/build/builder-amdci4-4/julialang/julia-release-1-dot-9/src/gf.c:2758 [inlined]
ijl_apply_generic at /cache/build/builder-amdci4-4/julialang/julia-release-1-dot-9/src/gf.c:2940
jl_apply at /cache/build/builder-amdci4-4/julialang/julia-release-1-dot-9/src/julia.h:1880 [inlined]
jl_finish_task at /cache/build/builder-amdci4-4/julialang/julia-release-1-dot-9/src/task.c:320
start_task at /cache/build/builder-amdci4-4/julialang/julia-release-1-dot-9/src/task.c:1103
unknown function (ip: (nil))
pthread_cond_wait at /lib64/libpthread.so.0 (unknown line)
uv_cond_wait at /workspace/srcdir/libuv/src/unix/thread.c:883
jl_safepoint_wait_gc at /cache/build/builder-amdci4-4/julialang/julia-release-1-dot-9/src/safepoint.c:171
jl_set_gc_and_wait at /cache/build/builder-amdci4-4/julialang/julia-release-1-dot-9/src/julia_internal.h:952 [inlined]
segv_handler at /cache/build/builder-amdci4-4/julialang/julia-release-1-dot-9/src/signals-unix.c:353 [inlined]
segv_handler at /cache/build/builder-amdci4-4/julialang/julia-release-1-dot-9/src/signals-unix.c:340
_L_unlock_13 at /lib64/libpthread.so.0 (unknown line)
jl_gc_state_set at /cache/build/builder-amdci4-4/julialang/julia-release-1-dot-9/src/julia_threads.h:349 [inlined]
maybe_collect at /cache/build/builder-amdci4-4/julialang/julia-release-1-dot-9/src/julia_threads.h:342 [inlined]
jl_gc_pool_alloc_inner at /cache/build/builder-amdci4-4/julialang/julia-release-1-dot-9/src/gc.c:1450 [inlined]
jl_gc_pool_alloc_noinline at /cache/build/builder-amdci4-4/julialang/julia-release-1-dot-9/src/gc.c:1511
unknown function (ip: (nil))
pthread_cond_wait at /lib64/libpthread.so.0 (unknown line)
uv_cond_wait at /workspace/srcdir/libuv/src/unix/thread.c:883
jl_safepoint_wait_gc at /cache/build/builder-amdci4-4/julialang/julia-release-1-dot-9/src/safepoint.c:171
jl_set_gc_and_wait at /cache/build/builder-amdci4-4/julialang/julia-release-1-dot-9/src/julia_internal.h:952 [inlined]
segv_handler at /cache/build/builder-amdci4-4/julialang/julia-release-1-dot-9/src/signals-unix.c:353 [inlined]
segv_handler at /cache/build/builder-amdci4-4/julialang/julia-release-1-dot-9/src/signals-unix.c:340
_L_unlock_13 at /lib64/libpthread.so.0 (unknown line)
jl_gc_state_set at /cache/build/builder-amdci4-4/julialang/julia-release-1-dot-9/src/julia_threads.h:349 [inlined]
maybe_collect at /cache/build/builder-amdci4-4/julialang/julia-release-1-dot-9/src/julia_threads.h:342 [inlined]
jl_gc_pool_alloc_inner at /cache/build/builder-amdci4-4/julialang/julia-release-1-dot-9/src/gc.c:1450 [inlined]
ijl_gc_pool_alloc at /cache/build/builder-amdci4-4/julialang/julia-release-1-dot-9/src/gc.c:1501
unknown function (ip: (nil))
pthread_cond_wait at /lib64/libpthread.so.0 (unknown line)
uv_cond_wait at /workspace/srcdir/libuv/src/unix/thread.c:883
ijl_task_get_next at /cache/build/builder-amdci4-4/julialang/julia-release-1-dot-9/src/partr.c:421
poptask at ./task.jl:974
wait at ./task.jl:983
task_done_hook at ./task.jl:672
jfptr_task_done_hook_27081.clone_1 at /home/tang_wenqi/julia-1.9.4/lib/julia/sys.so (unknown line)
_jl_invoke at /cache/build/builder-amdci4-4/julialang/julia-release-1-dot-9/src/gf.c:2758 [inlined]
ijl_apply_generic at /cache/build/builder-amdci4-4/julialang/julia-release-1-dot-9/src/gf.c:2940
jl_apply at /cache/build/builder-amdci4-4/julialang/julia-release-1-dot-9/src/julia.h:1880 [inlined]
jl_finish_task at /cache/build/builder-amdci4-4/julialang/julia-release-1-dot-9/src/task.c:320
start_task at /cache/build/builder-amdci4-4/julialang/julia-release-1-dot-9/src/task.c:1103
unknown function (ip: (nil))
pthread_cond_wait at /lib64/libpthread.so.0 (unknown line)
uv_cond_wait at /workspace/srcdir/libuv/src/unix/thread.c:883
ijl_task_get_next at /cache/build/builder-amdci4-4/julialang/julia-release-1-dot-9/src/partr.c:421
poptask at ./task.jl:974
wait at ./task.jl:983
task_done_hook at ./task.jl:672
jfptr_task_done_hook_27081.clone_1 at /home/tang_wenqi/julia-1.9.4/lib/julia/sys.so (unknown line)
_jl_invoke at /cache/build/builder-amdci4-4/julialang/julia-release-1-dot-9/src/gf.c:2758 [inlined]
ijl_apply_generic at /cache/build/builder-amdci4-4/julialang/julia-release-1-dot-9/src/gf.c:2940
jl_apply at /cache/build/builder-amdci4-4/julialang/julia-release-1-dot-9/src/julia.h:1880 [inlined]
jl_finish_task at /cache/build/builder-amdci4-4/julialang/julia-release-1-dot-9/src/task.c:320
start_task at /cache/build/builder-amdci4-4/julialang/julia-release-1-dot-9/src/task.c:1103
unknown function (ip: (nil))
pthread_cond_wait at /lib64/libpthread.so.0 (unknown line)
uv_cond_wait at /workspace/srcdir/libuv/src/unix/thread.c:883
jl_safepoint_wait_gc at /cache/build/builder-amdci4-4/julialang/julia-release-1-dot-9/src/safepoint.c:171
jl_set_gc_and_wait at /cache/build/builder-amdci4-4/julialang/julia-release-1-dot-9/src/julia_internal.h:952 [inlined]
segv_handler at /cache/build/builder-amdci4-4/julialang/julia-release-1-dot-9/src/signals-unix.c:353 [inlined]
segv_handler at /cache/build/builder-amdci4-4/julialang/julia-release-1-dot-9/src/signals-unix.c:340
_L_unlock_13 at /lib64/libpthread.so.0 (unknown line)
jl_gc_state_set at /cache/build/builder-amdci4-4/julialang/julia-release-1-dot-9/src/julia_threads.h:349 [inlined]
maybe_collect at /cache/build/builder-amdci4-4/julialang/julia-release-1-dot-9/src/julia_threads.h:342 [inlined]
jl_gc_pool_alloc_inner at /cache/build/builder-amdci4-4/julialang/julia-release-1-dot-9/src/gc.c:1450 [inlined]
jl_gc_pool_alloc_noinline at /cache/build/builder-amdci4-4/julialang/julia-release-1-dot-9/src/gc.c:1511
unknown function (ip: (nil))
pthread_cond_wait at /lib64/libpthread.so.0 (unknown line)
uv_cond_wait at /workspace/srcdir/libuv/src/unix/thread.c:883
jl_safepoint_wait_gc at /cache/build/builder-amdci4-4/julialang/julia-release-1-dot-9/src/safepoint.c:171
jl_set_gc_and_wait at /cache/build/builder-amdci4-4/julialang/julia-release-1-dot-9/src/julia_internal.h:952 [inlined]
segv_handler at /cache/build/builder-amdci4-4/julialang/julia-release-1-dot-9/src/signals-unix.c:353 [inlined]
segv_handler at /cache/build/builder-amdci4-4/julialang/julia-release-1-dot-9/src/signals-unix.c:340
_L_unlock_13 at /lib64/libpthread.so.0 (unknown line)
jl_gc_state_set at /cache/build/builder-amdci4-4/julialang/julia-release-1-dot-9/src/julia_threads.h:349 [inlined]
maybe_collect at /cache/build/builder-amdci4-4/julialang/julia-release-1-dot-9/src/julia_threads.h:342 [inlined]
jl_gc_pool_alloc_inner at /cache/build/builder-amdci4-4/julialang/julia-release-1-dot-9/src/gc.c:1450 [inlined]
jl_gc_pool_alloc_noinline at /cache/build/builder-amdci4-4/julialang/julia-release-1-dot-9/src/gc.c:1511
unknown function (ip: (nil))
pthread_cond_wait at /lib64/libpthread.so.0 (unknown line)
uv_cond_wait at /workspace/srcdir/libuv/src/unix/thread.c:883
jl_safepoint_wait_gc at /cache/build/builder-amdci4-4/julialang/julia-release-1-dot-9/src/safepoint.c:171
jl_set_gc_and_wait at /cache/build/builder-amdci4-4/julialang/julia-release-1-dot-9/src/julia_internal.h:952 [inlined]
segv_handler at /cache/build/builder-amdci4-4/julialang/julia-release-1-dot-9/src/signals-unix.c:353 [inlined]
segv_handler at /cache/build/builder-amdci4-4/julialang/julia-release-1-dot-9/src/signals-unix.c:340
_L_unlock_13 at /lib64/libpthread.so.0 (unknown line)
jl_gc_state_set at /cache/build/builder-amdci4-4/julialang/julia-release-1-dot-9/src/julia_threads.h:349 [inlined]
maybe_collect at /cache/build/builder-amdci4-4/julialang/julia-release-1-dot-9/src/julia_threads.h:342 [inlined]
jl_gc_pool_alloc_inner at /cache/build/builder-amdci4-4/julialang/julia-release-1-dot-9/src/gc.c:1450 [inlined]
ijl_gc_pool_alloc at /cache/build/builder-amdci4-4/julialang/julia-release-1-dot-9/src/gc.c:1501
unknown function (ip: (nil))
pthread_cond_wait at /lib64/libpthread.so.0 (unknown line)
uv_cond_wait at /workspace/srcdir/libuv/src/unix/thread.c:883
ijl_task_get_next at /cache/build/builder-amdci4-4/julialang/julia-release-1-dot-9/src/partr.c:421
poptask at ./task.jl:974
wait at ./task.jl:983
task_done_hook at ./task.jl:672
jfptr_task_done_hook_27081.clone_1 at /home/tang_wenqi/julia-1.9.4/lib/julia/sys.so (unknown line)
_jl_invoke at /cache/build/builder-amdci4-4/julialang/julia-release-1-dot-9/src/gf.c:2758 [inlined]
ijl_apply_generic at /cache/build/builder-amdci4-4/julialang/julia-release-1-dot-9/src/gf.c:2940
jl_apply at /cache/build/builder-amdci4-4/julialang/julia-release-1-dot-9/src/julia.h:1880 [inlined]
jl_finish_task at /cache/build/builder-amdci4-4/julialang/julia-release-1-dot-9/src/task.c:320
start_task at /cache/build/builder-amdci4-4/julialang/julia-release-1-dot-9/src/task.c:1103
unknown function (ip: (nil))
pthread_cond_wait at /lib64/libpthread.so.0 (unknown line)
uv_cond_wait at /workspace/srcdir/libuv/src/unix/thread.c:883
jl_safepoint_wait_gc at /cache/build/builder-amdci4-4/julialang/julia-release-1-dot-9/src/safepoint.c:171
jl_set_gc_and_wait at /cache/build/builder-amdci4-4/julialang/julia-release-1-dot-9/src/julia_internal.h:952 [inlined]
segv_handler at /cache/build/builder-amdci4-4/julialang/julia-release-1-dot-9/src/signals-unix.c:353 [inlined]
segv_handler at /cache/build/builder-amdci4-4/julialang/julia-release-1-dot-9/src/signals-unix.c:340
_L_unlock_13 at /lib64/libpthread.so.0 (unknown line)
jl_gc_state_set at /cache/build/builder-amdci4-4/julialang/julia-release-1-dot-9/src/julia_threads.h:349 [inlined]
maybe_collect at /cache/build/builder-amdci4-4/julialang/julia-release-1-dot-9/src/julia_threads.h:342 [inlined]
jl_gc_pool_alloc_inner at /cache/build/builder-amdci4-4/julialang/julia-release-1-dot-9/src/gc.c:1450 [inlined]
jl_gc_pool_alloc_noinline at /cache/build/builder-amdci4-4/julialang/julia-release-1-dot-9/src/gc.c:1511
unknown function (ip: (nil))
pthread_cond_wait at /lib64/libpthread.so.0 (unknown line)
uv_cond_wait at /workspace/srcdir/libuv/src/unix/thread.c:883
ijl_task_get_next at /cache/build/builder-amdci4-4/julialang/julia-release-1-dot-9/src/partr.c:421
poptask at ./task.jl:974
wait at ./task.jl:983
task_done_hook at ./task.jl:672
jfptr_task_done_hook_27081.clone_1 at /home/tang_wenqi/julia-1.9.4/lib/julia/sys.so (unknown line)
_jl_invoke at /cache/build/builder-amdci4-4/julialang/julia-release-1-dot-9/src/gf.c:2758 [inlined]
ijl_apply_generic at /cache/build/builder-amdci4-4/julialang/julia-release-1-dot-9/src/gf.c:2940
jl_apply at /cache/build/builder-amdci4-4/julialang/julia-release-1-dot-9/src/julia.h:1880 [inlined]
jl_finish_task at /cache/build/builder-amdci4-4/julialang/julia-release-1-dot-9/src/task.c:320
start_task at /cache/build/builder-amdci4-4/julialang/julia-release-1-dot-9/src/task.c:1103
unknown function (ip: (nil))
pthread_cond_wait at /lib64/libpthread.so.0 (unknown line)
uv_cond_wait at /workspace/srcdir/libuv/src/unix/thread.c:883
ijl_task_get_next at /cache/build/builder-amdci4-4/julialang/julia-release-1-dot-9/src/partr.c:421
poptask at ./task.jl:974
wait at ./task.jl:983
task_done_hook at ./task.jl:672
jfptr_task_done_hook_27081.clone_1 at /home/tang_wenqi/julia-1.9.4/lib/julia/sys.so (unknown line)
_jl_invoke at /cache/build/builder-amdci4-4/julialang/julia-release-1-dot-9/src/gf.c:2758 [inlined]
ijl_apply_generic at /cache/build/builder-amdci4-4/julialang/julia-release-1-dot-9/src/gf.c:2940
jl_apply at /cache/build/builder-amdci4-4/julialang/julia-release-1-dot-9/src/julia.h:1880 [inlined]
jl_finish_task at /cache/build/builder-amdci4-4/julialang/julia-release-1-dot-9/src/task.c:320
start_task at /cache/build/builder-amdci4-4/julialang/julia-release-1-dot-9/src/task.c:1103
unknown function (ip: (nil))
pthread_cond_wait at /lib64/libpthread.so.0 (unknown line)
uv_cond_wait at /workspace/srcdir/libuv/src/unix/thread.c:883
jl_safepoint_wait_gc at /cache/build/builder-amdci4-4/julialang/julia-release-1-dot-9/src/safepoint.c:171
jl_set_gc_and_wait at /cache/build/builder-amdci4-4/julialang/julia-release-1-dot-9/src/julia_internal.h:952 [inlined]
segv_handler at /cache/build/builder-amdci4-4/julialang/julia-release-1-dot-9/src/signals-unix.c:353 [inlined]
segv_handler at /cache/build/builder-amdci4-4/julialang/julia-release-1-dot-9/src/signals-unix.c:340
_L_unlock_13 at /lib64/libpthread.so.0 (unknown line)
jl_gc_state_set at /cache/build/builder-amdci4-4/julialang/julia-release-1-dot-9/src/julia_threads.h:349 [inlined]
maybe_collect at /cache/build/builder-amdci4-4/julialang/julia-release-1-dot-9/src/julia_threads.h:342 [inlined]
jl_gc_pool_alloc_inner at /cache/build/builder-amdci4-4/julialang/julia-release-1-dot-9/src/gc.c:1450 [inlined]
jl_gc_pool_alloc_noinline at /cache/build/builder-amdci4-4/julialang/julia-release-1-dot-9/src/gc.c:1511
unknown function (ip: (nil))
pthread_cond_wait at /lib64/libpthread.so.0 (unknown line)
uv_cond_wait at /workspace/srcdir/libuv/src/unix/thread.c:883
ijl_task_get_next at /cache/build/builder-amdci4-4/julialang/julia-release-1-dot-9/src/partr.c:421
poptask at ./task.jl:974
wait at ./task.jl:983
task_done_hook at ./task.jl:672
jfptr_task_done_hook_27081.clone_1 at /home/tang_wenqi/julia-1.9.4/lib/julia/sys.so (unknown line)
_jl_invoke at /cache/build/builder-amdci4-4/julialang/julia-release-1-dot-9/src/gf.c:2758 [inlined]
ijl_apply_generic at /cache/build/builder-amdci4-4/julialang/julia-release-1-dot-9/src/gf.c:2940
jl_apply at /cache/build/builder-amdci4-4/julialang/julia-release-1-dot-9/src/julia.h:1880 [inlined]
jl_finish_task at /cache/build/builder-amdci4-4/julialang/julia-release-1-dot-9/src/task.c:320
start_task at /cache/build/builder-amdci4-4/julialang/julia-release-1-dot-9/src/task.c:1103
unknown function (ip: (nil))
pthread_cond_wait at /lib64/libpthread.so.0 (unknown line)
uv_cond_wait at /workspace/srcdir/libuv/src/unix/thread.c:883
jl_safepoint_wait_gc at /cache/build/builder-amdci4-4/julialang/julia-release-1-dot-9/src/safepoint.c:171
jl_set_gc_and_wait at /cache/build/builder-amdci4-4/julialang/julia-release-1-dot-9/src/julia_internal.h:952 [inlined]
segv_handler at /cache/build/builder-amdci4-4/julialang/julia-release-1-dot-9/src/signals-unix.c:353 [inlined]
segv_handler at /cache/build/builder-amdci4-4/julialang/julia-release-1-dot-9/src/signals-unix.c:340
_L_unlock_13 at /lib64/libpthread.so.0 (unknown line)
jl_gc_state_set at /cache/build/builder-amdci4-4/julialang/julia-release-1-dot-9/src/julia_threads.h:349 [inlined]
maybe_collect at /cache/build/builder-amdci4-4/julialang/julia-release-1-dot-9/src/julia_threads.h:342 [inlined]
jl_gc_pool_alloc_inner at /cache/build/builder-amdci4-4/julialang/julia-release-1-dot-9/src/gc.c:1450 [inlined]
jl_gc_pool_alloc_noinline at /cache/build/builder-amdci4-4/julialang/julia-release-1-dot-9/src/gc.c:1511
unknown function (ip: (nil))
pthread_cond_wait at /lib64/libpthread.so.0 (unknown line)
uv_cond_wait at /workspace/srcdir/libuv/src/unix/thread.c:883
jl_safepoint_wait_gc at /cache/build/builder-amdci4-4/julialang/julia-release-1-dot-9/src/safepoint.c:171
jl_set_gc_and_wait at /cache/build/builder-amdci4-4/julialang/julia-release-1-dot-9/src/julia_internal.h:952 [inlined]
segv_handler at /cache/build/builder-amdci4-4/julialang/julia-release-1-dot-9/src/signals-unix.c:353 [inlined]
segv_handler at /cache/build/builder-amdci4-4/julialang/julia-release-1-dot-9/src/signals-unix.c:340
_L_unlock_13 at /lib64/libpthread.so.0 (unknown line)
jl_gc_state_set at /cache/build/builder-amdci4-4/julialang/julia-release-1-dot-9/src/julia_threads.h:349 [inlined]
maybe_collect at /cache/build/builder-amdci4-4/julialang/julia-release-1-dot-9/src/julia_threads.h:342 [inlined]
jl_gc_pool_alloc_inner at /cache/build/builder-amdci4-4/julialang/julia-release-1-dot-9/src/gc.c:1450 [inlined]
ijl_gc_pool_alloc at /cache/build/builder-amdci4-4/julialang/julia-release-1-dot-9/src/gc.c:1501
unknown function (ip: (nil))
pthread_cond_wait at /lib64/libpthread.so.0 (unknown line)
uv_cond_wait at /workspace/srcdir/libuv/src/unix/thread.c:883
jl_safepoint_wait_gc at /cache/build/builder-amdci4-4/julialang/julia-release-1-dot-9/src/safepoint.c:171
jl_set_gc_and_wait at /cache/build/builder-amdci4-4/julialang/julia-release-1-dot-9/src/julia_internal.h:952 [inlined]
segv_handler at /cache/build/builder-amdci4-4/julialang/julia-release-1-dot-9/src/signals-unix.c:353 [inlined]
segv_handler at /cache/build/builder-amdci4-4/julialang/julia-release-1-dot-9/src/signals-unix.c:340
_L_unlock_13 at /lib64/libpthread.so.0 (unknown line)
jl_gc_state_set at /cache/build/builder-amdci4-4/julialang/julia-release-1-dot-9/src/julia_threads.h:349 [inlined]
maybe_collect at /cache/build/builder-amdci4-4/julialang/julia-release-1-dot-9/src/julia_threads.h:342 [inlined]
jl_gc_pool_alloc_inner at /cache/build/builder-amdci4-4/julialang/julia-release-1-dot-9/src/gc.c:1450 [inlined]
jl_gc_pool_alloc_noinline at /cache/build/builder-amdci4-4/julialang/julia-release-1-dot-9/src/gc.c:1511
unknown function (ip: (nil))
pthread_cond_wait at /lib64/libpthread.so.0 (unknown line)
uv_cond_wait at /workspace/srcdir/libuv/src/unix/thread.c:883
jl_safepoint_wait_gc at /cache/build/builder-amdci4-4/julialang/julia-release-1-dot-9/src/safepoint.c:171
jl_set_gc_and_wait at /cache/build/builder-amdci4-4/julialang/julia-release-1-dot-9/src/julia_internal.h:952 [inlined]
segv_handler at /cache/build/builder-amdci4-4/julialang/julia-release-1-dot-9/src/signals-unix.c:353 [inlined]
segv_handler at /cache/build/builder-amdci4-4/julialang/julia-release-1-dot-9/src/signals-unix.c:340
_L_unlock_13 at /lib64/libpthread.so.0 (unknown line)
jl_gc_state_set at /cache/build/builder-amdci4-4/julialang/julia-release-1-dot-9/src/julia_threads.h:349 [inlined]
maybe_collect at /cache/build/builder-amdci4-4/julialang/julia-release-1-dot-9/src/julia_threads.h:342 [inlined]
jl_gc_pool_alloc_inner at /cache/build/builder-amdci4-4/julialang/julia-release-1-dot-9/src/gc.c:1450 [inlined]
jl_gc_pool_alloc_noinline at /cache/build/builder-amdci4-4/julialang/julia-release-1-dot-9/src/gc.c:1511
unknown function (ip: (nil))
pthread_cond_wait at /lib64/libpthread.so.0 (unknown line)
uv_cond_wait at /workspace/srcdir/libuv/src/unix/thread.c:883
jl_safepoint_wait_gc at /cache/build/builder-amdci4-4/julialang/julia-release-1-dot-9/src/safepoint.c:171
jl_set_gc_and_wait at /cache/build/builder-amdci4-4/julialang/julia-release-1-dot-9/src/julia_internal.h:952 [inlined]
segv_handler at /cache/build/builder-amdci4-4/julialang/julia-release-1-dot-9/src/signals-unix.c:353 [inlined]
segv_handler at /cache/build/builder-amdci4-4/julialang/julia-release-1-dot-9/src/signals-unix.c:340
_L_unlock_13 at /lib64/libpthread.so.0 (unknown line)
jl_gc_state_set at /cache/build/builder-amdci4-4/julialang/julia-release-1-dot-9/src/julia_threads.h:349 [inlined]
maybe_collect at /cache/build/builder-amdci4-4/julialang/julia-release-1-dot-9/src/julia_threads.h:342 [inlined]
jl_gc_pool_alloc_inner at /cache/build/builder-amdci4-4/julialang/julia-release-1-dot-9/src/gc.c:1450 [inlined]
jl_gc_pool_alloc_noinline at /cache/build/builder-amdci4-4/julialang/julia-release-1-dot-9/src/gc.c:1511
unknown function (ip: (nil))
pthread_cond_wait at /lib64/libpthread.so.0 (unknown line)
uv_cond_wait at /workspace/srcdir/libuv/src/unix/thread.c:883
ijl_task_get_next at /cache/build/builder-amdci4-4/julialang/julia-release-1-dot-9/src/partr.c:421
poptask at ./task.jl:974
wait at ./task.jl:983
task_done_hook at ./task.jl:672
jfptr_task_done_hook_27081.clone_1 at /home/tang_wenqi/julia-1.9.4/lib/julia/sys.so (unknown line)
_jl_invoke at /cache/build/builder-amdci4-4/julialang/julia-release-1-dot-9/src/gf.c:2758 [inlined]
ijl_apply_generic at /cache/build/builder-amdci4-4/julialang/julia-release-1-dot-9/src/gf.c:2940
jl_apply at /cache/build/builder-amdci4-4/julialang/julia-release-1-dot-9/src/julia.h:1880 [inlined]
jl_finish_task at /cache/build/builder-amdci4-4/julialang/julia-release-1-dot-9/src/task.c:320
start_task at /cache/build/builder-amdci4-4/julialang/julia-release-1-dot-9/src/task.c:1103
unknown function (ip: (nil))
pthread_cond_wait at /lib64/libpthread.so.0 (unknown line)
uv_cond_wait at /workspace/srcdir/libuv/src/unix/thread.c:883
ijl_task_get_next at /cache/build/builder-amdci4-4/julialang/julia-release-1-dot-9/src/partr.c:421
poptask at ./task.jl:974
wait at ./task.jl:983
task_done_hook at ./task.jl:672
jfptr_task_done_hook_27081.clone_1 at /home/tang_wenqi/julia-1.9.4/lib/julia/sys.so (unknown line)
_jl_invoke at /cache/build/builder-amdci4-4/julialang/julia-release-1-dot-9/src/gf.c:2758 [inlined]
ijl_apply_generic at /cache/build/builder-amdci4-4/julialang/julia-release-1-dot-9/src/gf.c:2940
jl_apply at /cache/build/builder-amdci4-4/julialang/julia-release-1-dot-9/src/julia.h:1880 [inlined]
jl_finish_task at /cache/build/builder-amdci4-4/julialang/julia-release-1-dot-9/src/task.c:320
start_task at /cache/build/builder-amdci4-4/julialang/julia-release-1-dot-9/src/task.c:1103
unknown function (ip: (nil))
pthread_cond_wait at /lib64/libpthread.so.0 (unknown line)
uv_cond_wait at /workspace/srcdir/libuv/src/unix/thread.c:883
jl_safepoint_wait_gc at /cache/build/builder-amdci4-4/julialang/julia-release-1-dot-9/src/safepoint.c:171
jl_set_gc_and_wait at /cache/build/builder-amdci4-4/julialang/julia-release-1-dot-9/src/julia_internal.h:952 [inlined]
segv_handler at /cache/build/builder-amdci4-4/julialang/julia-release-1-dot-9/src/signals-unix.c:353 [inlined]
segv_handler at /cache/build/builder-amdci4-4/julialang/julia-release-1-dot-9/src/signals-unix.c:340
_L_unlock_13 at /lib64/libpthread.so.0 (unknown line)
jl_gc_state_set at /cache/build/builder-amdci4-4/julialang/julia-release-1-dot-9/src/julia_threads.h:349 [inlined]
maybe_collect at /cache/build/builder-amdci4-4/julialang/julia-release-1-dot-9/src/julia_threads.h:342 [inlined]
jl_gc_pool_alloc_inner at /cache/build/builder-amdci4-4/julialang/julia-release-1-dot-9/src/gc.c:1450 [inlined]
jl_gc_pool_alloc_noinline at /cache/build/builder-amdci4-4/julialang/julia-release-1-dot-9/src/gc.c:1511
unknown function (ip: (nil))
pthread_cond_wait at /lib64/libpthread.so.0 (unknown line)
uv_cond_wait at /workspace/srcdir/libuv/src/unix/thread.c:883
jl_safepoint_wait_gc at /cache/build/builder-amdci4-4/julialang/julia-release-1-dot-9/src/safepoint.c:171
jl_set_gc_and_wait at /cache/build/builder-amdci4-4/julialang/julia-release-1-dot-9/src/julia_internal.h:952 [inlined]
segv_handler at /cache/build/builder-amdci4-4/julialang/julia-release-1-dot-9/src/signals-unix.c:353 [inlined]
segv_handler at /cache/build/builder-amdci4-4/julialang/julia-release-1-dot-9/src/signals-unix.c:340
_L_unlock_13 at /lib64/libpthread.so.0 (unknown line)
jl_gc_state_set at /cache/build/builder-amdci4-4/julialang/julia-release-1-dot-9/src/julia_threads.h:349 [inlined]
maybe_collect at /cache/build/builder-amdci4-4/julialang/julia-release-1-dot-9/src/julia_threads.h:342 [inlined]
jl_gc_pool_alloc_inner at /cache/build/builder-amdci4-4/julialang/julia-release-1-dot-9/src/gc.c:1450 [inlined]
ijl_gc_pool_alloc at /cache/build/builder-amdci4-4/julialang/julia-release-1-dot-9/src/gc.c:1501
unknown function (ip: (nil))
pthread_cond_wait at /lib64/libpthread.so.0 (unknown line)
uv_cond_wait at /workspace/srcdir/libuv/src/unix/thread.c:883
jl_safepoint_wait_gc at /cache/build/builder-amdci4-4/julialang/julia-release-1-dot-9/src/safepoint.c:171
jl_set_gc_and_wait at /cache/build/builder-amdci4-4/julialang/julia-release-1-dot-9/src/julia_internal.h:952 [inlined]
segv_handler at /cache/build/builder-amdci4-4/julialang/julia-release-1-dot-9/src/signals-unix.c:353 [inlined]
segv_handler at /cache/build/builder-amdci4-4/julialang/julia-release-1-dot-9/src/signals-unix.c:340
_L_unlock_13 at /lib64/libpthread.so.0 (unknown line)
jl_gc_state_set at /cache/build/builder-amdci4-4/julialang/julia-release-1-dot-9/src/julia_threads.h:349 [inlined]
maybe_collect at /cache/build/builder-amdci4-4/julialang/julia-release-1-dot-9/src/julia_threads.h:342 [inlined]
jl_gc_pool_alloc_inner at /cache/build/builder-amdci4-4/julialang/julia-release-1-dot-9/src/gc.c:1450 [inlined]
jl_gc_pool_alloc_noinline at /cache/build/builder-amdci4-4/julialang/julia-release-1-dot-9/src/gc.c:1511
unknown function (ip: (nil))
pthread_cond_wait at /lib64/libpthread.so.0 (unknown line)
uv_cond_wait at /workspace/srcdir/libuv/src/unix/thread.c:883
jl_safepoint_wait_gc at /cache/build/builder-amdci4-4/julialang/julia-release-1-dot-9/src/safepoint.c:171
jl_set_gc_and_wait at /cache/build/builder-amdci4-4/julialang/julia-release-1-dot-9/src/julia_internal.h:952 [inlined]
segv_handler at /cache/build/builder-amdci4-4/julialang/julia-release-1-dot-9/src/signals-unix.c:353 [inlined]
segv_handler at /cache/build/builder-amdci4-4/julialang/julia-release-1-dot-9/src/signals-unix.c:340
_L_unlock_13 at /lib64/libpthread.so.0 (unknown line)
jl_gc_state_set at /cache/build/builder-amdci4-4/julialang/julia-release-1-dot-9/src/julia_threads.h:349 [inlined]
maybe_collect at /cache/build/builder-amdci4-4/julialang/julia-release-1-dot-9/src/julia_threads.h:342 [inlined]
jl_gc_pool_alloc_inner at /cache/build/builder-amdci4-4/julialang/julia-release-1-dot-9/src/gc.c:1450 [inlined]
jl_gc_pool_alloc_noinline at /cache/build/builder-amdci4-4/julialang/julia-release-1-dot-9/src/gc.c:1511
unknown function (ip: (nil))
pthread_cond_wait at /lib64/libpthread.so.0 (unknown line)
uv_cond_wait at /workspace/srcdir/libuv/src/unix/thread.c:883
jl_safepoint_wait_gc at /cache/build/builder-amdci4-4/julialang/julia-release-1-dot-9/src/safepoint.c:171
jl_set_gc_and_wait at /cache/build/builder-amdci4-4/julialang/julia-release-1-dot-9/src/julia_internal.h:952 [inlined]
segv_handler at /cache/build/builder-amdci4-4/julialang/julia-release-1-dot-9/src/signals-unix.c:353 [inlined]
segv_handler at /cache/build/builder-amdci4-4/julialang/julia-release-1-dot-9/src/signals-unix.c:340
_L_unlock_13 at /lib64/libpthread.so.0 (unknown line)
jl_gc_state_set at /cache/build/builder-amdci4-4/julialang/julia-release-1-dot-9/src/julia_threads.h:349 [inlined]
maybe_collect at /cache/build/builder-amdci4-4/julialang/julia-release-1-dot-9/src/julia_threads.h:342 [inlined]
jl_gc_pool_alloc_inner at /cache/build/builder-amdci4-4/julialang/julia-release-1-dot-9/src/gc.c:1450 [inlined]
ijl_gc_pool_alloc at /cache/build/builder-amdci4-4/julialang/julia-release-1-dot-9/src/gc.c:1501
unknown function (ip: (nil))
pthread_cond_wait at /lib64/libpthread.so.0 (unknown line)
uv_cond_wait at /workspace/srcdir/libuv/src/unix/thread.c:883
jl_safepoint_wait_gc at /cache/build/builder-amdci4-4/julialang/julia-release-1-dot-9/src/safepoint.c:171
jl_set_gc_and_wait at /cache/build/builder-amdci4-4/julialang/julia-release-1-dot-9/src/julia_internal.h:952 [inlined]
segv_handler at /cache/build/builder-amdci4-4/julialang/julia-release-1-dot-9/src/signals-unix.c:353 [inlined]
segv_handler at /cache/build/builder-amdci4-4/julialang/julia-release-1-dot-9/src/signals-unix.c:340
_L_unlock_13 at /lib64/libpthread.so.0 (unknown line)
jl_gc_state_set at /cache/build/builder-amdci4-4/julialang/julia-release-1-dot-9/src/julia_threads.h:349 [inlined]
maybe_collect at /cache/build/builder-amdci4-4/julialang/julia-release-1-dot-9/src/julia_threads.h:342 [inlined]
jl_gc_pool_alloc_inner at /cache/build/builder-amdci4-4/julialang/julia-release-1-dot-9/src/gc.c:1450 [inlined]
jl_gc_pool_alloc_noinline at /cache/build/builder-amdci4-4/julialang/julia-release-1-dot-9/src/gc.c:1511
unknown function (ip: (nil))
pthread_cond_wait at /lib64/libpthread.so.0 (unknown line)
uv_cond_wait at /workspace/srcdir/libuv/src/unix/thread.c:883
jl_safepoint_wait_gc at /cache/build/builder-amdci4-4/julialang/julia-release-1-dot-9/src/safepoint.c:171
jl_set_gc_and_wait at /cache/build/builder-amdci4-4/julialang/julia-release-1-dot-9/src/julia_internal.h:952 [inlined]
segv_handler at /cache/build/builder-amdci4-4/julialang/julia-release-1-dot-9/src/signals-unix.c:353 [inlined]
segv_handler at /cache/build/builder-amdci4-4/julialang/julia-release-1-dot-9/src/signals-unix.c:340
_L_unlock_13 at /lib64/libpthread.so.0 (unknown line)
jl_gc_state_set at /cache/build/builder-amdci4-4/julialang/julia-release-1-dot-9/src/julia_threads.h:349 [inlined]
maybe_collect at /cache/build/builder-amdci4-4/julialang/julia-release-1-dot-9/src/julia_threads.h:342 [inlined]
jl_gc_pool_alloc_inner at /cache/build/builder-amdci4-4/julialang/julia-release-1-dot-9/src/gc.c:1450 [inlined]
jl_gc_pool_alloc_noinline at /cache/build/builder-amdci4-4/julialang/julia-release-1-dot-9/src/gc.c:1511
unknown function (ip: (nil))
pthread_cond_wait at /lib64/libpthread.so.0 (unknown line)
uv_cond_wait at /workspace/srcdir/libuv/src/unix/thread.c:883
ijl_task_get_next at /cache/build/builder-amdci4-4/julialang/julia-release-1-dot-9/src/partr.c:421
poptask at ./task.jl:974
wait at ./task.jl:983
task_done_hook at ./task.jl:672
jfptr_task_done_hook_27081.clone_1 at /home/tang_wenqi/julia-1.9.4/lib/julia/sys.so (unknown line)
_jl_invoke at /cache/build/builder-amdci4-4/julialang/julia-release-1-dot-9/src/gf.c:2758 [inlined]
ijl_apply_generic at /cache/build/builder-amdci4-4/julialang/julia-release-1-dot-9/src/gf.c:2940
jl_apply at /cache/build/builder-amdci4-4/julialang/julia-release-1-dot-9/src/julia.h:1880 [inlined]
jl_finish_task at /cache/build/builder-amdci4-4/julialang/julia-release-1-dot-9/src/task.c:320
start_task at /cache/build/builder-amdci4-4/julialang/julia-release-1-dot-9/src/task.c:1103
unknown function (ip: (nil))
pthread_cond_wait at /lib64/libpthread.so.0 (unknown line)
uv_cond_wait at /workspace/srcdir/libuv/src/unix/thread.c:883
ijl_task_get_next at /cache/build/builder-amdci4-4/julialang/julia-release-1-dot-9/src/partr.c:421
poptask at ./task.jl:974
wait at ./task.jl:983
task_done_hook at ./task.jl:672
jfptr_task_done_hook_27081.clone_1 at /home/tang_wenqi/julia-1.9.4/lib/julia/sys.so (unknown line)
_jl_invoke at /cache/build/builder-amdci4-4/julialang/julia-release-1-dot-9/src/gf.c:2758 [inlined]
ijl_apply_generic at /cache/build/builder-amdci4-4/julialang/julia-release-1-dot-9/src/gf.c:2940
jl_apply at /cache/build/builder-amdci4-4/julialang/julia-release-1-dot-9/src/julia.h:1880 [inlined]
jl_finish_task at /cache/build/builder-amdci4-4/julialang/julia-release-1-dot-9/src/task.c:320
start_task at /cache/build/builder-amdci4-4/julialang/julia-release-1-dot-9/src/task.c:1103
unknown function (ip: (nil))
pthread_cond_wait at /lib64/libpthread.so.0 (unknown line)
uv_cond_wait at /workspace/srcdir/libuv/src/unix/thread.c:883
jl_safepoint_wait_gc at /cache/build/builder-amdci4-4/julialang/julia-release-1-dot-9/src/safepoint.c:171
jl_set_gc_and_wait at /cache/build/builder-amdci4-4/julialang/julia-release-1-dot-9/src/julia_internal.h:952 [inlined]
segv_handler at /cache/build/builder-amdci4-4/julialang/julia-release-1-dot-9/src/signals-unix.c:353 [inlined]
segv_handler at /cache/build/builder-amdci4-4/julialang/julia-release-1-dot-9/src/signals-unix.c:340
_L_unlock_13 at /lib64/libpthread.so.0 (unknown line)
jl_gc_state_set at /cache/build/builder-amdci4-4/julialang/julia-release-1-dot-9/src/julia_threads.h:349 [inlined]
maybe_collect at /cache/build/builder-amdci4-4/julialang/julia-release-1-dot-9/src/julia_threads.h:342 [inlined]
jl_gc_pool_alloc_inner at /cache/build/builder-amdci4-4/julialang/julia-release-1-dot-9/src/gc.c:1450 [inlined]
ijl_gc_pool_alloc at /cache/build/builder-amdci4-4/julialang/julia-release-1-dot-9/src/gc.c:1501
unknown function (ip: (nil))
pthread_cond_wait at /lib64/libpthread.so.0 (unknown line)
uv_cond_wait at /workspace/srcdir/libuv/src/unix/thread.c:883
jl_safepoint_wait_gc at /cache/build/builder-amdci4-4/julialang/julia-release-1-dot-9/src/safepoint.c:171
jl_set_gc_and_wait at /cache/build/builder-amdci4-4/julialang/julia-release-1-dot-9/src/julia_internal.h:952 [inlined]
segv_handler at /cache/build/builder-amdci4-4/julialang/julia-release-1-dot-9/src/signals-unix.c:353 [inlined]
segv_handler at /cache/build/builder-amdci4-4/julialang/julia-release-1-dot-9/src/signals-unix.c:340
_L_unlock_13 at /lib64/libpthread.so.0 (unknown line)
jl_gc_state_set at /cache/build/builder-amdci4-4/julialang/julia-release-1-dot-9/src/julia_threads.h:349 [inlined]
maybe_collect at /cache/build/builder-amdci4-4/julialang/julia-release-1-dot-9/src/julia_threads.h:342 [inlined]
jl_gc_pool_alloc_inner at /cache/build/builder-amdci4-4/julialang/julia-release-1-dot-9/src/gc.c:1450 [inlined]
ijl_gc_pool_alloc at /cache/build/builder-amdci4-4/julialang/julia-release-1-dot-9/src/gc.c:1501
unknown function (ip: (nil))
pthread_cond_wait at /lib64/libpthread.so.0 (unknown line)
uv_cond_wait at /workspace/srcdir/libuv/src/unix/thread.c:883
jl_safepoint_wait_gc at /cache/build/builder-amdci4-4/julialang/julia-release-1-dot-9/src/safepoint.c:171
jl_set_gc_and_wait at /cache/build/builder-amdci4-4/julialang/julia-release-1-dot-9/src/julia_internal.h:952 [inlined]
segv_handler at /cache/build/builder-amdci4-4/julialang/julia-release-1-dot-9/src/signals-unix.c:353 [inlined]
segv_handler at /cache/build/builder-amdci4-4/julialang/julia-release-1-dot-9/src/signals-unix.c:340
_L_unlock_13 at /lib64/libpthread.so.0 (unknown line)
jl_gc_state_set at /cache/build/builder-amdci4-4/julialang/julia-release-1-dot-9/src/julia_threads.h:349 [inlined]
maybe_collect at /cache/build/builder-amdci4-4/julialang/julia-release-1-dot-9/src/julia_threads.h:342 [inlined]
jl_gc_pool_alloc_inner at /cache/build/builder-amdci4-4/julialang/julia-release-1-dot-9/src/gc.c:1450 [inlined]
ijl_gc_pool_alloc at /cache/build/builder-amdci4-4/julialang/julia-release-1-dot-9/src/gc.c:1501
unknown function (ip: (nil))
pthread_cond_wait at /lib64/libpthread.so.0 (unknown line)
uv_cond_wait at /workspace/srcdir/libuv/src/unix/thread.c:883
jl_safepoint_wait_gc at /cache/build/builder-amdci4-4/julialang/julia-release-1-dot-9/src/safepoint.c:171
jl_set_gc_and_wait at /cache/build/builder-amdci4-4/julialang/julia-release-1-dot-9/src/julia_internal.h:952 [inlined]
segv_handler at /cache/build/builder-amdci4-4/julialang/julia-release-1-dot-9/src/signals-unix.c:353 [inlined]
segv_handler at /cache/build/builder-amdci4-4/julialang/julia-release-1-dot-9/src/signals-unix.c:340
_L_unlock_13 at /lib64/libpthread.so.0 (unknown line)
jl_gc_state_set at /cache/build/builder-amdci4-4/julialang/julia-release-1-dot-9/src/julia_threads.h:349 [inlined]
maybe_collect at /cache/build/builder-amdci4-4/julialang/julia-release-1-dot-9/src/julia_threads.h:342 [inlined]
jl_gc_pool_alloc_inner at /cache/build/builder-amdci4-4/julialang/julia-release-1-dot-9/src/gc.c:1450 [inlined]
jl_gc_pool_alloc_noinline at /cache/build/builder-amdci4-4/julialang/julia-release-1-dot-9/src/gc.c:1511
unknown function (ip: (nil))
madvise at /lib64/libc.so.6 (unknown line)
jl_gc_free_page at /cache/build/builder-amdci4-4/julialang/julia-release-1-dot-9/src/gc-pages.c:317
sweep_page at /cache/build/builder-amdci4-4/julialang/julia-release-1-dot-9/src/gc.c:1554 [inlined]
sweep_pool_page at /cache/build/builder-amdci4-4/julialang/julia-release-1-dot-9/src/gc.c:1653 [inlined]
sweep_pool_pagetable0 at /cache/build/builder-amdci4-4/julialang/julia-release-1-dot-9/src/gc.c:1673 [inlined]
sweep_pool_pagetable1 at /cache/build/builder-amdci4-4/julialang/julia-release-1-dot-9/src/gc.c:1693 [inlined]
sweep_pool_pagetable at /cache/build/builder-amdci4-4/julialang/julia-release-1-dot-9/src/gc.c:1723 [inlined]
gc_sweep_pool at /cache/build/builder-amdci4-4/julialang/julia-release-1-dot-9/src/gc.c:1804
_jl_gc_collect at /cache/build/builder-amdci4-4/julialang/julia-release-1-dot-9/src/gc.c:3547
ijl_gc_collect at /cache/build/builder-amdci4-4/julialang/julia-release-1-dot-9/src/gc.c:3713
maybe_collect at /cache/build/builder-amdci4-4/julialang/julia-release-1-dot-9/src/gc.c:1083 [inlined]
jl_gc_pool_alloc_inner at /cache/build/builder-amdci4-4/julialang/julia-release-1-dot-9/src/gc.c:1450 [inlined]
ijl_gc_pool_alloc at /cache/build/builder-amdci4-4/julialang/julia-release-1-dot-9/src/gc.c:1501
jfptr_SUB._3790 at /home/tang_wenqi/.julia/compiled/v1.9/Polynomials/OaK78_KYnWO.so (unknown line)
_jl_invoke at /cache/build/builder-amdci4-4/julialang/julia-release-1-dot-9/src/gf.c:2758 [inlined]
ijl_apply_generic at /cache/build/builder-amdci4-4/julialang/julia-release-1-dot-9/src/gf.c:2940
macro expansion at /home/tang_wenqi/JuliaProp_github/JuliaProp/samples/2026_7_14_final_version_SFA.jl:654 [inlined]
#2690#threadsfor_fun#1590 at ./threadingconstructs.jl:206
#2690#threadsfor_fun at ./threadingconstructs.jl:173 [inlined]
#1 at ./threadingconstructs.jl:145
unknown function (ip: 0x7efbff9559cf)
_jl_invoke at /cache/build/builder-amdci4-4/julialang/julia-release-1-dot-9/src/gf.c:2758 [inlined]
ijl_apply_generic at /cache/build/builder-amdci4-4/julialang/julia-release-1-dot-9/src/gf.c:2940
jl_apply at /cache/build/builder-amdci4-4/julialang/julia-release-1-dot-9/src/julia.h:1880 [inlined]
start_task at /cache/build/builder-amdci4-4/julialang/julia-release-1-dot-9/src/task.c:1092
unknown function (ip: (nil))
Allocations: 4628438567557 (Pool: 4628438518802; Big: 48755); GC: 6043
